date,buy_filings,sell_filings,buy_dollar,sell_dollar,buy_sell_ratio_count,buy_sell_ratio_dollar
2006-01-03,94,153,458324419.1,5238626225.0,0.614379085,0.087489429
2006-01-04,140,280,33567602.07,227461363.4,0.5,0.147574962
2006-01-05,47,395,7008908.062,928247616.5,0.118987342,0.007550688
2006-01-06,58,216,5140352.217,312924088.9,0.268518519,0.016426834
2006-01-09,60,187,202502000000.0,231699975.5,0.320855615,873.9840028
2006-01-10,48,228,4143894.313,172356720.3,0.210526316,0.024042546
2006-01-11,72,249,3175042.389,351291878.2,0.289156627,0.009038189
2006-01-12,68,162,10686618.08,140030456.9,0.419753086,0.076316384
2006-01-13,86,155,563505000000.0,119477676.5,0.55483871,4716.399984
2006-01-17,68,160,9085529.002,99839113.07,0.425,0.0910017
2006-01-18,57,125,3059379.085,329545868.0,0.456,0.009283621
2006-01-19,62,145,42685220.89,137914692.0,0.427586207,0.309504522
2006-01-20,56,141,1834950000000.0,7546947372.0,0.397163121,243.138539
2006-01-23,65,155,5280411229.0,194779503.1,0.419354839,27.10968631
2006-01-24,52,135,102775786.6,333832444.4,0.385185185,0.307866381
2006-01-25,63,178,6200572.759,144469921.5,0.353932584,0.042919472
2006-01-26,52,207,4398210.87,2439371610.0,0.251207729,0.00180301
2006-01-27,90,214,4391928138.0,11864831027.0,0.420560748,0.370163564
2006-01-30,75,269,6260153.292,311916590.5,0.278810409,0.020069959
2006-01-31,93,273,11237832.97,43051998136.0,0.340659341,0.000261029
2006-02-01,66,340,4769955.887,4573178490.0,0.194117647,0.001043029
2006-02-02,108,375,102200713.6,703607179.4,0.288,0.145252517
2006-02-03,95,405,2752443208.0,19378711268.0,0.234567901,0.142034378
2006-02-06,72,246,5728595.326,332146894.0,0.292682927,0.017247174
2006-02-07,84,278,6944415.729,391007502.7,0.302158273,0.017760313
2006-02-08,84,243,6273343.615,316352591.9,0.345679012,0.019830227
2006-02-09,75,225,199611000000.0,1397906695.0,0.333333333,142.7924542
2006-02-10,96,271,1364743933.0,21486800000000.0,0.354243542,6.35e-05
2006-02-13,87,242,8167845.495,267809782.0,0.359504132,0.030498682
2006-02-14,195,285,1293120000000.0,1015331864.0,0.684210526,1273.591303
2006-02-15,115,333,48549207.1,746434760.8,0.345345345,0.065041461
2006-02-16,90,341,1014390000000.0,1413459232.0,0.263929619,717.6672872
2006-02-17,95,385,142885465.3,2448458241.0,0.246753247,0.058357322
2006-02-21,97,336,7495731.624,372777460.0,0.288690476,0.020107792
2006-02-22,71,327,8496048.18,223515479.5,0.217125382,0.038011006
2006-02-23,86,381,3773219888.0,695130474.5,0.225721785,5.428074334
2006-02-24,73,352,11641945.84,365638902.0,0.207386364,0.031840009
2006-02-27,95,299,2815499587.0,1417623283.0,0.317725753,1.986070362
2006-02-28,97,339,11428199.02,376522099.6,0.286135693,0.030352001
2006-03-01,95,427,9015583.724,429662595.7,0.222482436,0.020982938
2006-03-02,106,481,72380171.18,308272000000.0,0.22037422,0.000234793
2006-03-03,113,478,2973862970.0,1304192675.0,0.236401674,2.280232842
2006-03-06,85,280,14315014.57,220504357.8,0.303571429,0.064919418
2006-03-07,71,308,151646534.5,567903000000.0,0.230519481,0.000267029
2006-03-08,74,309,816913528.7,321471741.3,0.239482201,2.541167461
2006-03-09,77,254,58712202.97,292537381.1,0.303149606,0.200699831
2006-03-10,107,243,32132260041.0,997041498.5,0.440329218,32.22760546
2006-03-13,69,260,6382921.6,168295843.8,0.265384615,0.037926793
2006-03-14,91,236,1017390000000.0,995451969.2,0.38559322,1022.036208
2006-03-15,63,370,3275420.284,366086606.1,0.17027027,0.008947119
2006-03-16,83,326,22484206.99,3212083223.0,0.254601227,0.006999883
2006-03-17,90,336,2206908035.0,4194719101.0,0.267857143,0.526115809
2006-03-20,61,255,43042459.24,111484000000.0,0.239215686,0.000386086
2006-03-21,68,251,7191094.195,214846128.6,0.270916335,0.033470904
2006-03-22,81,230,485300000000.0,262080298.6,0.352173913,1851.723991
2006-03-23,50,210,105757000000.0,1634807273.0,0.238095238,64.6909488
2006-03-24,78,178,11473096953.0,1856735962.0,0.438202247,6.179175278
2006-03-27,63,180,4687762.463,290562939.9,0.35,0.01613338
2006-03-28,77,175,34760204.51,29423460883.0,0.44,0.001181377
2006-03-29,46,187,3391677.82,168027642.9,0.245989305,0.020185237
2006-03-30,42,236,2402027.84,252887196.3,0.177966102,0.009498416
2006-03-31,82,210,297533000000.0,142493182.8,0.39047619,2088.049746
2006-04-03,42,205,152916702.3,1817579074.0,0.204878049,0.084132077
2006-04-04,103,333,32588178.04,180235700.2,0.309309309,0.180808674
2006-04-05,71,406,718241560.1,931669444.8,0.174876847,0.770918875
2006-04-06,71,218,7540142.749,398467359.1,0.325688073,0.018922862
2006-04-07,31,199,1390796.254,197410544.3,0.155778894,0.007045197
2006-04-10,49,168,70988785.56,96330091.79,0.291666667,0.736932606
2006-04-11,43,147,118213000000000.0,148993023.5,0.292517007,793409.6405
2006-04-12,60,199,4641598.061,873808296.5,0.301507538,0.005311918
2006-04-13,43,160,11791262.61,278343049.8,0.26875,0.042362339
2006-04-14,39,87,7572302417.0,2713274313.0,0.448275862,2.790835553
2006-04-17,70,106,2501944.192,64810369.9,0.660377358,0.038604072
2006-04-18,49,133,12527014.62,398709379.5,0.368421053,0.031418911
2006-04-19,61,179,34509580.9,223415118.9,0.340782123,0.154463946
2006-04-20,55,218,9921787.446,284843093.8,0.252293578,0.034832466
2006-04-21,61,201,396301000000.0,920498746.8,0.303482587,430.52855
2006-04-24,37,148,3697827.698,2065556308.0,0.25,0.001790233
2006-04-25,52,200,8608702.04,203755875.3,0.26,0.04225008
2006-04-26,53,214,7482782.765,209339509.3,0.247663551,0.035744723
2006-04-27,56,193,5964018.622,180080900.2,0.29015544,0.033118552
2006-04-28,65,174,20739400000000.0,3747395676.0,0.373563218,5534.344425
2006-05-01,99,289,8118253.139,407204465.0,0.342560554,0.019936552
2006-05-02,154,439,12319084.64,494147268.0,0.350797267,0.024929986
2006-05-03,85,498,2506969129.0,781864234.8,0.170682731,3.206399548
2006-05-04,106,344,32337992.1,6317747519.0,0.308139535,0.005118595
2006-05-05,105,336,29014652.6,2544656924.0,0.3125,0.011402186
2006-05-08,91,377,13072457.93,1120440000000.0,0.24137931,1.17e-05
2006-05-09,80,377,475012000000.0,298655559.5,0.212201592,1590.50181
2006-05-10,82,384,16355105.05,369452658.9,0.213541667,0.044268473
2006-05-11,89,335,4200298978.0,281549294.4,0.265671642,14.9185207
2006-05-12,101,318,146770000000.0,5572889119.0,0.317610063,26.33639671
2006-05-15,132,273,27951645.11,339715434.6,0.483516484,0.082279585
2006-05-16,146,271,18956967.42,188410909.4,0.538745387,0.10061502
2006-05-17,145,272,374327744.9,439474645.8,0.533088235,0.851761867
2006-05-18,166,275,32627526.91,328474120.3,0.603636364,0.099330586
2006-05-19,165,212,5387191161.0,2221264065.0,0.778301887,2.425281733
2006-05-22,141,166,72995724.69,116870244.5,0.84939759,0.624587764
2006-05-23,121,205,274744701.5,171228264.2,0.590243902,1.604552279
2006-05-24,129,199,40237977.31,195289374.5,0.648241206,0.20604284
2006-05-25,108,217,23535532.58,158380902.1,0.497695853,0.148600824
2006-05-26,139,197,86476963.77,116095829.3,0.705583756,0.744875714
2006-05-30,117,206,3042650000000.0,14000200000000.0,0.567961165,0.217328689
2006-05-31,106,193,9078896447.0,107768387.4,0.549222798,84.24452349
2006-06-01,105,283,40007277445.0,451062746.3,0.371024735,88.6955923
2006-06-02,111,329,1810380000000.0,3378116368.0,0.337386018,535.9152699
2006-06-05,110,364,266046828.0,690548532.6,0.302197802,0.385268834
2006-06-06,67,185,2583563.88,121088528.3,0.362162162,0.021336157
2006-06-07,64,181,2210368709.0,324987688.1,0.35359116,6.801392145
2006-06-08,79,209,513634615.7,417480089.2,0.377990431,1.230321227
2006-06-09,94,164,20704207.7,3209262507.0,0.573170732,0.006451391
2006-06-12,99,135,61256236.75,70188329.42,0.733333333,0.872741056
2006-06-13,121,152,40007922.76,139700877.9,0.796052632,0.286382758
2006-06-14,104,134,21801812.79,35713547.15,0.776119403,0.610463382
2006-06-15,98,168,42568555.4,390421243.8,0.583333333,0.109032375
2006-06-16,100,154,15726538.16,110621564.6,0.649350649,0.142165212
2006-06-19,87,141,22509310203.0,86914580.67,0.617021277,258.9819801
2006-06-20,87,129,8572572.681,77419408.53,0.674418605,0.110728987
2006-06-21,56,99,6192414.351,7187763109.0,0.565656566,0.000861522
2006-06-22,80,118,12380657.08,108190976.8,0.677966102,0.114433361
2006-06-23,64,104,8880192.105,113478091.3,0.615384615,0.078254683
2006-06-26,63,89,77550089.65,52504001.97,0.707865169,1.477031974
2006-06-27,56,118,2406987.777,394059500.2,0.474576271,0.006108184
2006-06-28,63,125,23593045.02,66540131.03,0.504,0.354568659
2006-06-29,69,113,29676796030.0,71939876.94,0.610619469,412.5221962
2006-06-30,64,195,75705430960.0,7604510000000.0,0.328205128,0.009955329
2006-07-03,44,76,3461547.708,97270561.01,0.578947368,0.035586797
2006-07-05,100,228,58176548.73,109951654.6,0.438596491,0.529110262
2006-07-06,87,277,17222372.29,161437602.9,0.314079422,0.106681294
2006-07-07,73,158,328314017.8,153642798.3,0.462025316,2.136865649
2006-07-10,77,116,4200935.797,73387462.24,0.663793103,0.057243236
2006-07-11,48,103,5150294782.0,54167616.3,0.466019417,95.08069827
2006-07-12,72,107,4556616.783,52918203.58,0.672897196,0.086106793
2006-07-13,74,89,6677996.641,67000276.39,0.831460674,0.09967118
2006-07-14,42,83,9575450.993,20512163.5,0.506024096,0.466818188
2006-07-17,50,57,234222688.6,24941493.82,0.877192982,9.390884534
2006-07-18,41,80,4588444.784,35075728.1,0.5125,0.130815382
2006-07-19,41,97,2052650.181,24495571.46,0.422680412,0.083796787
2006-07-20,64,91,53281663.52,61064683.59,0.703296703,0.872544659
2006-07-21,39,106,5216366814.0,1798699876.0,0.367924528,2.900076263
2006-07-24,49,95,119324010.1,60045017.13,0.515789474,1.987242503
2006-07-25,57,113,10624143.77,60817072.27,0.504424779,0.174690155
2006-07-26,72,129,76181296.75,205688165.4,0.558139535,0.370372776
2006-07-27,98,163,708731724.3,209095734.5,0.601226994,3.389508285
2006-07-28,118,120,36714815.04,102806600.2,0.983333333,0.357125077
2006-07-31,104,162,1555925222.0,136055422.8,0.641975309,11.43596624
2006-08-01,143,220,119942944.9,204132937.6,0.65,0.587572718
2006-08-02,107,292,235861696.5,291101117.1,0.366438356,0.810239751
2006-08-03,108,331,1455739067.0,296540106.5,0.326283988,4.909079867
2006-08-04,79,259,23734830.22,2440671343.0,0.305019305,0.009724714
2006-08-07,70,206,22313478.87,202768939.5,0.339805825,0.11004387
2006-08-08,106,263,552926334.8,1560791470.0,0.403041825,0.354260223
2006-08-09,112,217,155652620.0,261137432.6,0.516129032,0.596056331
2006-08-10,131,225,26591597.16,171620120.6,0.582222222,0.15494452
2006-08-11,116,199,640554324.0,149906001.2,0.582914573,4.273039899
2006-08-14,130,233,10866258909.0,316789650.5,0.557939914,34.30118027
2006-08-15,130,214,16982582.1,125708254.5,0.607476636,0.135095202
2006-08-16,106,292,176812389.0,250634548.6,0.363013699,0.705458964
2006-08-17,94,311,20903818.94,711496406.9,0.302250804,0.029380077
2006-08-18,97,267,10058192.54,216347027.9,0.36329588,0.046491013
2006-08-21,106,242,13754574.04,469896199.2,0.438016529,0.029271516
2006-08-22,96,209,11640562.67,138930628.3,0.459330144,0.083786871
2006-08-23,94,211,1519124611.0,100546751.7,0.44549763,15.10863937
2006-08-24,110,159,5434644.015,4166790402.0,0.691823899,0.001304276
2006-08-25,82,137,27221692.76,68132659.15,0.598540146,0.399539561
2006-08-28,87,169,7038012.56,98120325.95,0.514792899,0.071728385
2006-08-29,105,185,28385604.73,108947280.7,0.567567568,0.260544408
2006-08-30,103,208,3793771.512,148841944.7,0.495192308,0.025488591
2006-08-31,99,267,10748381.27,283648949.0,0.370786517,0.037893253
2006-09-01,83,238,244496886.8,208689739.6,0.348739496,1.171580775
2006-09-05,78,297,87319932.4,160240809.8,0.262626263,0.544929425
2006-09-06,68,277,1966054.708,141630494.3,0.245487365,0.013881578
2006-09-07,74,244,7070157.953,161173917.0,0.303278689,0.043866639
2006-09-08,95,174,317249000000.0,112965067.7,0.545977011,2808.378642
2006-09-11,66,151,7532440.217,122664758.7,0.437086093,0.061406718
2006-09-12,97,195,19256444.22,215812619.0,0.497435897,0.08922761
2006-09-13,74,210,24576149.34,233580935.2,0.352380952,0.105214706
2006-09-14,61,279,4625656.87,1078704730.0,0.218637993,0.004288159
2006-09-15,80,233,352691000000.0,161224358.6,0.343347639,2187.578168
2006-09-18,57,182,186785839.8,182688697.2,0.313186813,1.022426908
2006-09-19,75,181,2454271813.0,46022827699.0,0.414364641,0.053327271
2006-09-20,39,130,700457059.2,86933163.29,0.3,8.057420582
2006-09-21,42,128,1679330.865,68399101.31,0.328125,0.024551943
2006-09-22,47,115,8420983.428,106428123.7,0.408695652,0.079123667
2006-09-25,59,105,7513706.913,97457892.23,0.561904762,0.077096957
2006-09-26,55,121,317091000000.0,91945668.82,0.454545455,3448.682006
2006-09-27,55,127,5043942.69,59535614.53,0.433070866,0.084721435
2006-09-28,40,124,285669528.6,85116858.45,0.322580645,3.356203857
2006-09-29,56,169,10599002.78,118326338.9,0.331360947,0.089574332
2006-10-02,57,114,8731452.58,67286618.56,0.5,0.129765067
2006-10-03,111,234,29836870.5,142410687.2,0.474358974,0.209512861
2006-10-04,73,245,12250000000000.0,99469149.37,0.297959184,123153.8846
2006-10-05,70,135,36498618.04,80732547.21,0.518518519,0.452092982
2006-10-06,65,130,1237235192.0,68616242.1,0.5,18.03122926
2006-10-10,82,213,1000000000000.0,901274821.5,0.384976526,1109.543241
2006-10-11,67,136,9013976.398,328354981.1,0.492647059,0.027451925
2006-10-12,32,159,510816098.8,592850601.5,0.201257862,0.861627023
2006-10-13,51,85,511528885.9,51185931.72,0.6,9.993544489
2006-10-16,30,144,524701.4785,82029795.9,0.208333333,0.006396474
2006-10-17,68,190,1560274601.0,546577332.0,0.357894737,2.85462735
2006-10-18,34,163,3737870.308,112674421.6,0.208588957,0.03317408
2006-10-19,65,109,6674946.028,93110814.52,0.596330275,0.071688193
2006-10-20,51,105,242850018.2,374301135.1,0.485714286,0.648809195
2006-10-23,38,100,77610383.18,91692689.16,0.38,0.846418443
2006-10-24,46,141,40776504.5,239576384.3,0.326241135,0.170202521
2006-10-25,71,160,20644239.77,393338346.6,0.44375,0.052484686
2006-10-26,33,191,9704666.65,208087321.4,0.172774869,0.046637472
2006-10-27,63,203,322471711.0,249462904.4,0.310344828,1.29266398
2006-10-30,69,237,5881598.024,1670899521.0,0.291139241,0.003520019
2006-10-31,55,241,51408822.7,328594552.9,0.228215768,0.156450624
2006-11-01,92,276,13771759.54,342002894.1,0.333333333,0.040267962
2006-11-02,81,324,16331181.73,265128028.3,0.25,0.061597342
2006-11-03,56,334,3456581.373,525024170.9,0.167664671,0.006583661
2006-11-06,83,238,11932644.64,272809913.2,0.348739496,0.043739777
2006-11-07,68,241,7570472.708,290360301.6,0.282157676,0.026072685
2006-11-08,70,356,4186849.77,540146056.2,0.196629213,0.007751329
2006-11-09,86,369,301814542.6,642886082.6,0.233062331,0.469468154
2006-11-13,146,532,13047068.55,1502190000000.0,0.27443609,8.69e-06
2006-11-14,112,366,906504157.9,652564528.6,0.306010929,1.389141025
2006-11-15,75,411,10106731631.0,697424637.9,0.182481752,14.49150357
2006-11-16,84,478,339010000000.0,1734805563.0,0.175732218,195.4165365
2006-11-17,89,422,236562000000.0,912503753.3,0.210900474,259.2444921
2006-11-20,93,279,24032871.38,499470875.4,0.333333333,0.048116662
2006-11-21,100,364,107670958.7,325457357.6,0.274725275,0.330829696
2006-11-22,122,455,479779812.4,1036981008.0,0.268131868,0.462669816
2006-11-24,21,74,3323204.54,151137166.5,0.283783784,0.021988003
2006-11-27,84,329,12898870.67,291845107.7,0.255319149,0.044197659
2006-11-28,76,201,165495000000.0,119148976.0,0.378109453,1388.974601
2006-11-29,85,283,5663613.522,461945633.6,0.300353357,0.012260346
2006-11-30,90,306,7161744.569,271613296.4,0.294117647,0.02636743
2006-12-01,79,333,56089377722.0,314938715.6,0.237237237,178.0961658
2006-12-04,101,340,2516920000000.0,425466194.4,0.297058824,5915.665575
2006-12-05,61,374,17381570.72,574805576.3,0.163101604,0.030239043
2006-12-06,67,326,2475000000000.0,274040554.0,0.205521472,9031.524574
2006-12-07,67,282,18914886794.0,657587000000.0,0.237588652,0.028764062
2006-12-08,66,230,4636663.66,191165826.6,0.286956522,0.024254668
2006-12-11,79,208,21682944.13,175890272.4,0.379807692,0.123275403
2006-12-12,72,247,14670158.59,189030798.0,0.291497976,0.07760724
2006-12-13,69,299,29712066.81,241380903.7,0.230769231,0.123092036
2006-12-14,71,284,2276757272.0,633596536.6,0.25,3.593386548
2006-12-15,69,279,4034628.343,8644658172.0,0.247311828,0.000466719
2006-12-18,95,295,1729939851.0,1510384266.0,0.322033898,1.145364058
2006-12-19,103,227,6090448.737,21248729250.0,0.453744493,0.000286626
2006-12-20,63,197,70114440.91,148398673.9,0.319796954,0.4724735
2006-12-21,85,155,5248172.691,512368156.2,0.548387097,0.010242972
2006-12-22,75,178,8044249967.0,2716380000000.0,0.421348315,0.00296139
2006-12-26,34,66,39378209721.0,103074767.9,0.515151515,382.0353956
2006-12-27,67,163,10733297.59,150503738.2,0.411042945,0.071315821
2006-12-28,47,156,3064495.15,136777362.6,0.301282051,0.022404988
2006-12-29,94,112,8492507.308,196234000000.0,0.839285714,4.33e-05
2007-01-03,125,229,2019364180.0,122688233.5,0.545851528,16.45931416
2007-01-04,75,308,58110512.43,130172000000.0,0.243506494,0.000446413
2007-01-05,90,395,21154243.31,308001752.6,0.227848101,0.068682217
2007-01-08,73,117,18261028.78,79852692.15,0.623931624,0.228683947
2007-01-09,61,163,1984895.365,151603674.3,0.374233129,0.01309266
2007-01-10,50,175,16983808.09,165405129.0,0.285714286,0.102680057
2007-01-11,56,163,84439700.76,159407483.7,0.343558282,0.529709765
2007-01-12,45,152,8451611.436,137206813.5,0.296052632,0.061597607
2007-01-16,53,188,1582973.473,182885121.2,0.281914894,0.008655562
2007-01-17,74,192,6042985.363,175755874.6,0.385416667,0.034382836
2007-01-18,69,196,5431194.267,263494288.4,0.352040816,0.02061219
2007-01-19,54,127,4465710.384,392968000000.0,0.42519685,1.14e-05
2007-01-22,39,117,2794772.977,62787629.07,0.333333333,0.044511523
2007-01-23,44,118,23618336.33,112694288.2,0.372881356,0.209578824
2007-01-24,71,133,10879577.0,84009873.15,0.533834586,0.129503552
2007-01-25,57,133,10443534.28,173644918.7,0.428571429,0.060143046
2007-01-26,76,167,9734326.086,135381065.0,0.45508982,0.071903158
2007-01-29,55,169,6449372.134,146690829.9,0.325443787,0.043965749
2007-01-30,79,164,227112954.6,118411848.2,0.481707317,1.917991807
2007-01-31,96,235,5462677.168,221999078.1,0.408510638,0.024606756
2007-02-01,77,242,38600514.7,265623037.5,0.318181818,0.145320658
2007-02-02,91,357,4976764.55,611477983.5,0.254901961,0.00813891
2007-02-05,62,381,20259123.39,404473710.8,0.162729659,0.050087615
2007-02-06,81,296,306212000000.0,482792141.3,0.273648649,634.2531275
2007-02-07,78,309,358940000000.0,350984434.9,0.252427184,1022.666501
2007-02-08,76,331,5845605.485,600819262.7,0.229607251,0.009729391
2007-02-09,74,297,15694621.5,584379963.8,0.249158249,0.026856878
2007-02-12,101,255,9712483.121,230548024.3,0.396078431,0.042127809
2007-02-13,121,312,16511589.55,305428451.9,0.387820513,0.054060417
2007-02-14,130,354,298417000000.0,1353399032.0,0.367231638,220.4946312
2007-02-15,94,316,4461580000000.0,1931020838.0,0.297468354,2310.47827
2007-02-16,61,369,43943698.19,515312550.6,0.165311653,0.085275816
2007-02-20,97,348,71319535.77,425982018.7,0.278735632,0.167423818
2007-02-21,95,317,8027477.4,322584149.3,0.299684543,0.02488491
2007-02-22,76,412,3190264.143,8951640000000.0,0.184466019,3.56e-07
2007-02-23,69,351,31211925.08,1786032783.0,0.196581197,0.017475561
2007-02-26,81,329,1764406191.0,655132800.9,0.246200608,2.693203864
2007-02-27,86,328,7688020.292,281124055.6,0.262195122,0.02734743
2007-02-28,120,323,29762613060.0,13406538273.0,0.371517028,2.220007317
2007-03-01,137,309,24646169.0,13152229933.0,0.443365696,0.001873916
2007-03-02,124,297,537280250.6,9884172194.0,0.417508418,0.054357638
2007-03-05,149,393,18578876.01,173987118.0,0.37913486,0.106783055
2007-03-06,118,183,323248219.0,348411397.8,0.644808743,0.927777395
2007-03-07,118,227,18485286.29,190277986.5,0.519823789,0.097148843
2007-03-08,78,263,6960913.394,541584500.6,0.296577947,0.012852867
2007-03-09,73,238,15797256.72,150056950.2,0.306722689,0.105275075
2007-03-12,71,232,9640920.898,215693225.8,0.306034483,0.044697375
2007-03-13,89,217,7191596.572,135817627.8,0.410138249,0.052950392
2007-03-14,114,208,15942922.81,316083010.3,0.548076923,0.050439037
2007-03-15,105,253,7412001.782,1126101006.0,0.415019763,0.006582004
2007-03-16,96,254,16586089.76,258599074.7,0.377952756,0.064138241
2007-03-19,110,246,11504574.29,196754612.2,0.447154472,0.058471688
2007-03-20,69,194,58847111.22,182642238.8,0.355670103,0.322198806
2007-03-21,69,217,10440593.79,970178948.1,0.31797235,0.010761513
2007-03-22,57,225,15176456.62,135691187.9,0.253333333,0.111845558
2007-03-23,50,217,40905747.8,471684292.8,0.230414747,0.086722726
2007-03-26,64,206,19318119.34,147239620.8,0.310679612,0.131201909
2007-03-27,40,193,3780054.934,336782778.9,0.207253886,0.011224015
2007-03-28,48,159,19676669.16,110065757.8,0.301886792,0.178771941
2007-03-29,47,164,4994022.24,98961245.33,0.286585366,0.050464424
2007-03-30,90,163,8251304.189,95588289.4,0.552147239,0.086321287
2007-04-02,103,155,12087105.11,68389674.09,0.664516129,0.176738744
2007-04-03,82,287,13887939.61,7000270000000.0,0.285714286,1.98e-06
2007-04-04,87,306,3623166.501,775728345.1,0.284313725,0.004670664
2007-04-05,51,222,5916399.593,391686684.7,0.22972973,0.015104929
2007-04-06,25,80,151514299.0,89650495.4,0.3125,1.690055346
2007-04-09,47,91,12504562975.0,48298445.66,0.516483516,258.9019751
2007-04-10,50,105,13018260.97,335364000000.0,0.476190476,3.88e-05
2007-04-11,44,185,1720602.19,362750916.8,0.237837838,0.004743206
2007-04-12,41,151,1980602.763,164686157.6,0.271523179,0.012026528
2007-04-13,51,126,45173741.21,60281640.14,0.404761905,0.749378104
2007-04-16,46,136,1916394.776,50894068.23,0.338235294,0.03765458
2007-04-17,50,192,131255850.1,231055593.9,0.260416667,0.568070428
2007-04-18,54,225,10625717.86,156180281.8,0.24,0.068034951
2007-04-19,41,115,3174807.9,85654253.39,0.356521739,0.037065385
2007-04-20,44,130,2715587.174,106426386.3,0.338461538,0.025516108
2007-04-23,54,127,16515527.29,452460899.5,0.42519685,0.036501557
2007-04-24,76,200,110066536.9,8490805095.0,0.38,0.012963027
2007-04-25,50,198,7206024.498,277344735.7,0.252525253,0.025982193
2007-04-26,57,191,15834843.7,359152795.2,0.298429319,0.044089435
2007-04-27,82,221,5718320.353,477210650.7,0.371040724,0.011982801
2007-04-30,93,201,13157777.64,1212314644.0,0.462686567,0.010853435
2007-05-01,99,310,80018817610.0,365104811.8,0.319354839,219.1667023
2007-05-02,111,474,10683183.51,1169760072.0,0.234177215,0.009132799
2007-05-03,110,462,7400402.715,1474117442.0,0.238095238,0.005020226
2007-05-04,100,370,45832853.42,658553885.0,0.27027027,0.069596208
2007-05-07,84,309,8146422.308,362948416.9,0.27184466,0.022445124
2007-05-08,89,342,8477991.81,20693655863.0,0.260233918,0.00040969
2007-05-09,100,302,135026804.2,2831558261.0,0.331125828,0.047686394
2007-05-10,101,314,3492110000000.0,5234223334.0,0.321656051,667.1686601
2007-05-11,91,278,12563482.54,354699843.0,0.327338129,0.03542004
2007-05-14,92,299,14378488.73,262200123.4,0.307692308,0.054837841
2007-05-15,106,322,122012000000.0,14452779663.0,0.329192547,8.442133276
2007-05-16,105,350,13566375.16,81769580354.0,0.3,0.00016591
2007-05-17,134,296,9135340.115,571920242.7,0.452702703,0.015973102
2007-05-18,108,297,8515869.047,12275519980.0,0.363636364,0.000693728
2007-05-21,139,278,99703633.03,621707797.4,0.5,0.160370569
2007-05-22,116,297,23081049.23,285874133.8,0.390572391,0.080738502
2007-05-23,73,346,38648802.95,460270047.0,0.210982659,0.083969842
2007-05-24,109,331,95835546.07,666823943.2,0.329305136,0.143719414
2007-05-25,114,292,11408877.1,218290223.8,0.390410959,0.052264718
2007-05-29,94,300,8876898.256,1627114167.0,0.313333333,0.005455609
2007-05-30,96,294,62764715.84,542736692.7,0.326530612,0.115644873
2007-05-31,104,358,33327361.86,498113420.6,0.290502793,0.066907175
2007-06-01,87,364,37135302.61,331965957.8,0.239010989,0.111864791
2007-06-04,68,441,6422958.884,1138479632.0,0.154195011,0.005641699
2007-06-05,77,393,10847926.44,265178142.0,0.195928753,0.040908072
2007-06-06,82,285,6232634.306,230867350.3,0.287719298,0.026996603
2007-06-07,70,204,1911296.3,157396130.1,0.343137255,0.012143223
2007-06-08,91,198,35648869.94,202529371.0,0.45959596,0.176018272
2007-06-11,66,151,12406562.75,145733613.9,0.437086093,0.085131785
2007-06-12,80,191,52949702.38,2500230000000.0,0.418848168,2.12e-05
2007-06-13,51,185,8622579.876,400471000000.0,0.275675676,2.15e-05
2007-06-14,54,192,25002877647.0,157687260.8,0.28125,158.5599085
2007-06-15,77,286,4684036.851,334347430.8,0.269230769,0.01400949
2007-06-18,85,294,97638414.96,216272222.7,0.289115646,0.451460727
2007-06-19,67,251,6744194.936,359612989.2,0.266932271,0.018754036
2007-06-20,68,215,1556706.481,470802257.1,0.31627907,0.003306497
2007-06-21,68,195,25440816.45,792504104.6,0.348717949,0.03210181
2007-06-22,60,165,9274525.06,193031197.7,0.363636364,0.048046767
2007-06-25,63,141,34139818.8,77453126.93,0.446808511,0.440780381
2007-06-26,54,147,29752907.55,769378737.4,0.367346939,0.038671341
2007-06-27,56,129,8215771.695,78986527.12,0.434108527,0.104014849
2007-06-28,59,184,12739892286.0,106857522.8,0.320652174,119.223167
2007-06-29,66,138,4076662.62,114612588.4,0.47826087,0.035569065
2007-07-02,89,173,20011198597.0,104378566.5,0.514450867,191.7175074
2007-07-03,94,343,18652527.45,254838356.8,0.274052478,0.073193564
2007-07-05,66,228,96920169.18,106117854.5,0.289473684,0.913325752
2007-07-06,25,115,2576363.239,1203290514.0,0.217391304,0.002141098
2007-07-09,55,141,8616604.788,496351029.4,0.390070922,0.017359901
2007-07-10,61,135,7184340.609,66313524.61,0.451851852,0.108338995
2007-07-11,45,181,5030210000000.0,152514437.3,0.248618785,32981.84917
2007-07-12,57,140,2490292.961,108987015.2,0.407142857,0.022849446
2007-07-13,37,124,214448867.5,88463124.05,0.298387097,2.424161139
2007-07-16,61,149,17407598.81,264184881.7,0.409395973,0.06589173
2007-07-17,64,139,7741502.218,80698581.91,0.460431655,0.095931081
2007-07-18,38,159,40007173521.0,101145113.1,0.238993711,395.5423281
2007-07-19,49,93,1333140000000.0,72945938.05,0.52688172,18275.7011
2007-07-20,46,108,2198208732.0,187608506.1,0.425925926,11.71699928
2007-07-23,61,108,14072791.33,216538693.8,0.564814815,0.06498973
2007-07-24,98,146,75194254.83,128587749.6,0.671232877,0.584769973
2007-07-25,113,123,17784206.59,278888645.0,0.918699187,0.063768127
2007-07-26,84,152,9129398.21,158418615.5,0.552631579,0.057628317
2007-07-27,194,118,39287260.43,304440418.2,1.644067797,0.129047453
2007-07-30,130,103,40794799.19,203598257.0,1.262135922,0.200369098
2007-07-31,180,176,527869117.6,358989252.1,1.022727273,1.470431537
2007-08-01,122,240,118502000000.0,322940291.7,0.508333333,366.9461943
2007-08-02,146,254,94735007.83,405947545.8,0.57480315,0.233367608
2007-08-03,185,343,50344804.11,495296309.5,0.539358601,0.101645829
2007-08-06,286,298,3130960000000.0,310677491.9,0.959731544,10077.85261
2007-08-07,213,234,13516609850.0,869523432.0,0.91025641,15.54484831
2007-08-08,175,286,29134758.48,3188710107.0,0.611888112,0.009136848
2007-08-09,187,284,69165228.2,712785031.8,0.658450704,0.097035186
2007-08-10,172,279,30035458.2,541770364.6,0.616487455,0.055439463
2007-08-13,227,255,80789368.86,301846374.9,0.890196078,0.267650618
2007-08-14,230,235,111503631.0,113412907.8,0.978723404,0.98316526
2007-08-15,214,210,67389960.4,222217696.9,1.019047619,0.303260997
2007-08-16,247,245,113024482.7,706174442.3,1.008163265,0.160051789
2007-08-17,237,250,68877560.03,146163011.6,0.948,0.471237964
2007-08-20,262,189,100099000000.0,1063480185.0,1.386243386,94.12444289
2007-08-21,155,251,3385520690.0,160742750.7,0.61752988,21.06173171
2007-08-22,141,211,100020000000.0,182749634.8,0.668246445,547.3071255
2007-08-23,178,189,324028000000.0,138254688.5,0.941798942,2343.705992
2007-08-24,123,181,52702388.05,89802872.34,0.679558011,0.58686751
2007-08-27,130,177,32215940.12,184179403.5,0.734463277,0.174916085
2007-08-28,122,188,20989413.1,120988567.0,0.64893617,0.173482616
2007-08-29,142,216,47305285.79,246718226.2,0.657407407,0.191738108
2007-08-30,117,227,20678433.71,195218657.1,0.515418502,0.105924475
2007-08-31,112,204,5790986.9,484559247.9,0.549019608,0.01195104
2007-09-04,130,240,46375954617.0,1902950000000.0,0.541666667,0.024370554
2007-09-05,119,298,38346580.86,323043906.8,0.399328859,0.118703929
2007-09-06,98,326,19177893.36,303693861.7,0.300613497,0.063148768
2007-09-07,93,225,1200010000000.0,567301959.4,0.413333333,2115.294916
2007-09-10,86,151,8057867.646,158505434.2,0.569536424,0.050836539
2007-09-11,113,150,33256867.24,579139183.3,0.753333333,0.057424654
2007-09-12,74,237,2382957741.0,203046943.8,0.312236287,11.73599413
2007-09-13,87,191,13750068.4,115244665.1,0.455497382,0.119311973
2007-09-14,92,214,14720970992.0,530421301.6,0.429906542,27.75335558
2007-09-17,93,164,16398463.68,134832653.4,0.567073171,0.121620863
2007-09-18,81,212,4135986.038,204483805.5,0.382075472,0.020226472
2007-09-19,70,236,24378637133.0,4413987833.0,0.296610169,5.523041308
2007-09-20,70,236,43754901.49,333014709.2,0.296610169,0.131390297
2007-09-21,55,196,3109557.85,191720354.5,0.280612245,0.016219237
2007-09-24,55,137,16889425371.0,172062589.5,0.401459854,98.1586144
2007-09-25,76,164,9165484.553,244532797.5,0.463414634,0.037481617
2007-09-26,59,153,9164510.703,227740018.5,0.385620915,0.040241108
2007-09-27,70,155,65319705.8,241311191.6,0.451612903,0.270686599
2007-09-28,44,182,11584299.37,163416482.9,0.241758242,0.070888194
2007-10-01,56,167,12253021.52,1861120000000.0,0.335329341,6.58e-06
2007-10-02,110,264,6178286.119,237087516.0,0.416666667,0.026059095
2007-10-03,74,288,16328686.7,11012471520.0,0.256944444,0.001482745
2007-10-04,58,162,1000150000000.0,309116634.7,0.358024691,3235.523217
2007-10-05,47,126,15611990.82,107395435.7,0.373015873,0.145369221
2007-10-09,70,308,11146520.37,296117896.4,0.227272727,0.037642171
2007-10-10,17,162,1024567.24,155857472.3,0.104938272,0.006573745
2007-10-11,45,150,11078304.1,169170783.3,0.3,0.065485918
2007-10-12,53,159,19095971.73,2222218567.0,0.333333333,0.008593201
2007-10-15,60,125,28094197.84,171948961.6,0.48,0.163386842
2007-10-16,52,157,394339819.3,277546750.4,0.331210191,1.420805031
2007-10-17,67,158,29685511.53,142916398.5,0.424050633,0.207712424
2007-10-18,31,108,2334994.938,215879025.4,0.287037037,0.01081622
2007-10-19,37,101,5539726.797,168634625.1,0.366336634,0.032850471
2007-10-22,70,107,16695044.28,245938233.0,0.654205607,0.067883078
2007-10-23,51,136,17514801.75,206344932.5,0.375,0.084881182
2007-10-24,66,157,4459138.091,208040170.1,0.420382166,0.021434024
2007-10-25,69,119,22597632.92,150798658.0,0.579831933,0.149853011
2007-10-26,75,122,11967438.37,377304338.1,0.614754098,0.031718263
2007-10-29,88,214,7519933.511,326407139.4,0.411214953,0.023038508
2007-10-30,93,233,14090710.2,439404280.9,0.399141631,0.032067758
2007-10-31,126,291,18103908.57,523327212.3,0.432989691,0.03459386
2007-11-01,102,262,18178137.02,252308157.6,0.389312977,0.072047361
2007-11-02,146,345,14502842.4,420875150.6,0.423188406,0.034458776
2007-11-05,162,301,21142736.65,513362394.3,0.53820598,0.041184818
2007-11-06,148,238,32154265.57,669850174.4,0.621848739,0.048002175
2007-11-07,150,290,71590780.03,446639923.8,0.517241379,0.160287462
2007-11-08,165,289,23324148.31,362984718.7,0.570934256,0.064256557
2007-11-09,185,220,12034772263.0,1344449765.0,0.840909091,8.951448078
2007-11-13,278,371,173469738.4,11417448885.0,0.749326146,0.015193389
2007-11-14,177,242,40326945.16,394650802.5,0.731404959,0.102183867
2007-11-15,169,249,38501012.73,263299914.1,0.678714859,0.146224935
2007-11-16,148,300,16639122.75,1246282448.0,0.493333333,0.013351005
2007-11-19,200,211,25047903283.0,395626344.1,0.947867299,63.31202069
2007-11-20,239,251,4378460000000.0,2979748967.0,0.952191235,1469.406916
2007-11-21,246,311,10000064579.0,2501110000000.0,0.790996785,0.003998256
2007-11-23,64,44,8777410.51,19563712.54,1.454545455,0.448657712
2007-11-26,238,170,2757338928.0,257882463.5,1.4,10.69223122
2007-11-27,220,134,1687520000000.0,130000557.5,1.641791045,12980.87207
2007-11-28,206,214,3998627303.0,206433098.9,0.962616822,19.37008806
2007-11-29,157,224,709685577.1,188413064.4,0.700892857,3.766647388
2007-11-30,150,236,7183730141.0,249708370.8,0.63559322,28.76847947
2007-12-03,238,223,191704377.5,307589329.4,1.067264574,0.623247815
2007-12-04,117,334,47001415.44,396985404.4,0.350299401,0.118395827
2007-12-05,197,302,7251638151.0,547650336.2,0.652317881,13.24136529
2007-12-06,170,230,95243955214.0,220185634.7,0.739130435,432.5620759
2007-12-07,123,253,53189738.91,577335371.9,0.486166008,0.092129707
2007-12-10,124,228,56163822.8,308373523.2,0.543859649,0.182129199
2007-12-11,133,275,88981338.85,1221564294.0,0.483636364,0.072842125
2007-12-12,132,263,536137731.3,622342421.9,0.501901141,0.861483506
2007-12-13,118,206,8757184.785,380263934.8,0.572815534,0.023029228
2007-12-14,161,186,406637000000.0,258221110.4,0.865591398,1574.763541
2007-12-17,168,146,13217047.39,96162498.76,1.150684932,0.137444925
2007-12-18,153,168,106113000000.0,180734841.1,0.910714286,587.1193001
2007-12-19,123,164,35126548.97,146361312.8,0.75,0.239998865
2007-12-20,95,128,2700541724.0,93159105.98,0.7421875,28.98848905
2007-12-21,152,174,106453204.8,115219926.4,0.873563218,0.923913147
2007-12-26,195,192,38529120.05,236664236.1,1.015625,0.162800771
2007-12-27,82,153,21596130652.0,217185564.4,0.535947712,99.43630791
2007-12-28,118,108,30200336.1,83835763.75,1.092592593,0.360232134
2007-12-31,61,75,4258211.17,55830299.71,0.813333333,0.076270613
2008-01-02,130,147,280010000000.0,2585478039.0,0.884353741,108.30096
2008-01-03,97,236,12498154.52,125109810.1,0.411016949,0.099897478
2008-01-04,94,266,3649418.671,133785514.1,0.353383459,0.02727813
2008-01-07,100,117,18000000000000.0,90261283.14,0.854700855,199421.2199
2008-01-08,90,85,31415685.79,49557132521.0,1.058823529,0.000633929
2008-01-09,100,119,15724008.78,99069804.12,0.840336134,0.158716462
2008-01-10,93,104,25241832.3,158258145.2,0.894230769,0.15949784
2008-01-11,83,89,3163780000000.0,92349314471.0,0.93258427,34.25881396
2008-01-14,83,86,16023649.13,72065951.43,0.965116279,0.222347014
2008-01-15,70,64,13083736.83,18666620.0,1.09375,0.700916225
2008-01-16,82,113,8800784230.0,147025548.7,0.725663717,59.85887694
2008-01-17,51,114,19039821.91,131338255.7,0.447368421,0.14496783
2008-01-18,95,70,297549000000.0,70935807.72,1.357142857,4194.618701
2008-01-22,93,65,11676692.28,55322835.81,1.430769231,0.211064601
2008-01-23,89,63,34573414.56,35112459.62,1.412698413,0.984648041
2008-01-24,99,116,34764717.87,97862926.28,0.853448276,0.355238896
2008-01-25,93,83,34311203.03,59551544.64,1.120481928,0.576159749
2008-01-28,102,69,22577494.73,50244891.86,1.47826087,0.449349056
2008-01-29,71,82,19416824.48,51950723.61,0.865853659,0.373754649
2008-01-30,77,87,17343178.42,60139382.64,0.885057471,0.288383047
2008-01-31,63,104,2966307.482,73414961.03,0.605769231,0.040404673
2008-02-01,84,145,14747869.17,119222816.3,0.579310345,0.123700057
2008-02-04,98,170,18570244.9,97359908.01,0.576470588,0.190738111
2008-02-05,100,218,19536028.74,138292335.8,0.458715596,0.141266171
2008-02-06,122,172,12717094.5,115388475.8,0.709302326,0.110211132
2008-02-07,96,161,18509306.26,110136126.5,0.596273292,0.168058446
2008-02-08,97,145,9823616.146,136505565.5,0.668965517,0.07196495
2008-02-11,124,147,33168914.55,121530070.3,0.843537415,0.272927634
2008-02-12,139,203,14914359.24,160660769.9,0.684729064,0.092831369
2008-02-13,125,180,51254255.85,188787585.4,0.694444444,0.271491665
2008-02-14,176,215,648916074.9,650205000000.0,0.818604651,0.000998017
2008-02-15,112,206,211032000000.0,157060397.8,0.54368932,1343.634234
2008-02-19,189,164,14844784.95,115674542.7,1.152439024,0.128332342
2008-02-20,91,204,11383533.16,241565183.4,0.446078431,0.047124064
2008-02-21,130,244,41080414.75,1590030000000.0,0.532786885,2.58e-05
2008-02-22,112,151,23535815.01,99030476.13,0.741721854,0.237662343
2008-02-25,133,172,62653599.92,402940146.0,0.773255814,0.155491084
2008-02-26,130,139,1864925293.0,82371956.73,0.935251799,22.6402937
2008-02-27,119,231,32978761.92,183632335.9,0.515151515,0.179591256
2008-02-28,133,213,25180176.39,143050000000.0,0.624413146,0.000176024
2008-02-29,147,218,31473330248.0,143032000000.0,0.674311927,0.220043372
2008-03-03,170,166,33465548.99,188854747.2,1.024096386,0.177202583
2008-03-04,215,291,24562897.21,522923802.9,0.738831615,0.04697223
2008-03-05,169,247,48962319.31,230104294.3,0.684210526,0.212783162
2008-03-06,177,195,22938570.17,153439168.6,0.907692308,0.149496184
2008-03-07,176,194,23734100000000.0,25383600000000.0,0.907216495,0.935016583
2008-03-10,166,134,33755725.42,76141056.41,1.23880597,0.443331456
2008-03-11,173,159,17766670.91,110231953.0,1.088050314,0.161175326
2008-03-12,125,160,108909308.3,240201663.6,0.78125,0.453407802
2008-03-13,140,176,2563030000000.0,75748147.53,0.795454545,33836.15339
2008-03-14,158,124,42902040.94,55971366.1,1.274193548,0.7664998
2008-03-17,204,143,47990502.01,57562752.88,1.426573427,0.833707556
2008-03-18,148,143,21115115.67,7457470000000.0,1.034965035,2.83e-06
2008-03-19,148,164,70960733.9,225050999.1,0.902439024,0.315309571
2008-03-20,130,189,71967837.89,273286980.0,0.687830688,0.263341627
2008-03-21,71,58,59714450.67,18201227.57,1.224137931,3.280792487
2008-03-24,95,111,22605976.19,97314803.58,0.855855856,0.232297403
2008-03-25,90,107,26734820.14,44928626.85,0.841121495,0.595050906
2008-03-26,98,172,8011255373.0,8217539953.0,0.569767442,0.97489704
2008-03-27,71,150,14124611.07,124979086.6,0.473333333,0.113015797
2008-03-28,75,127,12026707.71,75613979.58,0.590551181,0.159054024
2008-03-31,82,130,8732641.319,1382490000000.0,0.630769231,6.32e-06
2008-04-01,91,112,36003644.01,371706000000.0,0.8125,9.69e-05
2008-04-02,121,185,17583583.93,125437770.8,0.654054054,0.140177746
2008-04-03,59,252,5871868.822,147515279.0,0.234126984,0.039805157
2008-04-04,90,168,26181650.75,145969091.6,0.535714286,0.179364347
2008-04-07,118,123,3120159.934,151123465.7,0.959349593,0.020646429
2008-04-08,68,129,5950233.292,122122765.6,0.527131783,0.048723375
2008-04-09,68,154,25761434.46,139244374.1,0.441558442,0.185008799
2008-04-10,50,132,49765748.31,64535396.25,0.378787879,0.771138805
2008-04-11,49,81,1665132.61,60954947.21,0.604938272,0.027317432
2008-04-14,53,92,3081526.314,99993280.64,0.576086957,0.030817334
2008-04-15,80,84,7503373547.0,126343928.9,0.952380952,59.38847726
2008-04-16,56,118,24569077.18,82817630.26,0.474576271,0.296664818
2008-04-17,63,129,10627304.16,111547125.8,0.488372093,0.095271878
2008-04-18,46,121,110502757.6,115804734.6,0.380165289,0.954216233
2008-04-21,50,108,38276169636.0,131458098.0,0.462962963,291.1663125
2008-04-22,41,140,1337861.591,260099117.1,0.292857143,0.005143661
2008-04-23,84,98,2019963569.0,128169585.7,0.857142857,15.76008503
2008-04-24,54,127,12112976.29,117431163.0,0.42519685,0.10314959
2008-04-25,78,151,192392278.7,298394596.9,0.516556291,0.644757917
2008-04-28,57,156,4172469.287,171907000000.0,0.365384615,2.43e-05
2008-04-29,87,126,3797003.73,140834960.9,0.69047619,0.026960662
2008-04-30,102,183,8096690000000.0,248443559.0,0.557377049,32589.63799
2008-05-01,101,226,12479201.39,136426332.0,0.446902655,0.091472088
2008-05-02,114,285,355176000000.0,253307279.2,0.4,1402.153811
2008-05-05,141,278,101958067.4,381070235.0,0.507194245,0.267557154
2008-05-06,109,255,14176725.32,280084307.5,0.42745098,0.050615921
2008-05-07,116,253,7587854.969,187072193.4,0.458498024,0.040561105
2008-05-08,128,240,124906011.8,480040287.0,0.533333333,0.260199019
2008-05-09,114,169,21158709.55,205388055.5,0.674556213,0.103018209
2008-05-12,125,207,14029368.0,846152625.8,0.603864734,0.016580186
2008-05-13,157,256,38628945.81,697056689.8,0.61328125,0.055417223
2008-05-14,160,321,61668478779.0,642354233.5,0.498442368,96.00384891
2008-05-15,183,278,64085626.97,317305248.5,0.658273381,0.20196838
2008-05-16,169,308,17005538.8,354795318.4,0.548701299,0.047930561
2008-05-19,169,313,11826984.85,362681856.3,0.539936102,0.032609806
2008-05-20,145,235,234936848.4,5888432237.0,0.617021277,0.03989803
2008-05-21,130,230,32611130.88,163537155.1,0.565217391,0.199411142
2008-05-22,151,240,6024870000000.0,13141500000000.0,0.629166667,0.458463408
2008-05-23,164,146,165448741.5,311777019.8,1.123287671,0.530663683
2008-05-27,138,160,120285239.8,229895783.8,0.8625,0.52321638
2008-05-28,121,143,108529395.0,139070597.2,0.846153846,0.780390659
2008-05-29,132,250,34740472.96,231582539.7,0.528,0.150013352
2008-05-30,129,216,104805529.0,855248002.5,0.597222222,0.122544021
2008-06-02,167,230,1248082275.0,364275001.9,0.726086957,3.426208959
2008-06-03,161,281,97897384125.0,147532848.1,0.572953737,663.5633039
2008-06-04,99,337,1383063432.0,180847973.6,0.293768546,7.647657888
2008-06-05,102,199,27880575.29,124748287.1,0.512562814,0.223494654
2008-06-06,113,217,18551613.28,296283581.2,0.520737327,0.062614382
2008-06-09,109,178,14614720.25,171649018.4,0.612359551,0.085143046
2008-06-10,129,149,13521617502.0,148273461.8,0.865771812,91.19378035
2008-06-11,131,125,8005281.945,78576229.13,1.048,0.101879182
2008-06-12,110,154,7475141.07,291221056.6,0.714285714,0.025668271
2008-06-13,101,92,17449399.1,95066598.74,1.097826087,0.18354921
2008-06-16,131,195,3127620000000.0,207855168.2,0.671794872,15047.10277
2008-06-17,122,174,24815565.0,116121983.9,0.701149425,0.213702558
2008-06-18,90,172,5519563.662,83498437.34,0.523255814,0.066103796
2008-06-19,92,117,2133340000000.0,672962489.5,0.786324786,3170.075926
2008-06-20,73,64,30887519.0,44021275.71,1.140625,0.701649793
2008-06-23,78,100,5453225.213,85379999.91,0.78,0.063870054
2008-06-24,87,88,13227750.18,30785879.57,0.988636364,0.429669393
2008-06-25,68,80,21710760.47,104155530.3,0.85,0.208445585
2008-06-26,66,74,8069415.831,42430322.95,0.891891892,0.190180401
2008-06-27,84,66,9048011.063,31272016.06,1.272727273,0.289332515
2008-06-30,99,77,45106421.93,785567445.8,1.285714286,0.057418904
2008-07-01,89,95,199716408.4,48385088.86,0.936842105,4.127643724
2008-07-02,109,170,50489993.8,314975000000.0,0.641176471,0.000160299
2008-07-03,94,137,39538390.42,66382885.69,0.686131387,0.595611203
2008-07-07,97,65,65053822.72,28791992.22,1.492307692,2.259441522
2008-07-08,64,57,7663085.963,45024382.03,1.122807018,0.170198582
2008-07-09,96,95,21826749.44,52207933.65,1.010526316,0.418073421
2008-07-10,53,70,15577701.5,40076248.47,0.757142857,0.38870159
2008-07-11,69,83,30992031.75,57221141.59,0.831325301,0.54161855
2008-07-14,66,54,4545110.325,25515034.91,1.222222222,0.178134592
2008-07-15,56,75,6616693.883,34103550.35,0.746666667,0.194017743
2008-07-16,74,78,19771098.59,56990265.71,0.948717949,0.346920625
2008-07-17,93,113,54928267.9,74814330.32,0.82300885,0.734194474
2008-07-18,97,102,23446189.06,84533954.09,0.950980392,0.277358244
2008-07-21,60,57,4057142.56,50368397.89,1.052631579,0.080549367
2008-07-22,77,85,625034000000.0,107087417.8,0.905882353,5836.674275
2008-07-23,74,113,35067406.53,161606405.8,0.654867257,0.216992677
2008-07-24,66,112,48816540.8,112150747.1,0.589285714,0.435276109
2008-07-25,87,86,7798483.37,93672921.5,1.011627907,0.08325227
2008-07-28,112,127,12808736.6,193722088.8,0.881889764,0.066119133
2008-07-29,119,126,1077519254.0,105696000000.0,0.944444444,0.010194539
2008-07-30,110,124,9019658.375,2146923852.0,0.887096774,0.004201201
2008-07-31,111,132,140990747.7,3443260244.0,0.840909091,0.040946875
2008-08-01,122,139,16851055.86,306957353.6,0.877697842,0.054897059
2008-08-04,190,195,28876830.51,742345557.5,0.974358974,0.038899445
2008-08-05,152,215,33439139.73,194889672.4,0.706976744,0.171579845
2008-08-06,136,177,24574670.55,176600843.3,0.768361582,0.139153755
2008-08-07,130,210,6981113.129,265751733.5,0.619047619,0.026269304
2008-08-08,124,171,49527495.72,232791706.8,0.725146199,0.212754554
2008-08-11,132,210,30598762.54,2138860000000.0,0.628571429,1.43e-05
2008-08-12,150,288,39681859.9,358840595.4,0.520833333,0.11058353
2008-08-13,150,279,394641000000.0,253959064.7,0.537634409,1553.956026
2008-08-14,149,205,27527828.98,162504821.8,0.726829268,0.169396998
2008-08-15,184,174,6289852171.0,184072479.5,1.057471264,34.17051907
2008-08-18,157,224,9485849.155,135329366.3,0.700892857,0.070094536
2008-08-19,124,190,12572414.37,160488655.5,0.652631579,0.078338337
2008-08-20,154,155,44800858.63,73686856.61,0.993548387,0.607989819
2008-08-21,140,151,12025282.23,175472475.7,0.927152318,0.068530875
2008-08-22,102,126,19844868.7,211590023.9,0.80952381,0.093789246
2008-08-25,136,132,10913822.65,87970128.8,1.03030303,0.124062824
2008-08-26,124,136,5571674.805,156065293.5,0.911764706,0.035700922
2008-08-27,136,122,62383807.85,124816486.2,1.114754098,0.499804231
2008-08-28,120,172,15640885.53,129027183.6,0.697674419,0.12122163
2008-08-29,102,186,4393207.728,377971035.7,0.548387097,0.011623133
2008-09-02,118,174,107884611.0,97706124.59,0.67816092,1.104174497
2008-09-03,106,183,44070575.29,146719772.2,0.579234973,0.300372435
2008-09-04,90,259,12885947.17,2479314302.0,0.347490347,0.005197383
2008-09-05,94,150,21276959.54,91015105.08,0.626666667,0.233773938
2008-09-08,110,96,106469673.6,39764505.76,1.145833333,2.677505267
2008-09-09,106,135,252514424.6,96463289.17,0.785185185,2.617725632
2008-09-10,89,191,6267557915.0,165316262.4,0.465968586,37.91253096
2008-09-11,102,130,28484192.48,275119278.2,0.784615385,0.103533975
2008-09-12,108,120,12732545.69,46655536.92,0.9,0.272905351
2008-09-15,127,107,127407000000.0,53299242.74,1.186915888,2390.407346
2008-09-16,121,104,79830385.72,51969694.45,1.163461538,1.53609496
2008-09-17,123,148,17541153.28,147304564.5,0.831081081,0.119080854
2008-09-18,97,108,9579626.168,66756299.43,0.898148148,0.143501456
2008-09-19,105,117,188299293.4,93072101.47,0.897435897,2.023155064
2008-09-22,107,178,246626267.5,201669285.8,0.601123596,1.222924287
2008-09-23,78,185,75722577.92,133845979.7,0.421621622,0.565744135
2008-09-24,69,92,35190342.14,56870658.03,0.75,0.618778529
2008-09-25,48,85,2340740.97,109935092.9,0.564705882,0.021292027
2008-09-26,55,67,80658475.58,29824759.82,0.820895522,2.704413248
2008-09-29,77,67,14420088.54,38526198.35,1.149253731,0.374293057
2008-09-30,106,61,10087032.1,26601128.4,1.737704918,0.379195647
2008-10-01,139,85,61524848.78,36865497.19,1.635294118,1.668900557
2008-10-02,115,137,25014338079.0,55736321.91,0.839416058,448.7977897
2008-10-03,100,82,4677489522.0,64893132.87,1.219512195,72.0798845
2008-10-06,100,47,36156284.86,17480186.68,2.127659574,2.068415259
2008-10-07,118,40,1596927436.0,12788560.22,2.95,124.8715577
2008-10-08,120,62,28167408.15,172488888.2,1.935483871,0.163299842
2008-10-09,73,40,935561115.6,16682977.54,1.825,56.0787853
2008-10-10,140,54,35963208.76,713250543.3,2.592592593,0.050421565
2008-10-14,194,98,112410159.0,422723571.9,1.979591837,0.265918833
2008-10-15,114,68,15042715.07,272144942.4,1.676470588,0.055274645
2008-10-16,103,64,28195819.61,44893296.88,1.609375,0.62806302
2008-10-17,71,57,29291771.05,43407146.72,1.245614035,0.674814478
2008-10-20,77,35,24720818.45,56555290.65,2.2,0.437108857
2008-10-21,69,35,8328926.682,13951336.91,1.971428571,0.596998462
2008-10-22,55,38,25025170.13,110234528.0,1.447368421,0.227017529
2008-10-23,66,42,27808618.57,17676351.98,1.571428571,1.573210276
2008-10-24,79,42,297339775.8,31581258.76,1.880952381,9.415070439
2008-10-27,137,45,64894297.87,34550991.02,3.044444444,1.878218134
2008-10-28,141,47,112524350.9,69464066.59,3.0,1.619892938
2008-10-29,137,54,14820317.48,71573684.45,2.537037037,0.207063778
2008-10-30,107,73,33634693.79,46115035.51,1.465753425,0.72936502
2008-10-31,131,79,139467046.8,87798699.05,1.658227848,1.588486484
2008-11-03,169,101,504507270.4,39328386009.0,1.673267327,0.01282807
2008-11-04,143,133,14248793.35,134902548.5,1.07518797,0.105622863
2008-11-05,129,145,21396870.18,148496603.5,0.889655172,0.144089963
2008-11-06,138,97,19337889.67,158271293.1,1.422680412,0.122181915
2008-11-07,168,103,15595148.3,127499496.0,1.631067961,0.122315372
2008-11-10,178,82,13626757.75,74319475.71,2.170731707,0.183353793
2008-11-12,361,190,54777259.55,179608039.8,1.9,0.304982225
2008-11-13,272,93,255988000000.0,98433946.68,2.924731183,2600.606527
2008-11-14,289,86,1069890000000.0,762256000000.0,3.360465116,1.403583915
2008-11-17,275,112,110445496.4,187387774.9,2.455357143,0.589395421
2008-11-18,259,126,25466271.93,76926494.46,2.055555556,0.331046827
2008-11-19,306,84,34583943.13,70654627.51,3.642857143,0.489478812
2008-11-20,320,73,51702119.72,38830983.89,4.383561644,1.331465612
2008-11-21,433,77,42839326.61,122121471.0,5.623376623,0.35079275
2008-11-24,525,85,65870329.83,961424912.0,6.176470588,0.068513234
2008-11-25,361,112,2449600000000.0,180153235.0,3.223214286,13597.29996
2008-11-26,291,132,217519089.2,112164802.6,2.204545455,1.939281166
2008-11-28,70,36,3719268.595,25541479.8,1.944444444,0.145616802
2008-12-01,262,107,21932080.13,68788148.58,2.448598131,0.318835157
2008-12-02,205,92,12262073.46,72548147.63,2.22826087,0.169019801
2008-12-03,193,104,27593180.3,62606385.75,1.855769231,0.440740668
2008-12-04,180,78,10509552.64,129903320.2,2.307692308,0.080902879
2008-12-05,183,95,13156343920.0,50962606.03,1.926315789,258.1568123
2008-12-08,196,105,256506000000.0,98895519.13,1.866666667,2593.711803
2008-12-09,176,118,632709835.2,138950389.5,1.491525424,4.553494505
2008-12-10,162,121,14889315.29,122913984.5,1.338842975,0.121136056
2008-12-11,172,102,18157497.8,48733928.12,1.68627451,0.372584327
2008-12-12,172,87,24065027.45,105066648.8,1.977011494,0.229045351
2008-12-15,148,80,12047341.12,73588130.4,1.85,0.163713102
2008-12-16,144,94,764411852.1,348202598.2,1.531914894,2.19530772
2008-12-17,157,115,12963633.35,71036403.54,1.365217391,0.182492816
2008-12-18,103,122,24100247.47,124357305.1,0.844262295,0.193798406
2008-12-19,125,92,23747379.31,59043928.5,1.358695652,0.402198497
2008-12-22,113,81,18898794.86,58284880.62,1.395061728,0.324248667
2008-12-23,148,108,9645949.315,36932362.14,1.37037037,0.261178781
2008-12-24,44,30,2234642.33,7262523.44,1.466666667,0.307695025
2008-12-29,114,68,29692625768.0,15242920.1,1.676470588,1947.96178
2008-12-30,118,53,194333000000.0,81010780008.0,2.226415094,2.398856339
2008-12-31,104,63,70619521.83,24977917.43,1.650793651,2.827278215
2009-01-02,76,58,3165661.405,14771645.27,1.310344828,0.214306622
2009-01-05,156,143,13125122.3,97761194.28,1.090909091,0.134256976
2009-01-06,153,139,3399460.902,50882181.52,1.100719424,0.066810439
2009-01-07,48,80,3309771.921,26512337.7,0.6,0.124838932
2009-01-08,62,48,774051.6845,42125934.34,1.291666667,0.018374707
2009-01-09,55,36,4382471.313,7353867.922,1.527777778,0.595940988
2009-01-12,51,28,2067933.391,73746410.22,1.821428571,0.02804114
2009-01-13,68,42,2116699.264,3798149.36,1.619047619,0.557297532
2009-01-14,52,50,1883502.335,13461241.44,1.04,0.139920404
2009-01-15,61,34,3822403.526,34036739.36,1.794117647,0.112302283
2009-01-16,55,57,1887070.469,17658602.38,0.964912281,0.10686409
2009-01-20,74,74,2672410.694,94323470.73,1.0,0.028332404
2009-01-21,98,46,46480623.6,19316856.02,2.130434783,2.406220948
2009-01-22,61,27,1401812.677,7721449.533,2.259259259,0.181547865
2009-01-23,86,36,5607330.801,37418844.68,2.388888889,0.149853125
2009-01-26,76,26,7848131.42,8519731.94,2.923076923,0.921171168
2009-01-27,62,44,3941555.876,14008662.15,1.409090909,0.281365617
2009-01-28,85,58,4240783.601,34832065.55,1.465517241,0.121749415
2009-01-29,67,66,5204638.767,22042509.85,1.015151515,0.236118246
2009-01-30,72,84,13835502.41,104606633.9,0.857142857,0.132262189
2009-02-02,113,62,8259430.75,99880926.96,1.822580645,0.082692772
2009-02-03,157,111,10934128.84,64927147.93,1.414414414,0.168406116
2009-02-04,107,120,7702298.543,161874774.7,0.891666667,0.047581833
2009-02-05,114,75,4333875.6,88288548.51,1.52,0.04908763
2009-02-06,115,112,7237861.931,119860416.0,1.026785714,0.060385757
2009-02-09,120,79,4550892.036,91321871.03,1.518987342,0.049833539
2009-02-10,122,97,24194139.78,159743517.8,1.257731959,0.15145616
2009-02-11,137,87,4473212.26,4228161430.0,1.574712644,0.001057957
2009-02-12,136,87,15996972.44,53876026.28,1.563218391,0.296921907
2009-02-13,155,98,40001107.83,53033734.19,1.581632653,0.754257803
2009-02-17,229,133,19293390.4,99310104.66,1.721804511,0.194274193
2009-02-18,119,81,8039674.039,39441300.3,1.469135802,0.20383897
2009-02-19,164,92,67378341.85,36383664.28,1.782608696,1.851884443
2009-02-20,150,74,26068066.17,207050725.9,2.027027027,0.125901834
2009-02-23,168,58,9144965.635,172239359.4,2.896551724,0.053094517
2009-02-24,182,76,7182346.362,253584242.4,2.394736842,0.028323315
2009-02-25,194,129,14188475.92,1967290000000.0,1.503875969,7.21e-06
2009-02-26,180,99,1216844397.0,24660271.42,1.818181818,49.34432296
2009-02-27,179,106,190453737.8,22721841.09,1.688679245,8.381967688
2009-03-02,202,105,3346409789.0,23319373.81,1.923809524,143.5034155
2009-03-03,255,126,63473254.18,33915509.06,2.023809524,1.871511174
2009-03-04,264,143,12435768324.0,32928854.26,1.846153846,377.6556641
2009-03-05,246,101,11809810.54,94310906.32,2.435643564,0.125222108
2009-03-06,280,99,20827934.32,123115090.4,2.828282828,0.169174504
2009-03-09,309,71,129640000000.0,36810307.45,4.352112676,3521.826116
2009-03-10,293,68,164300441.6,36211445.69,4.308823529,4.537251645
2009-03-11,181,81,25107135.92,102681309.3,2.234567901,0.244515152
2009-03-12,177,102,35867022.59,74505620.64,1.735294118,0.481400226
2009-03-13,208,95,10665193.87,83172709.73,2.189473684,0.128229487
2009-03-16,169,94,8334977335.0,40820635.55,1.79787234,204.1853886
2009-03-17,154,105,8928856.17,118390802.8,1.466666667,0.075418495
2009-03-18,112,74,5628274.403,40119332.71,1.513513514,0.140288335
2009-03-19,135,69,7758507.777,290525957.2,1.956521739,0.026705042
2009-03-20,115,62,9659509.478,14053817.26,1.85483871,0.687322832
2009-03-23,110,79,7964938.115,26898618.19,1.392405063,0.296109564
2009-03-24,82,35,4774108.17,12273592.7,2.342857143,0.388973977
2009-03-25,74,74,25976210.8,63347015.7,1.0,0.410062108
2009-03-26,94,41,21681237564.0,15301196.48,2.292682927,1416.963542
2009-03-27,56,44,8483442.224,80250137.98,1.272727273,0.105712494
2009-03-30,54,67,5546854.185,38472316.63,0.805970149,0.144177806
2009-03-31,98,44,31415980.41,7656557.64,2.227272727,4.103146856
2009-04-01,123,70,49801978.21,25070332.45,1.757142857,1.986490539
2009-04-02,95,87,73677367820.0,34129616.41,1.091954023,2158.751711
2009-04-03,71,81,1299954.636,48863021.07,0.87654321,0.026604058
2009-04-06,56,72,1869220.15,3716550000000.0,0.777777778,5.03e-07
2009-04-07,60,70,2316127.665,23073479.89,0.857142857,0.100380509
2009-04-08,47,59,8721260.964,17274759.28,0.796610169,0.504855716
2009-04-09,57,54,8245319.57,65736925.44,1.055555556,0.125429042
2009-04-10,28,26,1327046.45,18485405.6,1.076923077,0.071788874
2009-04-13,50,51,6264378.395,111202420.5,0.980392157,0.056333112
2009-04-14,31,38,791044.8985,12983619.75,0.815789474,0.060926376
2009-04-15,56,72,679408000000.0,65848833.63,0.777777778,10317.68878
2009-04-16,53,44,1203521976.0,12170002.92,1.204545455,98.89249689
2009-04-17,43,50,36811668.57,18707228.78,0.86,1.96777775
2009-04-20,61,66,5599104.55,325921943.4,0.924242424,0.017179281
2009-04-21,48,37,500004000000.0,12424250.84,1.297297297,40244.18181
2009-04-22,43,60,2163771.121,219327790.0,0.716666667,0.009865467
2009-04-23,36,71,33511593.94,550023671.7,0.507042254,0.060927549
2009-04-24,39,66,1354174.136,51195313.67,0.590909091,0.026451135
2009-04-27,53,69,2903572.019,56372560.84,0.768115942,0.051506832
2009-04-28,39,92,974385.1806,82387846.43,0.423913043,0.011826807
2009-04-29,62,95,932443.52,168902542.9,0.652631579,0.005520601
2009-04-30,63,89,939436683.4,93568021.24,0.707865169,10.04014695
2009-05-01,49,139,1809862.086,1059840145.0,0.352517986,0.001707675
2009-05-04,89,174,2694211941.0,244942904.3,0.511494253,10.99934676
2009-05-05,90,144,9001735.203,146293811.0,0.625,0.061531894
2009-05-06,88,187,905735299.9,195293405.5,0.470588235,4.637818146
2009-05-07,78,167,3828869114.0,1480110000000.0,0.467065868,0.002586874
2009-05-08,77,140,28774222.4,303487288.3,0.55,0.094811953
2009-05-11,115,156,7998323.455,1005291393.0,0.737179487,0.007956224
2009-05-12,92,142,62550406266.0,171079509.4,0.647887324,365.6218472
2009-05-13,101,153,26164850.2,133466024.0,0.660130719,0.19604128
2009-05-14,142,125,5771118.434,135225185.1,1.136,0.042677837
2009-05-15,116,111,7835836.029,39875650.65,1.045045045,0.196506788
2009-05-18,116,143,12783192.92,92554172.55,0.811188811,0.138115793
2009-05-19,95,149,41004639545.0,79685003.41,0.637583893,514.5841475
2009-05-20,113,127,65164932639.0,140920808.5,0.88976378,462.4223585
2009-05-21,104,148,2471270159.0,63362926.42,0.702702703,39.00183118
2009-05-22,117,123,88045641.51,54564398.66,0.951219512,1.613609674
2009-05-26,130,102,1602277598.0,36274041.39,1.274509804,44.17146632
2009-05-27,112,140,85130658363.0,77374040.65,0.8,1100.248322
2009-05-28,98,166,2595670.005,96707456.89,0.590361446,0.026840433
2009-05-29,110,123,86209514.03,4606710000000.0,0.894308943,1.87e-05
2009-06-01,101,135,15801064.83,56205787.13,0.748148148,0.281128788
2009-06-02,126,235,3850045.084,166272530.5,0.536170213,0.023155028
2009-06-03,67,208,122736745.9,99908097.18,0.322115385,1.228496482
2009-06-04,85,142,9560808.422,71056939.13,0.598591549,0.134551369
2009-06-05,106,144,1883863.539,57710791.63,0.736111111,0.032643176
2009-06-08,77,159,28849369.19,72345054.07,0.48427673,0.398774589
2009-06-09,84,127,6769707.347,81714670.67,0.661417323,0.082845679
2009-06-10,94,123,13756075951.0,68554317.45,0.764227642,200.659513
2009-06-11,107,118,12001097.47,45384950.28,0.906779661,0.26442901
2009-06-12,55,130,103899842.0,1858106078.0,0.423076923,0.055917067
2009-06-15,104,133,998095481.0,81102846.46,0.781954887,12.3065407
2009-06-16,95,113,2787386.93,39532822.44,0.840707965,0.070508169
2009-06-17,73,105,3102649.514,136021612.3,0.695238095,0.022809975
2009-06-18,65,88,8202598.529,120345000000.0,0.738636364,6.82e-05
2009-06-19,52,77,2088551.518,40428442.62,0.675324675,0.051660449
2009-06-22,61,49,262513041.1,15801857.86,1.244897959,16.612796
2009-06-23,61,71,1415883.3,24026667.31,0.85915493,0.058929659
2009-06-24,57,47,1090673.13,12620194.53,1.212765957,0.086422846
2009-06-25,34,55,163048000000000.0,26484577.13,0.618181818,6156318.945
2009-06-26,56,56,4567947.405,19266622.97,1.0,0.237091233
2009-06-29,56,82,1014039.843,28588607.01,0.682926829,0.035470068
2009-06-30,45,80,1428156812.0,52801520.96,0.5625,27.04764534
2009-07-01,80,87,26703378.96,48395150.53,0.91954023,0.551777991
2009-07-02,87,137,436440416.9,75478099.03,0.635036496,5.782345111
2009-07-06,70,90,13412308.81,33454459.25,0.777777778,0.400912438
2009-07-07,31,35,382852.144,9197116.79,0.885714286,0.041627409
2009-07-08,24,62,339351.449,37578554.53,0.387096774,0.009030455
2009-07-09,44,53,3075386.35,33086567.43,0.830188679,0.092949695
2009-07-10,44,48,5162345.12,21161428.22,0.916666667,0.243950695
2009-07-13,56,37,86199514.76,8692614.81,1.513513514,9.916407967
2009-07-14,36,46,12859380.08,48289120.5,0.782608696,0.266299737
2009-07-15,70,75,832127.658,51029297.08,0.933333333,0.016306861
2009-07-16,33,85,415283.053,47885712.77,0.388235294,0.008672379
2009-07-17,34,100,1066147.84,63422787.61,0.34,0.01681017
2009-07-20,41,60,2522016.735,19785889.71,0.683333333,0.12746542
2009-07-21,27,80,1909714.304,39858771.4,0.3375,0.047912021
2009-07-22,33,83,2949043.039,75029925.71,0.397590361,0.039304891
2009-07-23,29,97,706378.52,78036477.79,0.298969072,0.009051902
2009-07-24,34,89,5279571.144,66188636.41,0.382022472,0.079765522
2009-07-27,35,103,2288548288.0,103317692.3,0.339805825,22.15059433
2009-07-28,43,154,19759561.42,135092817.3,0.279220779,0.146266558
2009-07-29,59,152,997627.804,286495902.0,0.388157895,0.003482171
2009-07-30,66,111,2337884.21,295529475.7,0.594594595,0.007910833
2009-07-31,79,141,130033697.8,186164192.2,0.560283688,0.698489308
2009-08-03,69,179,4017061.389,178821364.2,0.38547486,0.022464102
2009-08-04,87,195,6419459.826,121867851.0,0.446153846,0.052675581
2009-08-05,65,252,6559725.584,643450093.3,0.257936508,0.010194614
2009-08-06,89,212,11977132.83,159658459.7,0.419811321,0.075017214
2009-08-07,61,173,3232950.703,302430994.1,0.352601156,0.010689879
2009-08-10,76,187,48905895.1,433008882.5,0.406417112,0.112944323
2009-08-11,56,207,1423142.501,164524425.3,0.270531401,0.008650038
2009-08-12,52,243,3955229.34,357127000000000.0,0.21399177,1.11e-08
2009-08-13,93,190,8134530.99,718100580.6,0.489473684,0.011327843
2009-08-14,83,200,15559637.86,216999357.0,0.415,0.071703613
2009-08-17,108,163,12309117.93,639207853.3,0.662576687,0.019256832
2009-08-18,92,130,8699274.736,203471157.2,0.707692308,0.042754339
2009-08-19,91,136,23780365.34,129665257.6,0.669117647,0.183398127
2009-08-20,59,159,2922798.064,330557576.6,0.371069182,0.008842024
2009-08-21,62,143,3006355.908,253829070.3,0.433566434,0.011844017
2009-08-24,59,176,1287792.274,133869282.2,0.335227273,0.009619774
2009-08-25,81,223,81816365.47,235281954.1,0.3632287,0.34773753
2009-08-26,69,219,2817831.885,219936885.0,0.315068493,0.012812002
2009-08-27,56,180,1768057.077,129900209.8,0.311111111,0.013610887
2009-08-28,80,135,10453967.3,115202332.0,0.592592593,0.090744407
2009-08-31,93,155,2558308008.0,334310102.9,0.6,7.652499839
2009-09-01,81,164,3621172.441,88145808.56,0.493902439,0.041081618
2009-09-02,83,153,9620586629.0,45630634.6,0.54248366,210.8361348
2009-09-03,71,181,2819116.24,96573969.21,0.392265193,0.029191264
2009-09-04,81,99,3906361.21,78748986.47,0.818181818,0.049605225
2009-09-08,69,88,9776622641.0,33419104.94,0.784090909,292.5459153
2009-09-09,57,143,4045706.846,73487533.24,0.398601399,0.055052968
2009-09-10,55,231,14796841.04,169621354.2,0.238095238,0.087234541
2009-09-11,49,209,2762530.54,6885790000000.0,0.234449761,4.01e-07
2009-09-14,60,186,1260464.054,188066333.3,0.322580645,0.006702231
2009-09-15,48,183,2049032.93,141810120.7,0.262295082,0.01444913
2009-09-16,46,198,33251779.71,155440811.3,0.232323232,0.213919237
2009-09-17,55,180,15521553.05,125682531.2,0.305555556,0.123498094
2009-09-18,50,182,21916733.93,147445222.4,0.274725275,0.148643229
2009-09-21,49,132,2500000000000.0,120423232.6,0.371212121,20760.12703
2009-09-22,63,103,19222909.07,56083008.24,0.611650485,0.342758166
2009-09-23,55,131,111693193.2,50201786.62,0.419847328,2.224884824
2009-09-24,46,132,5397219.726,522397704.3,0.348484848,0.01033163
2009-09-25,34,91,30732997.24,35624319.14,0.373626374,0.862697112
2009-09-28,51,55,7649765.722,24955219.12,0.927272727,0.306539714
2009-09-29,56,81,7004481.826,154811503.2,0.691358025,0.045245228
2009-09-30,46,97,118433340.8,182487608.2,0.474226804,0.64899388
2009-10-01,56,116,5610763.806,58389542.32,0.482758621,0.09609193
2009-10-02,67,133,3335421.244,165906436.2,0.503759398,0.020104231
2009-10-05,73,103,69702914.07,49983627.25,0.708737864,1.394514922
2009-10-06,25,67,512012000000.0,25404965.83,0.373134328,20153.9964
2009-10-07,55,93,5662349.509,249485888.1,0.591397849,0.022696071
2009-10-08,30,104,4092992.22,201949954.6,0.288461538,0.020267359
2009-10-09,32,85,154020585.7,35400415.29,0.376470588,4.350812963
2009-10-13,48,149,529068.6691,169232858.1,0.322147651,0.003126276
2009-10-14,48,105,1218511.467,60431015.17,0.457142857,0.020163677
2009-10-15,36,88,1129684.195,956355730.3,0.409090909,0.001181238
2009-10-16,31,101,62388638.94,111056666.4,0.306930693,0.561773021
2009-10-19,32,88,8378076.364,153403227.0,0.363636364,0.054614734
2009-10-20,46,85,5883621.427,1224183286.0,0.541176471,0.004806161
2009-10-21,26,95,4656020.897,47587234.96,0.273684211,0.097841804
2009-10-22,31,66,1672432.77,97084147.13,0.46969697,0.017226631
2009-10-23,32,84,3560175.34,95760694.24,0.380952381,0.037177836
2009-10-26,41,92,2567561.118,119584254.8,0.445652174,0.021470729
2009-10-27,44,103,2415562.758,220501236.7,0.427184466,0.010954872
2009-10-28,58,99,33281194.07,76728533.8,0.585858586,0.433752509
2009-10-29,61,79,11092545.83,69029603.75,0.772151899,0.16069259
2009-10-30,72,67,120832962.8,104195338.6,1.074626866,1.159677242
2009-11-02,69,92,5733643.697,117398039.3,0.75,0.048839348
2009-11-03,103,111,653418000000.0,146285483.5,0.927927928,4466.72964
2009-11-04,88,159,13569275.63,265274852.5,0.553459119,0.05115176
2009-11-05,83,110,6044408.056,94265569.63,0.754545455,0.064121058
2009-11-06,80,184,18007704663.0,18193617415.0,0.434782609,0.98978143
2009-11-09,100,168,5125001.692,201064636.5,0.595238095,0.025489324
2009-11-10,81,204,5095183.603,1383734174.0,0.397058824,0.003682198
2009-11-12,178,451,24147755.41,75562534011.0,0.394678492,0.000319573
2009-11-13,129,231,1214707672.0,293369992.4,0.558441558,4.140531423
2009-11-16,119,173,35724900861.0,645109217.1,0.687861272,55.3780661
2009-11-17,92,262,15127652890.0,1480210000000.0,0.351145038,0.010219964
2009-11-18,106,290,8710805.215,352775484.0,0.365517241,0.024692207
2009-11-19,98,207,25579129.59,265798628.9,0.473429952,0.096234994
2009-11-20,116,142,17277743.66,286298955.9,0.816901408,0.060348609
2009-11-23,139,129,32050611.14,351222408.5,1.07751938,0.09125446
2009-11-24,121,249,20565882.63,732878871.8,0.485943775,0.028061776
2009-11-25,140,225,7574205.602,236395897.0,0.622222222,0.032040343
2009-11-27,22,37,696546.04,25285811.68,0.594594595,0.027546912
2009-11-30,110,183,28834384.63,501194058.4,0.601092896,0.057531378
2009-12-01,135,116,7173009.45,68378755.14,1.163793103,0.104901141
2009-12-02,110,229,15705268.73,171941338.2,0.480349345,0.091340854
2009-12-03,100,250,7862622.114,300877773.7,0.4,0.02613228
2009-12-04,68,192,5455742.04,111187167.5,0.354166667,0.049068091
2009-12-07,80,167,22300410.53,203513922.1,0.479041916,0.10957683
2009-12-08,80,197,7099717.293,237465244.5,0.406091371,0.029897922
2009-12-09,89,164,8760638.453,78839836.25,0.542682927,0.11111944
2009-12-10,66,119,21362449.35,69269538.35,0.554621849,0.308396012
2009-12-11,77,160,11534405.11,137244581.5,0.48125,0.084042699
2009-12-14,90,153,60447025.57,167629179.1,0.588235294,0.360599663
2009-12-15,79,181,4512841.18,125108353.9,0.436464088,0.036071462
2009-12-16,81,246,5005965.633,37981324955.0,0.329268293,0.000131801
2009-12-17,60,193,24830535.42,682490660.0,0.310880829,0.036382235
2009-12-18,81,179,4210418.35,164112456.9,0.452513966,0.02565569
2009-12-21,72,121,27905623.38,152638187.9,0.595041322,0.18282203
2009-12-22,107,184,19020041.71,128313062.1,0.581521739,0.148231532
2009-12-23,54,231,5501460.658,235244460.1,0.233766234,0.023386143
2009-12-24,30,51,23460540.43,71911895.92,0.588235294,0.326240049
2009-12-28,67,144,12084559.68,77572114.41,0.465277778,0.155784843
2009-12-29,61,98,1969374.398,97008103.81,0.62244898,0.020301133
2009-12-30,69,117,6692667.84,65915807.63,0.58974359,0.101533579
2009-12-31,47,61,11107732.84,21860996.0,0.770491803,0.508107354
2010-01-04,105,125,40468796.41,90525035.43,0.84,0.447045353
2010-01-05,83,203,11494951.4,124632583.5,0.408866995,0.092230708
2010-01-06,55,223,2334976.814,104143273.3,0.246636771,0.022420813
2010-01-07,43,99,4113401.622,63786331.85,0.434343434,0.064487195
2010-01-08,56,124,5139801.609,63128093.41,0.451612903,0.08141861
2010-01-11,29,86,15775267.51,39716878.94,0.337209302,0.39719303
2010-01-12,49,136,4140279.371,216929000000000.0,0.360294118,1.91e-08
2010-01-13,48,130,3020964.529,113046354.5,0.369230769,0.026723237
2010-01-14,32,89,2121732.397,35571837.99,0.359550562,0.059646409
2010-01-15,30,93,2848791.451,2448050000000.0,0.322580645,1.16e-06
2010-01-19,106,115,38917019.01,131653445.1,0.92173913,0.29560198
2010-01-20,34,107,904612.1567,59764844.88,0.317757009,0.015136192
2010-01-21,39,96,1271004.106,41236640.55,0.40625,0.030822203
2010-01-22,58,88,2232831.683,40434411.53,0.659090909,0.055221075
2010-01-25,44,54,1457595.394,27609193.72,0.814814815,0.052793841
2010-01-26,51,63,3884216.902,110077445.5,0.80952381,0.035286219
2010-01-27,65,89,34228300.36,56859588.64,0.730337079,0.601979388
2010-01-28,52,59,104609542.0,157608825.6,0.881355932,0.66372896
2010-01-29,55,67,902592999.4,46867942.82,0.820895522,19.25821671
2010-02-01,72,98,3301462.24,49269188.96,0.734693878,0.067008658
2010-02-02,58,136,1513861.373,431336378.7,0.426470588,0.0035097
2010-02-03,76,171,3165620.144,85288061.25,0.444444444,0.037116803
2010-02-04,53,142,2085564.869,131659325.6,0.373239437,0.015840616
2010-02-05,85,109,6869895.772,208331162.6,0.779816514,0.032975843
2010-02-08,78,73,4647425.909,92424792.0,1.068493151,0.050283326
2010-02-09,90,144,7256826.184,389414007.9,0.625,0.018635247
2010-02-10,43,140,259078199.5,210635383.8,0.307142857,1.229984226
2010-02-11,86,139,27186946.9,123459092.7,0.618705036,0.220210163
2010-02-12,101,172,5540705.524,234359701.7,0.587209302,0.023641887
2010-02-16,96,200,2664010000000.0,5255077681.0,0.48,506.9401551
2010-02-17,84,193,5649018.498,187910666.8,0.435233161,0.030062256
2010-02-18,84,306,4329023.031,569451863.0,0.274509804,0.007602088
2010-02-19,67,194,10301957.96,301737568.7,0.345360825,0.034142112
2010-02-22,66,183,7503571.722,15612093051.0,0.360655738,0.000480626
2010-02-23,73,195,4747111.16,625973480.8,0.374358974,0.007583566
2010-02-24,57,204,282531930.6,532710710.6,0.279411765,0.530366529
2010-02-25,83,243,5275737.023,187446168.0,0.341563786,0.028145345
2010-02-26,70,199,364264901.4,170552078.9,0.351758794,2.135798658
2010-03-01,110,197,35678054288.0,427102227.5,0.558375635,83.53516323
2010-03-02,72,300,400033000000.0,241245978.3,0.24,1658.196407
2010-03-03,122,418,18276576.01,500910000000.0,0.291866029,3.65e-05
2010-03-04,111,258,144952496.1,333770466.3,0.430232558,0.434287963
2010-03-05,112,261,700005000000.0,205889837.7,0.429118774,3399.898886
2010-03-08,92,250,17850963.07,192440347.1,0.368,0.092761021
2010-03-09,78,262,8629895.96,326731669.3,0.297709924,0.026412793
2010-03-10,62,309,2127969.355,181022234.1,0.200647249,0.011755293
2010-03-11,60,271,5219519.821,1603236159.0,0.221402214,0.003255615
2010-03-12,53,280,2725321.688,243895089.4,0.189285714,0.011174156
2010-03-15,88,238,23996120.74,541784656.7,0.369747899,0.044290883
2010-03-16,101,241,9757731.723,160510145.0,0.419087137,0.060791994
2010-03-17,52,230,18965952.43,3438573538.0,0.226086957,0.005515645
2010-03-18,56,228,13266457.95,208361359.7,0.245614035,0.063670433
2010-03-19,78,193,21006896198.0,438926853.7,0.404145078,47.85967416
2010-03-22,83,154,10208953.36,88627474.35,0.538961039,0.115189488
2010-03-23,59,145,8231488821.0,187089405.8,0.406896552,43.99762127
2010-03-24,43,167,11626372.88,127524935.4,0.25748503,0.091169408
2010-03-25,64,139,3105199.728,181197906.4,0.460431655,0.017137062
2010-03-26,45,146,3520640.513,359888057.5,0.308219178,0.009782599
2010-03-29,48,102,7278272.48,67591357.52,0.470588235,0.107680519
2010-03-30,58,128,1464021.35,69513292.22,0.453125,0.021061027
2010-03-31,58,157,35335130.54,115057059.8,0.369426752,0.307109625
2010-04-01,63,180,46240300000000.0,165732290.5,0.35,279006.0279
2010-04-02,44,129,1777708.42,100653284.6,0.341085271,0.017661703
2010-04-05,75,173,115114070.8,69790221.88,0.433526012,1.649429787
2010-04-06,58,149,846375.8225,143779780.9,0.389261745,0.005886612
2010-04-07,69,188,4909294.863,218016002.6,0.367021277,0.022518048
2010-04-08,40,140,4290580000000.0,4291450000000.0,0.285714286,0.999796008
2010-04-09,61,113,1097089.896,158648664.7,0.539823009,0.006915217
2010-04-12,31,90,3647006.43,45491200.27,0.344444444,0.080169492
2010-04-13,43,145,21648585.07,16237543887.0,0.296551724,0.001333243
2010-04-14,31,166,16410952.43,189632402.3,0.186746988,0.086540867
2010-04-15,30,141,1078736.718,104729639.9,0.212765957,0.010300205
2010-04-16,39,205,1812120.538,398431763.4,0.190243902,0.004548133
2010-04-19,27,117,2370603.052,69296128.09,0.230769231,0.034209748
2010-04-20,51,93,17706656.6,131665311.4,0.548387097,0.13448232
2010-04-21,27,134,9942352109.0,103262224.7,0.201492537,96.28256736
2010-04-22,34,111,6480698.819,455613576.7,0.306306306,0.014224113
2010-04-23,40,169,1674501.391,164708910.1,0.236686391,0.010166429
2010-04-26,38,162,2187304.49,149371738.8,0.234567901,0.014643362
2010-04-27,41,209,15335452.28,217113799.4,0.196172249,0.070633245
2010-04-28,47,201,145136008.7,223460608.9,0.233830846,0.649492586
2010-04-29,34,164,1306215135.0,103152651.0,0.207317073,12.66293326
2010-04-30,45,155,2591383.88,451474530.2,0.290322581,0.005739823
2010-05-03,79,183,9280282.729,276022630.3,0.431693989,0.033621456
2010-05-04,86,280,31554312.16,234712523.4,0.307142857,0.134438128
2010-05-05,91,310,32302895.92,656745356.0,0.293548387,0.049186333
2010-05-06,82,180,3788900.509,154682266.4,0.455555556,0.024494731
2010-05-07,84,146,47181247529.0,122467097.7,0.575342466,385.2565172
2010-05-10,114,145,4832267125.0,295285071.0,0.786206897,16.36475257
2010-05-11,119,174,26736866115.0,104288131.9,0.683908046,256.3749645
2010-05-12,79,260,3276875223.0,254667473.3,0.303846154,12.86727033
2010-05-13,96,293,20105217.68,372273324.3,0.327645051,0.054006603
2010-05-14,77,278,10547553.86,341708590.4,0.276978417,0.030867102
2010-05-17,94,242,177777180.5,203263660.8,0.388429752,0.87461369
2010-05-18,106,188,6285166.377,361350942.9,0.563829787,0.017393524
2010-05-19,83,246,10430687.88,5834527557.0,0.337398374,0.001787752
2010-05-20,119,123,28314060.51,47681853.58,0.967479675,0.593812077
2010-05-21,131,86,7180183.17,36388695.94,1.523255814,0.197319057
2010-05-24,135,97,98586826.31,117257543.1,1.391752577,0.840771721
2010-05-25,90,102,10783015.74,52877336.39,0.882352941,0.203925093
2010-05-26,118,118,3987298156.0,29187199.95,1.0,136.6111913
2010-05-27,132,173,777429388.2,49386211129.0,0.76300578,0.015741831
2010-05-28,60,149,4469849.55,52770698.35,0.402684564,0.084703248
2010-06-01,86,196,10828886.91,476392191.0,0.43877551,0.022731034
2010-06-02,107,161,4631117.709,52593872.06,0.664596273,0.088054321
2010-06-03,106,244,40126944.34,205204737.0,0.43442623,0.195545897
2010-06-04,97,150,3077712.164,111373348.8,0.646666667,0.027634189
2010-06-07,96,126,46403103.15,73453357.23,0.761904762,0.631735633
2010-06-08,128,124,12545951.9,182977883.6,1.032258065,0.068565401
2010-06-09,89,112,24680613.78,146333661.3,0.794642857,0.168659853
2010-06-10,95,109,7255456.045,247899229.6,0.871559633,0.029267764
2010-06-11,80,107,17904789.3,64407690.36,0.747663551,0.277991482
2010-06-14,85,135,24398075.13,48760191.85,0.62962963,0.500368727
2010-06-15,58,169,2211604.242,206183672.6,0.343195266,0.010726379
2010-06-16,76,223,9149136.444,222993358.4,0.340807175,0.04102874
2010-06-17,68,186,12779484.77,150714313.5,0.365591398,0.084792774
2010-06-18,75,108,164634392.5,485071966.8,0.694444444,0.339401993
2010-06-21,61,99,4764071.691,58899855.99,0.616161616,0.080884267
2010-06-22,60,113,10751735.3,6298891376.0,0.530973451,0.001706925
2010-06-23,36,120,19490678.5,957714947.8,0.3,0.020351231
2010-06-24,38,82,2849655.306,258360471.6,0.463414634,0.011029765
2010-06-25,38,42,669629831.9,171991361.0,0.904761905,3.89339225
2010-06-28,73,58,9708844987.0,16759285.49,1.25862069,579.3113909
2010-06-29,47,92,27550306.29,35896127.73,0.510869565,0.767500787
2010-06-30,42,84,3739764.265,82606343.65,0.5,0.04527212
2010-07-01,100,84,18858671.63,24724123.18,1.19047619,0.762764022
2010-07-02,81,106,4050876.884,52470639.43,0.764150943,0.077202735
2010-07-06,56,114,4355075.234,62338783.19,0.49122807,0.069861409
2010-07-07,45,68,3345338.211,17177181.9,0.661764706,0.194754776
2010-07-08,61,90,3056501.371,66438785.89,0.677777778,0.046004775
2010-07-09,54,66,3516003.364,83393377.55,0.818181818,0.042161662
2010-07-12,32,69,781790.952,35391770.55,0.463768116,0.022089625
2010-07-13,30,60,3896286.384,26385079.94,0.5,0.147670062
2010-07-14,21,85,459259.0725,57976103.02,0.247058824,0.007921524
2010-07-15,40,99,1316661.336,56043144.14,0.404040404,0.023493709
2010-07-16,57,71,4251575.866,107224044.0,0.802816901,0.039651329
2010-07-19,32,57,366168284.9,56382259.07,0.561403509,6.494388323
2010-07-20,46,47,9702490529.0,30880098.4,0.978723404,314.1988216
2010-07-21,34,52,365282576.4,69707100.69,0.653846154,5.240249169
2010-07-22,26,56,2022030.45,104520341.9,0.464285714,0.019345808
2010-07-23,35,85,2070542.91,82436618.18,0.411764706,0.025116786
2010-07-26,32,96,919396.1845,90295935.05,0.333333333,0.010182033
2010-07-27,44,139,7005028.805,281088824.7,0.316546763,0.024921051
2010-07-28,76,184,2685896.242,142176883.5,0.413043478,0.01889123
2010-07-29,60,135,2183855.919,138766793.0,0.444444444,0.015737597
2010-07-30,54,94,2869677.045,85658605.3,0.574468085,0.033501328
2010-08-02,85,147,11841062.47,97365049.69,0.578231293,0.121615123
2010-08-03,61,256,34383402.39,313680099.3,0.23828125,0.109612954
2010-08-04,84,232,138922509.4,163138072.6,0.362068966,0.851563998
2010-08-05,80,204,6635197.838,191707251.9,0.392156863,0.034611095
2010-08-06,63,173,5184453.784,203329752.0,0.36416185,0.025497763
2010-08-09,89,158,5631455.1,141145678.4,0.563291139,0.039898176
2010-08-10,81,188,23636668.27,242764214.9,0.430851064,0.097364714
2010-08-11,105,196,30010421686.0,209441497.0,0.535714286,143.2878494
2010-08-12,132,149,8159844.362,139313790.9,0.88590604,0.058571691
2010-08-13,108,134,14046723.0,4940410000000.0,0.805970149,2.84e-06
2010-08-16,138,120,10925535.29,142569896.4,1.15,0.076632835
2010-08-17,127,160,10221437.52,298627961.4,0.79375,0.034227999
2010-08-18,98,184,11163236.73,230529513.6,0.532608696,0.048424328
2010-08-19,96,153,21845357.16,356095998.6,0.62745098,0.06134682
2010-08-20,103,126,23864647.04,567340134.0,0.817460317,0.042064091
2010-08-23,134,87,11768306.56,60041555.62,1.540229885,0.196002692
2010-08-24,120,97,20685101.9,93712623.33,1.237113402,0.220729088
2010-08-25,97,118,8862905.88,198366179.6,0.822033898,0.044679521
2010-08-26,118,91,13681421.72,88391006.13,1.296703297,0.154782962
2010-08-27,97,106,9674886.614,87067750.45,0.91509434,0.11111906
2010-08-30,94,111,400245000000.0,81767923.16,0.846846847,4894.886535
2010-08-31,117,97,10842376.44,35522728.33,1.206185567,0.30522364
2010-09-01,101,133,38096624.01,164062976.8,0.759398496,0.232207319
2010-09-02,78,163,20336769.08,97119473.18,0.478527607,0.2093995
2010-09-03,74,223,4341383.327,200502054.7,0.331838565,0.021652563
2010-09-07,73,155,2822765.878,93440131.46,0.470967742,0.030209353
2010-09-08,83,163,4043206.209,202120110.0,0.509202454,0.020003978
2010-09-09,56,95,10006185.38,136402219.1,0.589473684,0.073357937
2010-09-10,80,151,12954657.58,82698765.68,0.529801325,0.156648742
2010-09-13,78,155,6654058.964,671932193.7,0.503225806,0.009902873
2010-09-14,80,180,4029081.494,248587724.3,0.444444444,0.016207886
2010-09-15,44,213,3998361.984,231395353.4,0.20657277,0.017279353
2010-09-16,62,194,2711054.254,149078562.3,0.319587629,0.018185406
2010-09-17,55,166,3185815.868,5423540000000.0,0.331325301,5.87e-07
2010-09-20,54,125,6688896.382,5423170000000.0,0.432,1.23e-06
2010-09-21,49,152,1196002.73,178026450.9,0.322368421,0.006718118
2010-09-22,42,160,2632370.3,209119981.6,0.2625,0.012587847
2010-09-23,36,122,3102978.934,91795842.86,0.295081967,0.033803044
2010-09-24,46,66,330881232.4,93583612.64,0.696969697,3.535674923
2010-09-27,32,82,1812600.238,124145605.7,0.390243902,0.014600599
2010-09-28,37,128,3125810.68,186923143.6,0.2890625,0.016722438
2010-09-29,37,116,4570216.4,137877713.7,0.318965517,0.033146883
2010-09-30,41,122,903853000000.0,92693653.37,0.336065574,9750.965152
2010-10-01,55,128,510826712.5,319332555.8,0.4296875,1.59967001
2010-10-04,65,177,6118414.393,136358089.7,0.367231638,0.044870197
2010-10-05,47,168,2624820000000.0,197627771.4,0.279761905,13281.63971
2010-10-06,46,107,2955369.606,91215771.0,0.429906542,0.032399766
2010-10-07,50,136,3291952.429,185647686.4,0.367647059,0.017732257
2010-10-08,18,107,2861344.2,95998939.48,0.168224299,0.029805998
2010-10-12,61,172,5407134.921,11798600000000.0,0.354651163,4.58e-07
2010-10-13,23,116,2501007.876,55886795.32,0.198275862,0.04475132
2010-10-14,25,115,211254000000.0,134835440.6,0.217391304,1566.75101
2010-10-15,41,112,4593321.538,247384187.4,0.366071429,0.018567563
2010-10-18,37,105,24910925.83,94921640.41,0.352380952,0.26243674
2010-10-19,18,114,1988065.919,236295738.7,0.157894737,0.008413465
2010-10-20,21,87,33641967.56,116549595.0,0.24137931,0.288649373
2010-10-21,38,56,46832848.22,33828884.56,0.678571429,1.384404151
2010-10-22,42,113,39637054.21,57900600000000.0,0.371681416,6.85e-07
2010-10-25,20,94,2331364.25,218411188.6,0.212765957,0.010674198
2010-10-26,24,138,1330771.816,291356754.1,0.173913043,0.004567499
2010-10-27,37,176,14456351.72,453973096.4,0.210227273,0.031844071
2010-10-28,38,121,955653.0598,106840116.1,0.314049587,0.008944703
2010-10-29,40,182,134004000000.0,282396184.8,0.21978022,474.5231807
2010-11-01,45,187,9444866.872,1473758570.0,0.240641711,0.006408693
2010-11-02,67,225,17624445.74,351537730.7,0.297777778,0.050135289
2010-11-03,73,300,239194285.4,593262562.7,0.243333333,0.403184527
2010-11-04,69,301,7834276.962,504911026.7,0.22923588,0.015516153
2010-11-05,50,352,3411223.364,38313400532.0,0.142045455,8.9e-05
2010-11-08,66,347,130062158.2,16648829018.0,0.190201729,0.00781209
2010-11-09,73,327,3843183230.0,16481589556.0,0.22324159,0.233180375
2010-11-10,71,350,13640056.54,470437828.7,0.202857143,0.028994387
2010-11-12,123,548,565506267.3,1076288090.0,0.224452555,0.525422768
2010-11-15,65,224,225635000000.0,724467570.2,0.290178571,311.449164
2010-11-16,99,223,13427135.74,379227999.1,0.443946188,0.035406499
2010-11-17,94,249,2502580000000.0,1166586722.0,0.37751004,2145.214841
2010-11-18,83,158,6539993.807,438803243.4,0.525316456,0.01490416
2010-11-19,79,268,20116013.97,1191941869.0,0.294776119,0.016876674
2010-11-22,105,226,31043965.39,495032664.9,0.46460177,0.062710943
2010-11-23,92,246,9986502.932,657309124.2,0.37398374,0.015193008
2010-11-24,96,251,5107875.179,3474706977.0,0.38247012,0.001470016
2010-11-26,17,63,742155.02,111661056.2,0.26984127,0.006646498
2010-11-29,73,284,17866086.06,402544825.8,0.257042254,0.044382849
2010-11-30,87,143,12915918.37,98423484.5,0.608391608,0.131228014
2010-12-01,114,240,120535000000.0,166302531.0,0.475,724.7925716
2010-12-02,84,311,9333574.623,424311660.8,0.270096463,0.021996979
2010-12-03,65,405,74792894.54,523161807.9,0.160493827,0.142963216
2010-12-06,75,287,10856876.61,471103525.4,0.261324042,0.023045628
2010-12-07,57,299,36649392.15,1374740000000.0,0.190635452,2.67e-05
2010-12-08,59,275,15407549.26,265827946.2,0.214545455,0.057960608
2010-12-09,52,242,3885310000000.0,259515866.3,0.214876033,14971.38672
2010-12-10,63,265,7161748.62,696790160.2,0.237735849,0.0102782
2010-12-13,71,259,15700696.31,1636762284.0,0.274131274,0.009592533
2010-12-14,69,320,4366215632.0,1903420094.0,0.215625,2.293879132
2010-12-15,66,255,9634045.79,597753850.3,0.258823529,0.016117079
2010-12-16,76,259,34563450.15,758052042.7,0.293436293,0.045595089
2010-12-17,81,284,5600224.725,510424001.9,0.285211268,0.010971711
2010-12-20,69,201,104861909.7,130155549.0,0.343283582,0.805666071
2010-12-21,67,223,78869434.55,1229704668.0,0.30044843,0.064136891
2010-12-22,62,257,9710545.016,404726045.6,0.241245136,0.023992884
2010-12-23,81,147,226887755.2,128170712.8,0.551020408,1.770199684
2010-12-27,52,110,2398985.883,324716606.0,0.472727273,0.007387937
2010-12-28,23,68,1094849.476,15051588160.0,0.338235294,7.27e-05
2010-12-29,61,128,80075600.96,119826410.7,0.4765625,0.668263369
2010-12-30,33,93,26324912.52,47366396.56,0.35483871,0.555771906
2011-01-03,82,149,111631365.8,1809673801.0,0.55033557,0.061685905
2011-01-04,78,213,733733499.8,115897828.2,0.366197183,6.330864961
2011-01-05,54,255,1112183.748,196748103.5,0.211764706,0.005652831
2011-01-06,39,130,2548887.66,97059401.52,0.3,0.02626111
2011-01-07,49,145,8968561.923,128010354.4,0.337931034,0.070061223
2011-01-10,27,83,4272688.778,41762330.63,0.325301205,0.102309634
2011-01-11,50,107,1958421.374,79686305.53,0.46728972,0.024576637
2011-01-12,29,118,6561360.768,76440709.24,0.245762712,0.085835948
2011-01-13,45,127,14394998.31,112905169.7,0.354330709,0.127496361
2011-01-14,32,125,55758758.36,63508459.32,0.256,0.877973721
2011-01-18,33,146,136506883.9,139874080.1,0.226027397,0.975926947
2011-01-19,35,131,1865607.862,93753147.08,0.267175573,0.019899149
2011-01-20,24,137,1953292.696,564584068.4,0.175182482,0.003459702
2011-01-21,39,98,696424.32,94824968.12,0.397959184,0.007344314
2011-01-24,38,66,25917340.34,43970628.94,0.575757576,0.589423917
2011-01-25,33,63,12910031.23,318981663.8,0.523809524,0.040472644
2011-01-26,42,105,3819153.061,67559490.65,0.4,0.056530223
2011-01-27,61,97,5663348080.0,95822197.27,0.628865979,59.10267393
2011-01-28,40,142,3687858.66,144682979.5,0.281690141,0.025489236
2011-01-31,64,119,6459312.453,152222902.2,0.537815126,0.04243325
2011-02-01,52,148,31859279.41,430137809.8,0.351351351,0.07406761
2011-02-02,60,212,9232050.813,2159355126.0,0.283018868,0.004275374
2011-02-03,71,289,1708128.215,45343276596.0,0.24567474,3.77e-05
2011-02-04,69,163,29382938.62,360173776.9,0.423312883,0.081579894
2011-02-07,37,173,12627505.42,280931239.7,0.213872832,0.044948741
2011-02-08,56,238,8417282.681,683727808.0,0.235294118,0.012310868
2011-02-09,73,296,10791064.0,400663800.6,0.246621622,0.026932965
2011-02-10,64,228,39689074.33,1044620994.0,0.280701754,0.037993755
2011-02-11,88,232,19259145.84,207443871.8,0.379310345,0.092840274
2011-02-14,123,258,61977684.82,466505549.9,0.476744186,0.132855193
2011-02-15,81,311,5752777.68,713740026.6,0.260450161,0.008060046
2011-02-16,77,320,18114816.15,460051829.0,0.240625,0.039375599
2011-02-17,71,291,10938206.39,18933041208.0,0.243986254,0.000577731
2011-02-18,57,297,62528814745.0,5295797321.0,0.191919192,11.80725223
2011-02-22,76,300,9343749.198,373740629.8,0.253333333,0.025000625
2011-02-23,96,211,7850448.811,247661124.2,0.454976303,0.031698349
2011-02-24,82,252,3291516.65,279184513.5,0.325396825,0.011789754
2011-02-25,69,180,38925074.88,1523826469.0,0.383333333,0.025544296
2011-02-28,63,230,17254707.94,2390975737.0,0.273913043,0.007216597
2011-03-01,76,320,14503954175.0,272414339.8,0.2375,53.24225657
2011-03-02,102,361,50693057.99,317916345.7,0.282548476,0.159454079
2011-03-03,84,331,17371392.61,373866217.2,0.253776435,0.046464194
2011-03-04,58,310,7855562.56,540951000000.0,0.187096774,1.45e-05
2011-03-07,84,266,10267257.62,245473411.3,0.315789474,0.041826353
2011-03-08,77,264,20307978.09,239378475.4,0.291666667,0.084836275
2011-03-09,63,254,10639488.19,339113969.0,0.248031496,0.031374373
2011-03-10,60,235,404068873.4,2337728977.0,0.255319149,0.172846757
2011-03-11,73,226,16818514.75,225110025.5,0.32300885,0.07471242
2011-03-14,80,118,5750675.468,7550393465.0,0.677966102,0.000761639
2011-03-15,87,169,7341136.374,283555885.5,0.514792899,0.025889557
2011-03-16,114,176,25007851595.0,638818355.2,0.647727273,39.14704609
2011-03-17,83,176,8384060.51,2280220453.0,0.471590909,0.003676864
2011-03-18,46,125,167612363.2,812315834.8,0.368,0.206338909
2011-03-21,58,117,5321742.919,74094420.83,0.495726496,0.071823801
2011-03-22,61,153,48778326.72,149337717.2,0.39869281,0.326630992
2011-03-23,49,164,11619270.36,128131371.1,0.298780488,0.090682479
2011-03-24,48,111,23295598.08,730814352.1,0.432432432,0.031876219
2011-03-25,28,111,211216000000.0,71561446.48,0.252252252,2951.528164
2011-03-28,40,146,2935519.156,92485539.29,0.273972603,0.031740304
2011-03-29,44,151,36008170966.0,83466314.64,0.291390728,431.4096186
2011-03-30,29,155,9580165.3,168870829.3,0.187096774,0.056730729
2011-03-31,81,119,25000000000000.0,91233569.26,0.680672269,274022.0642
2011-04-01,73,173,1627426268.0,244268023.0,0.421965318,6.662461371
2011-04-04,90,242,1626800000000.0,420589888.9,0.371900826,3867.893902
2011-04-05,64,258,100815445.9,183957577.6,0.248062016,0.548036385
2011-04-06,73,154,35083840.14,249614166.1,0.474025974,0.14055228
2011-04-07,64,137,3458102.478,130523006.3,0.467153285,0.026494199
2011-04-08,32,149,5660536370.0,474254345.7,0.214765101,11.93565525
2011-04-11,28,79,876696956.7,661663902.2,0.35443038,1.324988342
2011-04-12,21,105,15154001.12,248875463.6,0.2,0.060889896
2011-04-13,47,115,9649968.56,83079886.45,0.408695652,0.116152886
2011-04-14,29,78,1390417.57,403954684.2,0.371794872,0.003442014
2011-04-15,49,98,1074295.605,57538039.06,0.5,0.01867105
2011-04-18,52,116,66678090.48,96400671.79,0.448275862,0.691676616
2011-04-19,52,104,1403735.077,55507195.33,0.5,0.025289245
2011-04-20,32,98,1401836511.0,601395698.6,0.326530612,2.330971961
2011-04-21,34,129,1279980769.0,604967509.9,0.263565891,2.115784316
2011-04-22,25,58,1030397.287,103626514.1,0.431034483,0.009943375
2011-04-25,39,89,2675416.818,175209740.8,0.438202247,0.015269795
2011-04-26,28,74,848207.4063,123522822.6,0.378378378,0.006866807
2011-04-27,54,171,918785.2134,5473875531.0,0.315789474,0.000167849
2011-04-28,35,164,1161860.87,542441810.3,0.213414634,0.002141909
2011-04-29,59,185,22795111.57,228005785.8,0.318918919,0.099976022
2011-05-02,47,208,2294778.413,267555710.9,0.225961538,0.008576825
2011-05-03,53,335,2399339.545,828823223.0,0.158208955,0.002894875
2011-05-04,97,303,5207066.697,538853207.9,0.320132013,0.009663238
2011-05-05,61,225,4904955.15,279065938.6,0.271111111,0.01757633
2011-05-06,67,207,1565876.76,172305575.5,0.323671498,0.009087789
2011-05-09,80,237,8974231.884,914211860.2,0.337552743,0.009816359
2011-05-10,88,291,8880535.15,339117977.8,0.302405498,0.026187155
2011-05-11,94,366,6408873.022,5249421547.0,0.256830601,0.001220872
2011-05-12,84,276,18545229.72,298588268.0,0.304347826,0.062109707
2011-05-13,86,269,4941724.35,512389046.0,0.319702602,0.009644477
2011-05-16,86,242,11132963.36,1523050316.0,0.355371901,0.007309649
2011-05-17,125,237,7398046.808,2131324456.0,0.52742616,0.003471103
2011-05-18,95,262,8776881.719,1040817539.0,0.36259542,0.00843268
2011-05-19,109,212,14928863.55,134094152.6,0.514150943,0.111331205
2011-05-20,92,250,14824842.87,235435366.4,0.368,0.062967782
2011-05-23,89,194,56981209.74,185347127.4,0.458762887,0.307429689
2011-05-24,93,178,17931858.88,115397995.7,0.52247191,0.155391424
2011-05-25,97,146,8423465.231,598662587.1,0.664383562,0.014070472
2011-05-26,108,190,55863276.42,110287554.1,0.568421053,0.506523849
2011-05-27,74,174,15821406.93,159094000000.0,0.425287356,9.94e-05
2011-05-31,123,213,20562473.54,127909998.3,0.577464789,0.160757359
2011-06-01,80,205,10024332.46,193343438.0,0.390243902,0.051847286
2011-06-02,93,324,11366185.06,373417351.9,0.287037037,0.030438288
2011-06-03,79,261,14762807.96,237872903.7,0.302681992,0.062061747
2011-06-06,82,135,7606610000000.0,145235311.5,0.607407407,52374.37822
2011-06-07,81,123,8053317.229,418632600.4,0.658536585,0.019237196
2011-06-08,101,140,3679883348.0,95891479.77,0.721428571,38.3754986
2011-06-09,82,120,52303271.92,191768574.3,0.683333333,0.272741622
2011-06-10,75,121,21727985.1,108892296.9,0.619834711,0.199536475
2011-06-13,78,102,8340182.58,62383653.39,0.764705882,0.133691795
2011-06-14,106,127,2508644493.0,54760047.02,0.834645669,45.81158399
2011-06-15,87,126,13930454.6,60643697.95,0.69047619,0.229709847
2011-06-16,82,162,10663772.8,143850586.4,0.50617284,0.074130896
2011-06-17,80,136,31203415.29,836588365.2,0.588235294,0.037298409
2011-06-20,48,78,12251128.16,35428415.93,0.615384615,0.34579949
2011-06-21,50,101,43577190.71,68137949.93,0.495049505,0.639543613
2011-06-22,33,113,654545000000.0,95084248.91,0.292035398,6883.838231
2011-06-23,45,104,6803904.003,52378326.82,0.432692308,0.129899224
2011-06-24,57,77,10039776.97,87292411.68,0.74025974,0.11501317
2011-06-27,36,60,7637730000000.0,31329671.66,0.6,243785.8608
2011-06-28,30,76,5922388.679,96118584.14,0.394736842,0.061615438
2011-06-29,53,93,6745211.772,74514799.8,0.569892473,0.090521773
2011-06-30,49,117,9900028.63,1035754872.0,0.418803419,0.009558274
2011-07-01,63,133,140958246.3,1159278072.0,0.473684211,0.121591402
2011-07-05,76,201,24621191.49,172436401.7,0.378109453,0.142784187
2011-07-06,27,212,3025712.587,173810839.9,0.127358491,0.017408078
2011-07-07,63,111,34047036.73,137622947.0,0.567567568,0.247393603
2011-07-08,32,171,2575537.216,153271136.8,0.187134503,0.016803798
2011-07-11,40,88,3509656.492,109448954.0,0.454545455,0.032066606
2011-07-12,19,106,2068881.715,81025608.95,0.179245283,0.025533677
2011-07-13,18,98,42279652.17,5695330669.0,0.183673469,0.007423564
2011-07-14,24,73,291141.8935,52008080.64,0.328767123,0.005598013
2011-07-15,23,92,440050.8708,80195680.07,0.25,0.005487214
2011-07-18,34,82,3595578.79,31695005.44,0.414634146,0.113443072
2011-07-19,25,104,10000416259.0,81658163.9,0.240384615,122.4668273
2011-07-20,23,67,3649773.12,45072433.22,0.343283582,0.080975729
2011-07-21,36,100,4676388.863,70728858.36,0.36,0.066117126
2011-07-22,24,91,477935.3847,2454499187.0,0.263736264,0.000194718
2011-07-25,19,82,9888172.23,64191385.86,0.231707317,0.154042043
2011-07-26,60,86,4734312.608,98668879.41,0.697674419,0.047981822
2011-07-27,49,104,1852303.144,200330309.2,0.471153846,0.009246245
2011-07-28,67,87,2907313.708,195296970.3,0.770114943,0.01488663
2011-07-29,39,101,3096468.92,457259342.5,0.386138614,0.0067718
2011-08-01,69,90,8398407.975,188506495.0,0.766666667,0.044552353
2011-08-02,73,163,6464333.491,293107039.8,0.447852761,0.022054515
2011-08-03,97,194,812736343.7,241405457.0,0.5,3.366685882
2011-08-04,116,94,31598503.82,412601420.4,1.234042553,0.076583604
2011-08-05,129,105,29954403.15,425806280.2,1.228571429,0.07034749
2011-08-08,231,83,157160403.9,20430731.17,2.78313253,7.692353376
2011-08-09,319,96,68554971.7,40127080.63,3.322916667,1.708446531
2011-08-10,291,71,35446162.45,139669553.2,4.098591549,0.253785894
2011-08-11,291,97,109495612.2,50098014714.0,3.0,0.002185628
2011-08-12,191,89,37126890.17,31138246.66,2.146067416,1.192324365
2011-08-15,234,115,25000000000000.0,65203319.45,2.034782609,383416.5571
2011-08-16,161,105,28946386.67,614267140.1,1.533333333,0.04712345
2011-08-17,120,152,28233864.93,88650156.46,0.789473684,0.318486352
2011-08-18,131,92,38697262.41,246114343.9,1.423913043,0.157232861
2011-08-19,192,65,11136776.54,28402272.67,2.953846154,0.392108641
2011-08-22,233,65,92516848.83,15272093.26,3.584615385,6.057902296
2011-08-23,105,34,13809652.63,43311756.52,3.088235294,0.318843052
2011-08-24,220,116,16935388214.0,46086142.22,1.896551724,367.4724635
2011-08-25,97,78,26763661.36,1242467264.0,1.243589744,0.021540738
2011-08-26,108,98,22565189.05,1514220000000.0,1.102040816,1.49e-05
2011-08-29,103,90,6904521.632,51113871.67,1.144444444,0.135081171
2011-08-30,97,111,15703750.67,45081365.1,0.873873874,0.348342395
2011-08-31,89,151,85192183.65,60455649.26,0.589403974,1.409168286
2011-09-01,78,152,14179159.79,114205077.2,0.513157895,0.124155249
2011-09-02,84,150,13423439.92,89772263.86,0.56,0.149527698
2011-09-06,128,146,17601319.11,75633010.1,0.876712329,0.232720066
2011-09-07,115,80,13058817.06,24220978.43,1.4375,0.53915316
2011-09-08,104,96,64029064.29,252204016.6,1.083333333,0.253878051
2011-09-09,117,130,14223579.59,60711174.46,0.9,0.234282728
2011-09-12,106,112,13444425.13,63298239.52,0.946428571,0.212398089
2011-09-13,102,78,22650115.82,58288682112.0,1.307692308,0.000388585
2011-09-14,92,96,6437238.67,111011556.3,0.958333333,0.057987104
2011-09-15,75,105,13228286.8,145393713.0,0.714285714,0.090982523
2011-09-16,93,133,3759704.346,297834587.4,0.69924812,0.012623465
2011-09-19,72,108,4635775.391,75996038.77,0.666666667,0.061000224
2011-09-20,76,94,16845573.57,52324869.3,0.808510638,0.321942009
2011-09-21,66,71,10537198.47,43245846.5,0.929577465,0.243658046
2011-09-22,88,53,80380897.05,83798406.18,1.660377358,0.959217492
2011-09-23,100,43,42052654.47,40545032.05,2.325581395,1.0371839
2011-09-26,106,36,12500593.69,20442676.69,2.944444444,0.611494956
2011-09-27,77,51,19969388.61,158739000000.0,1.509803922,0.0001258
2011-09-28,52,70,9478060.546,87180551.9,0.742857143,0.108717602
2011-09-29,77,78,68977569.08,64426939.82,0.987179487,1.070632398
2011-09-30,39,42,6957639.444,35177504.55,0.928571429,0.197786612
2011-10-03,67,47,850218229.4,5553794.003,1.425531915,153.0878223
2011-10-04,105,84,13191320.51,37224693.23,1.25,0.35437016
2011-10-05,64,92,13773907.29,248419720.8,0.695652174,0.055446111
2011-10-06,83,49,5390697.464,48627886.09,1.693877551,0.110856093
2011-10-07,37,57,5936407.512,20178701.67,0.649122807,0.294191748
2011-10-11,70,88,4041171.375,32650562.17,0.795454545,0.123770346
2011-10-12,50,84,3531027.165,79408689.77,0.595238095,0.044466508
2011-10-13,25,61,751274.652,41842889.43,0.409836066,0.017954655
2011-10-14,46,77,1557561.014,62784394.44,0.597402597,0.024808092
2011-10-17,44,44,1515579.14,24562993.72,1.0,0.061701727
2011-10-18,34,61,788686.336,51121839.69,0.557377049,0.015427581
2011-10-19,17,80,1193796.6,100997632.5,0.2125,0.011820045
2011-10-20,37,64,8389909.698,307151096.1,0.578125,0.027315252
2011-10-21,22,50,291684.8877,128065477.4,0.44,0.002277623
2011-10-24,45,59,20729047023.0,31064169.56,0.762711864,667.2976396
2011-10-25,33,93,15482029.39,101057630.4,0.35483871,0.153200004
2011-10-26,22,158,2045125.519,164781724.7,0.139240506,0.012411119
2011-10-27,53,106,2026928.492,199355404.2,0.5,0.010167412
2011-10-28,44,199,4564810.59,396654672.6,0.221105528,0.011508274
2011-10-31,51,185,24986561.51,514421625.2,0.275675676,0.048572144
2011-11-01,68,212,8013238.648,794053945.7,0.320754717,0.010091554
2011-11-02,80,192,5411688.942,169542247.8,0.416666667,0.031919412
2011-11-03,84,189,34227553.47,221338081.6,0.444444444,0.154639243
2011-11-04,65,142,15804263.37,89006145.53,0.457746479,0.177563732
2011-11-07,80,168,36461064.04,206350243.3,0.476190476,0.176695038
2011-11-08,65,191,9598667.67,717015783.3,0.340314136,0.013386968
2011-11-09,84,195,21834964.82,241404164.3,0.430769231,0.090449827
2011-11-10,92,160,5985142.394,231049110.0,0.575,0.0259042
2011-11-14,141,298,22259765.68,325601601.6,0.473154362,0.068365037
2011-11-15,105,198,7201365.48,138938708.8,0.53030303,0.051831239
2011-11-16,122,208,14482930.43,330597865.9,0.586538462,0.0438083
2011-11-17,95,225,19372107.39,353169603.4,0.422222222,0.054852137
2011-11-18,142,160,10101696.62,219962545.0,0.8875,0.045924621
2011-11-21,132,98,274176889.9,65850704.53,1.346938776,4.163613614
2011-11-22,156,137,65614866.62,87501580.36,1.138686131,0.749870646
2011-11-23,149,109,536416789.5,857324713.8,1.366972477,0.625686838
2011-11-25,39,26,5485431.81,3659135.36,1.5,1.49910601
2011-11-28,166,85,27083349.44,169420376.7,1.952941176,0.159858867
2011-11-29,85,102,4022825.423,98969630.88,0.833333333,0.040647069
2011-11-30,104,127,9628544.733,204090064.1,0.818897638,0.04717792
2011-12-01,129,199,39132940.83,102486818.3,0.648241206,0.381833893
2011-12-02,88,252,19569575.86,297305645.2,0.349206349,0.065823089
2011-12-05,99,232,40380297.93,178206701.5,0.426724138,0.226592477
2011-12-06,77,215,4096313.782,172271427.2,0.358139535,0.023778254
2011-12-07,99,197,653319810.6,148705631.7,0.502538071,4.393376386
2011-12-08,89,148,4346012.251,123970601.3,0.601351351,0.035056797
2011-12-09,75,129,4203185708.0,214638772.4,0.581395349,19.58260226
2011-12-12,91,97,10218316.83,261346655.8,0.93814433,0.039098709
2011-12-13,82,151,13210056.98,119565914.7,0.543046358,0.110483469
2011-12-14,93,132,6163070.917,406322211.5,0.704545455,0.01516794
2011-12-15,83,110,5493453.61,80999611.85,0.754545455,0.06782074
2011-12-16,99,133,79219236.38,813614898.2,0.744360902,0.097366993
2011-12-19,66,126,12657199.59,57758196.8,0.523809524,0.219141183
2011-12-20,81,129,108808000000.0,246866362.3,0.627906977,440.7556176
2011-12-21,65,118,11860549.01,332887285.8,0.550847458,0.035629324
2011-12-22,89,121,84139763.42,230079273.3,0.73553719,0.365699014
2011-12-23,39,96,12931890.4,113049237.2,0.40625,0.114391664
2011-12-27,51,89,38279262.42,182877290.7,0.573033708,0.209316653
2011-12-28,56,78,13959410.96,58891549.67,0.717948718,0.237035891
2011-12-29,67,74,16435369.99,68791875.17,0.905405405,0.238914406
2011-12-30,39,40,5638194.513,26530978.73,0.975,0.212513627
2012-01-03,94,142,6685836.014,135896056.2,0.661971831,0.049198161
2012-01-04,86,130,4892038.274,49581424.38,0.661538462,0.098666755
2012-01-05,50,217,851669.2651,1285853840.0,0.230414747,0.000662338
2012-01-06,36,66,2469151.228,47890500.59,0.545454545,0.051558267
2012-01-09,46,76,6302125477.0,42069508.67,0.605263158,149.8026879
2012-01-10,18,91,5445133.88,3938319924.0,0.197802198,0.001382603
2012-01-11,27,101,6543123991.0,81109002.67,0.267326733,80.67074893
2012-01-12,38,120,1293504.863,4743840000000.0,0.316666667,2.73e-07
2012-01-13,53,99,3572507.61,152927675.6,0.535353535,0.023360766
2012-01-17,44,79,13069426.09,82881433.24,0.556962025,0.157688225
2012-01-18,36,109,3147207.008,53533389.43,0.330275229,0.058789609
2012-01-19,52,140,1995872.992,111852359.3,0.371428571,0.017843817
2012-01-20,29,128,1775711.71,218076268.5,0.2265625,0.008142618
2012-01-23,36,96,4743760000000.0,4743800000000.0,0.375,0.999992111
2012-01-24,28,113,464915123.2,67125330.79,0.247787611,6.926075711
2012-01-25,33,83,3704559.52,82497574.19,0.397590361,0.044905072
2012-01-26,60,86,54351419.12,208695851.2,0.697674419,0.260433635
2012-01-27,30,127,868056000000.0,543271944.3,0.236220472,1597.830062
2012-01-30,55,114,33730172.55,243963601.6,0.48245614,0.138259037
2012-01-31,54,123,21729041.63,521338776.1,0.43902439,0.041679312
2012-02-01,62,165,2262052.713,128336754.6,0.375757576,0.017625915
2012-02-02,74,215,5905593.323,428389566.1,0.344186047,0.013785568
2012-02-03,68,317,69827699.85,1985925143.0,0.214511041,0.035161295
2012-02-06,68,239,8113635.402,303338461.5,0.284518828,0.026747796
2012-02-07,55,274,171564612.5,260315295.8,0.200729927,0.659064662
2012-02-08,44,226,21024458.22,949372365.8,0.194690265,0.02214564
2012-02-09,85,194,5777563539.0,476595941.8,0.43814433,12.12256134
2012-02-10,62,211,36131234.71,8125220101.0,0.293838863,0.004446801
2012-02-13,74,218,30476705.66,515400286.1,0.339449541,0.059132109
2012-02-14,136,224,32432908.96,28990122831.0,0.607142857,0.001118757
2012-02-15,72,247,7294084.731,369773705.7,0.291497976,0.019725807
2012-02-16,72,222,20275823.35,217191512.8,0.324324324,0.093354584
2012-02-17,67,331,37368945024.0,556516965.2,0.202416918,67.14789909
2012-02-21,71,271,3846668033.0,345338752.2,0.26199262,11.13882531
2012-02-22,60,222,5331991.099,147137146.3,0.27027027,0.036238239
2012-02-23,76,283,11393769.23,232628339.2,0.268551237,0.048978423
2012-02-24,67,266,13745761.3,705435679.9,0.251879699,0.019485492
2012-02-27,58,250,59398996.54,213864150.2,0.232,0.277741718
2012-02-28,56,227,4612667.363,326821530.1,0.246696035,0.014113719
2012-02-29,61,338,11854618.04,445014546.5,0.180473373,0.02663872
2012-03-01,73,303,14428091.27,656161359.4,0.240924092,0.021988633
2012-03-02,78,353,3575083.91,1330120051.0,0.220963173,0.00268779
2012-03-05,80,324,25466951.55,299635693.5,0.24691358,0.08499305
2012-03-06,93,213,21041143.54,216720117.4,0.436619718,0.097089019
2012-03-07,105,197,30633984815.0,255045343.6,0.532994924,120.1119157
2012-03-08,97,196,6099742.799,571500837.1,0.494897959,0.0106732
2012-03-09,59,213,8241701.163,266052330.7,0.276995305,0.030977745
2012-03-12,55,249,6947107.61,217888655.5,0.220883534,0.031883751
2012-03-13,74,290,5726662.718,477829505.8,0.255172414,0.011984741
2012-03-14,48,288,220929516.3,668515243.4,0.166666667,0.330477904
2012-03-15,60,262,5800926.393,433893366.4,0.229007634,0.013369475
2012-03-16,56,228,2472475.106,198239067.6,0.245614035,0.012472189
2012-03-19,72,244,6527254.383,761220027.3,0.295081967,0.008574728
2012-03-20,70,187,2048721388.0,163468040.7,0.374331551,12.53285583
2012-03-21,49,179,394585606.0,258836398.3,0.273743017,1.524459499
2012-03-22,50,129,1366541577.0,106041294.3,0.387596899,12.88688133
2012-03-23,45,127,2294656.428,172403628.4,0.354330709,0.013309792
2012-03-26,39,93,7485843.14,171627056.3,0.419354839,0.043616917
2012-03-27,39,171,1146510.763,288498382.2,0.228070175,0.003974063
2012-03-28,30,213,1555742.99,843187822.7,0.14084507,0.001845073
2012-03-29,59,167,1967384.42,485992266.3,0.353293413,0.004048181
2012-03-30,51,96,3900433.258,89607551.2,0.53125,0.043527953
2012-04-02,77,113,2018233.508,112178434.4,0.681415929,0.017991279
2012-04-03,81,210,10531008.64,252234116.0,0.385714286,0.041750929
2012-04-04,51,247,12495384.52,915702031.4,0.206477733,0.013645688
2012-04-05,60,115,6734874.554,44831293.99,0.52173913,0.150227084
2012-04-06,21,57,1131543.76,1121574402.0,0.368421053,0.001008889
2012-04-09,35,43,1196704.114,43969934.46,0.813953488,0.027216418
2012-04-10,39,69,5864600.86,113960944.4,0.565217391,0.051461498
2012-04-11,45,94,1901602.683,65875688.69,0.478723404,0.028866532
2012-04-12,29,59,2294621.032,25323299.48,0.491525424,0.090613035
2012-04-13,20,68,1670256.01,51996573.41,0.294117647,0.032122425
2012-04-16,65,75,3907802.401,55895404.87,0.866666667,0.069912767
2012-04-17,39,73,162736255.9,29996040.39,0.534246575,5.425257926
2012-04-18,43,125,27815131.76,364268513.8,0.344,0.076358869
2012-04-19,36,64,180030689.8,385463146.9,0.5625,0.46705033
2012-04-20,34,63,1336391.572,275738728.4,0.53968254,0.004846586
2012-04-23,27,57,1961897.55,102283703.1,0.473684211,0.01918094
2012-04-24,28,107,11549555.39,828233932.5,0.261682243,0.013944799
2012-04-25,24,66,2563478.725,238246756.8,0.363636364,0.010759763
2012-04-26,39,120,261244690.9,252263831.4,0.325,1.035601059
2012-04-27,46,131,18169964.76,790161666.1,0.351145038,0.02299525
2012-04-30,53,185,6064053.566,398698603.5,0.286486486,0.015209618
2012-05-01,66,195,36912276.88,336733320.6,0.338461538,0.109618724
2012-05-02,66,288,22089531.32,307986213.1,0.229166667,0.071722468
2012-05-03,75,304,145434000000.0,355850280.9,0.246710526,408.6945698
2012-05-04,66,191,9257893.995,175622793.0,0.345549738,0.05271465
2012-05-07,82,144,12346807.26,227866572.6,0.569444444,0.054184373
2012-05-08,97,157,66697908.14,533596868.7,0.617834395,0.124996813
2012-05-09,101,190,7588781.939,319143135.3,0.531578947,0.023778616
2012-05-10,102,136,45106864.37,112184305.0,0.75,0.402078209
2012-05-11,86,149,12407003.8,253352450.1,0.577181208,0.04897132
2012-05-14,132,151,77567626.95,103123789.5,0.874172185,0.752179758
2012-05-15,115,181,18482716.82,641504575.5,0.635359116,0.028811512
2012-05-16,141,175,40985727.13,146063429.9,0.805714286,0.28060225
2012-05-17,137,177,25938320810.0,797371795.9,0.774011299,32.5297696
2012-05-18,170,121,22972579.96,199338506.6,1.404958678,0.115244066
2012-05-21,142,106,54961522.03,134158160.4,1.339622642,0.40967707
2012-05-22,114,127,6296011.335,6215786076.0,0.897637795,0.001012907
2012-05-23,121,144,14459267.89,418209278.3,0.840277778,0.03457424
2012-05-24,152,129,60861164.56,5669060151.0,1.178294574,0.010735671
2012-05-25,86,123,8360110.72,104723693.5,0.699186992,0.079830174
2012-05-29,141,139,7689045.959,107173389.3,1.014388489,0.071743984
2012-05-30,95,99,336546891.0,62038711.56,0.95959596,5.424788532
2012-05-31,106,178,9822482.722,164092676.3,0.595505618,0.059859361
2012-06-01,109,101,33892374.36,111545618.6,1.079207921,0.30384317
2012-06-04,138,136,139943678.6,93962993.63,1.014705882,1.489348872
2012-06-05,118,154,48739847.65,63928035.03,0.766233766,0.762417422
2012-06-06,87,107,3862448136.0,98420373.66,0.813084112,39.24439618
2012-06-07,85,125,12982635.25,72152442.71,0.68,0.179933413
2012-06-08,50,148,5497064.28,106841161.6,0.337837838,0.05145081
2012-06-11,58,134,2358247.74,458913417.9,0.432835821,0.005138764
2012-06-12,59,149,30864641.3,103873168.3,0.395973154,0.297137767
2012-06-13,61,145,7743484.378,2780939423.0,0.420689655,0.002784485
2012-06-14,64,113,6554561.94,90841120.92,0.566371681,0.072154129
2012-06-15,87,125,6899118.816,91906932.61,0.696,0.075066359
2012-06-18,88,124,4883589.277,173187207.3,0.709677419,0.028198326
2012-06-19,75,149,7375570.19,631855465.3,0.503355705,0.011672876
2012-06-20,74,120,13189288.12,79091659.47,0.616666667,0.166759532
2012-06-21,53,115,929730.86,87089358.64,0.460869565,0.010675597
2012-06-22,58,94,1852685.719,48783596.04,0.617021277,0.037977637
2012-06-25,28,55,6358756.28,88867913.56,0.509090909,0.071552893
2012-06-26,62,71,7311569.683,38632112.83,0.873239437,0.18926145
2012-06-27,54,70,10031925.14,44539222.83,0.771428571,0.225237993
2012-06-28,40,63,26933422.19,30511507.18,0.634920635,0.882729982
2012-06-29,55,86,38370968.91,115110801.3,0.639534884,0.33333943
2012-07-02,77,81,15781945.67,65828714.99,0.950617284,0.239742575
2012-07-03,77,271,131248908.6,1023061352.0,0.284132841,0.128290359
2012-07-05,60,162,2711388.963,215261878.2,0.37037037,0.012595769
2012-07-06,43,91,9893282.823,62097306.69,0.472527473,0.159319033
2012-07-09,45,86,16553324.38,297780639.5,0.523255814,0.055588988
2012-07-10,37,63,11579117.47,150210611.7,0.587301587,0.077085882
2012-07-11,41,87,14370397.65,89500442.95,0.471264368,0.160562308
2012-07-12,45,62,7957284.169,65231006.81,0.725806452,0.121986223
2012-07-13,34,52,77132275.1,63746480.72,0.653846154,1.209984837
2012-07-16,29,62,853846.6147,19704480.8,0.467741935,0.043332612
2012-07-17,29,101,131670487.1,72555965.17,0.287128713,1.814743788
2012-07-18,29,86,991451.1839,106283797.1,0.337209302,0.009328338
2012-07-19,10,88,300896.5955,60633458.99,0.113636364,0.00496255
2012-07-20,30,73,17637665.99,62511682.14,0.410958904,0.282149918
2012-07-23,39,72,3924032.855,178632220.9,0.541666667,0.021967106
2012-07-24,55,62,51859435.47,65188836.08,0.887096774,0.795526329
2012-07-25,30,87,27634252.0,566524073.4,0.344827586,0.048778601
2012-07-26,34,67,21077111.88,135677550.3,0.507462687,0.155347085
2012-07-27,101,108,12267626.58,189522807.8,0.935185185,0.064729025
2012-07-30,31,137,2786036.3,419052213.5,0.226277372,0.006648423
2012-07-31,55,174,4476536.42,20352302911.0,0.316091954,0.000219952
2012-08-01,52,157,106393952.8,183599137.1,0.331210191,0.579490484
2012-08-02,98,181,17480280.99,569385212.3,0.541436464,0.030700272
2012-08-03,97,192,1103633988.0,241208396.9,0.505208333,4.575437682
2012-08-06,71,165,15193265.8,110095321.6,0.43030303,0.138001012
2012-08-07,57,252,15358274.21,351206811.7,0.226190476,0.043730001
2012-08-08,73,273,58943971.31,260703622.9,0.267399267,0.226095712
2012-08-09,74,202,11436579.47,288302577.4,0.366336634,0.039668669
2012-08-10,104,181,7274718.61,296637265.0,0.574585635,0.024523954
2012-08-13,92,215,15182147.08,399797346.2,0.427906977,0.037974607
2012-08-14,73,204,5291300.973,433566382.5,0.357843137,0.012204131
2012-08-15,98,183,15344536.87,888579075.5,0.535519126,0.017268623
2012-08-16,104,239,22159044.39,257661477.8,0.435146444,0.08600061
2012-08-17,59,266,3663094.835,7983456797.0,0.221804511,0.000458836
2012-08-20,89,209,16651850.13,785400799.7,0.425837321,0.021201723
2012-08-21,70,195,4526828.889,719741899.1,0.358974359,0.006289517
2012-08-22,75,192,3773027.336,98331622.39,0.390625,0.038370437
2012-08-23,74,185,17645486.37,257549508.2,0.4,0.068512988
2012-08-24,83,159,30417297.33,250841228.0,0.522012579,0.121261156
2012-08-27,58,140,15350809.53,135465661.4,0.414285714,0.113318825
2012-08-28,60,190,3306035.022,205171508.1,0.315789474,0.016113519
2012-08-29,77,170,5749913.138,148069995.6,0.452941176,0.038832399
2012-08-30,64,173,10220390.5,168463332.1,0.369942197,0.060668339
2012-08-31,55,132,10252621.51,94907585.06,0.416666667,0.10802742
2012-09-04,69,161,28604431.06,171406868.2,0.428571429,0.166880309
2012-09-05,57,203,129702055.8,226936954.5,0.280788177,0.571533429
2012-09-06,80,303,6255116.864,286922789.8,0.264026403,0.021800697
2012-09-07,76,231,10594734.34,272939301.7,0.329004329,0.038817181
2012-09-10,66,221,2213445.58,3205113076.0,0.298642534,0.000690598
2012-09-11,67,214,5479708.146,293974296.0,0.313084112,0.018640093
2012-09-12,67,222,34080068.67,384496990.3,0.301801802,0.088635463
2012-09-13,53,176,8801460.507,512527614.4,0.301136364,0.017172656
2012-09-14,66,255,11384357.92,223237974.5,0.258823529,0.050996511
2012-09-17,42,232,9371653.29,185241283.0,0.181034483,0.050591602
2012-09-18,47,233,6766499.213,206774523.6,0.201716738,0.032724047
2012-09-19,51,176,4637087.438,1235275670.0,0.289772727,0.003753889
2012-09-20,31,102,16240584.21,100143702.2,0.303921569,0.162172796
2012-09-21,33,108,4596808.59,178103156.6,0.305555556,0.02580981
2012-09-24,34,108,11731730.42,58782322.21,0.314814815,0.199579227
2012-09-25,44,119,1432977.867,131613287.8,0.369747899,0.01088779
2012-09-26,32,102,16453297.98,976807076.8,0.31372549,0.016843959
2012-09-27,37,95,14645372.67,126055252.2,0.389473684,0.116182169
2012-09-28,44,67,38078425.78,212905374.1,0.656716418,0.178851407
2012-10-01,55,109,8648357.888,72044012.33,0.504587156,0.120042702
2012-10-02,56,166,24589099.6,932588007.3,0.337349398,0.026366519
2012-10-03,57,205,2601710.249,264819183.1,0.27804878,0.009824478
2012-10-04,43,92,509536.2814,132401879.5,0.467391304,0.003848407
2012-10-05,27,106,2873646.16,560835700.2,0.254716981,0.005123865
2012-10-09,65,147,55925922.43,369312702.1,0.442176871,0.151432437
2012-10-10,21,72,6790501.33,87666907.95,0.291666667,0.077457977
2012-10-11,45,70,17709005.55,274465041.7,0.642857143,0.064521898
2012-10-12,25,48,4415250.958,139201558.4,0.520833333,0.031718402
2012-10-15,41,57,13133988723.0,45626717.84,0.719298246,287.8574078
2012-10-16,34,78,20425971.3,49178416.42,0.435897436,0.415344226
2012-10-17,34,118,7664390.45,114370453.7,0.288135593,0.067013728
2012-10-18,18,83,4682981.922,68461010.68,0.21686747,0.068403634
2012-10-19,20,83,1349146.178,700761988.0,0.240963855,0.001925256
2012-10-22,46,75,58890774.98,60428423.92,0.613333333,0.974554211
2012-10-23,32,83,2417026.266,111636074.0,0.385542169,0.021650943
2012-10-24,21,69,3584660341.0,322520661.3,0.304347826,11.1145138
2012-10-25,52,62,68204074.99,962092453.1,0.838709677,0.070891394
2012-10-26,36,89,10928710.33,239669495.5,0.404494382,0.045599088
2012-10-29,32,90,25125561.75,2422245125.0,0.355555556,0.01037284
2012-10-30,15,47,236111.2,70047452.28,0.319148936,0.003370732
2012-10-31,23,21,30758539.93,178235115.4,1.095238095,0.172572839
2012-11-01,46,128,12368774.68,71422016.5,0.359375,0.173178738
2012-11-02,67,301,45979980.45,363524565.6,0.222591362,0.126483833
2012-11-05,63,255,15375008.32,415825704.4,0.247058824,0.036974646
2012-11-06,67,195,1425009182.0,7765190000000.0,0.343589744,0.000183513
2012-11-07,70,226,13570487.85,351050151.2,0.309734513,0.038656835
2012-11-08,95,177,17575131.72,143909903.0,0.536723164,0.122125937
2012-11-09,102,146,12511252.91,200367745.2,0.698630137,0.062441452
2012-11-13,200,275,21304275.55,251567758.2,0.727272727,0.084686033
2012-11-14,139,194,48629251.34,470815220.7,0.716494845,0.103287339
2012-11-15,166,168,40490521.18,360988961.8,0.988095238,0.112165538
2012-11-16,154,173,35347368.74,335491362.2,0.89017341,0.105359996
2012-11-19,151,199,25772010.87,1642210785.0,0.75879397,0.015693485
2012-11-20,141,287,24298662.61,1408551595.0,0.491289199,0.017250815
2012-11-21,109,321,19469549.74,670027003.7,0.339563863,0.029057858
2012-11-23,24,46,14702853.24,24792441.51,0.52173913,0.59303773
2012-11-26,86,213,5751729.33,332511299.9,0.403755869,0.017297846
2012-11-27,63,172,251184198.8,186142708.7,0.36627907,1.34941734
2012-11-28,67,243,9828200.92,685527224.5,0.275720165,0.014336704
2012-11-29,74,256,43386247.29,985748361.8,0.2890625,0.044013512
2012-11-30,76,265,3795405.8,610351659.7,0.286792453,0.006218392
2012-12-03,94,268,9194454.741,667166460.6,0.350746269,0.01378135
2012-12-04,85,282,6548030.807,271402985.3,0.30141844,0.024126598
2012-12-05,96,305,20482379.92,751497784.9,0.314754098,0.02725541
2012-12-06,74,189,6781183.659,245667439.9,0.391534392,0.027603103
2012-12-07,72,244,34480382.49,609062723.7,0.295081967,0.056612203
2012-12-10,102,233,18342953.81,346419525.8,0.43776824,0.052950115
2012-12-11,69,266,14354086.39,418581772.2,0.259398496,0.034292192
2012-12-12,71,292,14275659.01,850420991.7,0.243150685,0.016786579
2012-12-13,91,296,14742247078.0,893709967.2,0.307432432,16.49556077
2012-12-14,90,295,93288501.8,1431768604.0,0.305084746,0.06515613
2012-12-17,60,197,11217301.05,289027876.7,0.304568528,0.038810447
2012-12-18,62,250,13309598.29,1897184514.0,0.248,0.007015447
2012-12-19,72,267,79482372.88,1605717493.0,0.269662921,0.0494996
2012-12-20,64,231,33930909.26,560000876.0,0.277056277,0.060590815
2012-12-21,131,259,123822417.1,388317291.6,0.505791506,0.318869182
2012-12-26,69,200,5938437.005,249308215.4,0.345,0.02381966
2012-12-27,51,100,18031538.67,99556057.4,0.51,0.181119453
2012-12-28,94,122,5491559.198,559431750.6,0.770491803,0.009816317
2012-12-31,36,108,5793038.03,10349691523.0,0.333333333,0.000559731
2013-01-02,87,156,11970711.62,133498549.0,0.557692308,0.089669226
2013-01-03,121,240,1599390000000.0,302400216.2,0.504166667,5288.970206
2013-01-04,63,231,2239706.533,174794920.3,0.272727273,0.012813339
2013-01-07,48,79,3236638.292,34299245.15,0.607594937,0.094364709
2013-01-08,50,96,513813000000.0,513784000000.0,0.520833333,1.000057329
2013-01-09,28,90,426728.5617,54853519.51,0.311111111,0.00777942
2013-01-10,27,83,1000619876.0,34028185.7,0.325301205,29.40561935
2013-01-11,35,99,16770552.61,35684347.05,0.353535354,0.46996944
2013-01-14,25,74,7450258.352,47187148.57,0.337837838,0.157887446
2013-01-15,44,70,1901772.436,45431729.76,0.628571429,0.041860005
2013-01-16,25,120,522191.4669,172723962.4,0.208333333,0.003023272
2013-01-17,44,133,49962495642.0,105771000.5,0.330827068,472.3647825
2013-01-18,32,80,102141150.1,48336803.1,0.4,2.113113478
2013-01-22,41,81,9271821.878,34583165.34,0.50617284,0.268102176
2013-01-23,29,93,1220115.949,830645111.3,0.311827957,0.001468878
2013-01-24,18,129,42628006949.0,14596700000000.0,0.139534884,0.002920391
2013-01-25,21,98,453258.9535,7297560000000.0,0.214285714,6.21e-08
2013-01-28,43,131,7970789.007,7297660000000.0,0.328244275,1.09e-06
2013-01-29,37,143,22859167.62,124269094.3,0.258741259,0.183948936
2013-01-30,29,167,5756144.433,201323152.4,0.173652695,0.028591567
2013-01-31,36,128,1150412.91,429455845.0,0.28125,0.002678769
2013-02-01,43,163,72492080.26,363985209.7,0.263803681,0.199162159
2013-02-04,88,233,11986704.18,337219182.8,0.377682403,0.035545736
2013-02-05,44,303,5689667.567,560569000000000.0,0.145214521,1.01e-08
2013-02-06,100,206,7168405.301,398441476.5,0.485436893,0.017991112
2013-02-07,70,187,7880230.511,393314072.1,0.374331551,0.020035465
2013-02-08,76,186,31648577.54,296681222.1,0.408602151,0.106675365
2013-02-11,36,202,6830038.22,232400906.1,0.178217822,0.029389034
2013-02-12,41,219,2273635.84,453802236.2,0.187214612,0.005010191
2013-02-13,63,224,31974560.4,292147870.1,0.28125,0.109446495
2013-02-14,85,226,12765426.38,1766329993.0,0.376106195,0.00722709
2013-02-15,55,235,5401134.3,544171479.5,0.234042553,0.009925427
2013-02-19,57,338,5623954.501,387559422.7,0.168639053,0.014511206
2013-02-20,41,329,1256590.829,4629865856.0,0.124620061,0.00027141
2013-02-21,56,334,5728993.0,224019972.7,0.167664671,0.025573581
2013-02-22,72,236,4944200.932,1538982437.0,0.305084746,0.003212643
2013-02-25,64,159,5009548.21,1327027458.0,0.402515723,0.003775015
2013-02-26,59,212,5927410.86,227759792.4,0.278301887,0.026024834
2013-02-27,69,219,31505353711.0,244442032.3,0.315068493,128.8868097
2013-02-28,55,256,19660000000000.0,307714000000.0,0.21484375,63.8904349
2013-03-01,58,304,18671564.49,19251445441.0,0.190789474,0.000969879
2013-03-04,81,267,61267931.41,167351697.0,0.303370787,0.366102839
2013-03-05,78,369,5318422.742,325221836.7,0.211382114,0.016353215
2013-03-06,84,331,30942258.53,874316669.8,0.253776435,0.035390219
2013-03-07,81,383,4227855.052,480935442.0,0.211488251,0.008790899
2013-03-08,62,257,10343306.7,547194068.7,0.241245136,0.018902447
2013-03-11,53,269,65433323.16,177722763.8,0.197026022,0.368176376
2013-03-12,72,327,4152952.312,273322192.6,0.220183486,0.015194347
2013-03-13,56,329,23610344.6,1630815338.0,0.170212766,0.014477632
2013-03-14,73,225,7646793.344,3042278800.0,0.324444444,0.002513508
2013-03-15,70,288,10026617.04,758922768.0,0.243055556,0.013211643
2013-03-18,73,296,3834433.371,318776104.2,0.246621622,0.01202861
2013-03-19,54,208,3751826.962,162768249.9,0.259615385,0.023050116
2013-03-20,49,186,2439858.728,365496551.8,0.26344086,0.006675463
2013-03-21,43,121,3870764.458,622459513.7,0.355371901,0.0062185
2013-03-22,43,153,9676422.798,102814134.4,0.281045752,0.094115686
2013-03-25,44,130,336133413.2,419752610.7,0.338461538,0.800789333
2013-03-26,46,137,20866516.13,297849224.9,0.335766423,0.070057312
2013-03-27,34,125,23001843.13,116132561.6,0.272,0.198065407
2013-03-28,55,137,18926232.32,516757996.8,0.401459854,0.036624943
2013-03-29,26,77,18771220.61,120067487.7,0.337662338,0.156338914
2013-04-01,49,114,474438858.8,64347117.39,0.429824561,7.373117524
2013-04-02,51,160,38088066.3,88755224.79,0.31875,0.429136047
2013-04-03,61,291,964082131.9,294379580.0,0.209621993,3.274962659
2013-04-04,57,93,25395121.33,69432800.99,0.612903226,0.365751071
2013-04-05,45,88,3523249.327,639602413.9,0.511363636,0.005508499
2013-04-08,40,103,1837945.1,77792742.81,0.388349515,0.023626177
2013-04-09,42,81,984285.6401,71981752.02,0.518518519,0.0136741
2013-04-10,46,104,6049953.82,136410285.9,0.442307692,0.044351156
2013-04-11,38,105,3155341.52,119989386.7,0.361904762,0.026296838
2013-04-12,34,128,5074391.84,129362575.8,0.265625,0.039226119
2013-04-15,31,89,3547474.389,156668406.0,0.348314607,0.022643202
2013-04-16,43,112,5587884.045,107952225.7,0.383928571,0.051762565
2013-04-17,48,120,12237767.24,237597151.2,0.4,0.051506372
2013-04-18,33,69,8537209.101,224829525.4,0.47826087,0.037971922
2013-04-19,31,57,6251351074.0,541693851.8,0.543859649,11.54037664
2013-04-22,22,63,4211281.779,44177432.44,0.349206349,0.09532654
2013-04-23,46,87,23892537.84,140659586.6,0.528735632,0.169860714
2013-04-24,57,95,12495493.38,670231754.9,0.6,0.018643541
2013-04-25,22,90,1475464.922,1564061367.0,0.244444444,0.000943355
2013-04-26,31,139,871450.76,264247549.7,0.223021583,0.003297857
2013-04-29,63,152,13002373600.0,404549950.2,0.414473684,32.14034161
2013-04-30,59,145,3014053.69,101212034.9,0.406896552,0.029779598
2013-05-01,49,208,3444877.236,330094487.8,0.235576923,0.010436034
2013-05-02,89,274,3855784.151,318061994.5,0.324817518,0.012122744
2013-05-03,72,272,3179587.512,2324997060.0,0.264705882,0.001367566
2013-05-06,83,284,9799694.59,427365374.2,0.292253521,0.022930483
2013-05-07,74,296,20488516.15,1119747539.0,0.25,0.018297442
2013-05-08,56,326,5771817.572,39210150711.0,0.171779141,0.000147202
2013-05-09,50,260,16820017.75,483346868.8,0.192307692,0.034799062
2013-05-10,65,260,714290000000.0,719991085.2,0.25,992.0816911
2013-05-13,83,251,6211890.859,283228278.3,0.330677291,0.021932453
2013-05-14,74,280,28338730.79,2781180349.0,0.264285714,0.010189462
2013-05-15,66,346,67996863.18,804858440.3,0.190751445,0.084483009
2013-05-16,89,364,8963401.873,1154296450.0,0.244505495,0.007765251
2013-05-17,81,368,30104665.77,794073069.0,0.220108696,0.037911707
2013-05-20,86,278,75719579.73,339382132.0,0.309352518,0.223110095
2013-05-21,65,264,714311000000.0,1743709879.0,0.246212121,409.6501409
2013-05-22,85,309,9662994.195,645237278.1,0.275080906,0.014975877
2013-05-23,84,275,20264697.85,451207742.7,0.305454545,0.044912123
2013-05-24,75,207,8644128.56,487098398.2,0.362318841,0.017746165
2013-05-28,75,148,5301488.187,172579385.5,0.506756757,0.030719128
2013-05-29,82,224,33080251.6,1708513043.0,0.366071429,0.019362013
2013-05-30,59,268,5337521.464,931133649.7,0.220149254,0.005732283
2013-05-31,58,205,103058572.0,1264826650.0,0.282926829,0.081480393
2013-06-03,86,210,13082136.92,256885977.2,0.40952381,0.050925851
2013-06-04,80,247,16749349.08,168433267.7,0.32388664,0.099442048
2013-06-05,70,335,110796521.9,612065975.9,0.208955224,0.181020554
2013-06-06,79,126,62798113.78,382874699.9,0.626984127,0.164017403
2013-06-07,43,164,6202110707.0,325844742.4,0.262195122,19.03394439
2013-06-10,42,138,17338404.44,149392686.5,0.304347826,0.116059259
2013-06-11,53,213,2536626.45,307983024.1,0.248826291,0.008236254
2013-06-12,68,183,10612966.24,1199388462.0,0.371584699,0.008848648
2013-06-13,80,153,8947680.717,554819857.6,0.522875817,0.016127182
2013-06-14,51,141,4653795.997,777869717.2,0.361702128,0.005982745
2013-06-17,55,149,2252463842.0,603574674.2,0.369127517,3.731872688
2013-06-18,52,156,7325115.249,96353243.57,0.333333333,0.076023546
2013-06-19,53,191,3328650.666,193810845.1,0.277486911,0.017174739
2013-06-20,46,115,4694216.268,1218301734.0,0.4,0.003853082
2013-06-21,45,98,118445840.6,55346788.02,0.459183673,2.140067108
2013-06-24,67,68,39894830.49,61442518.98,0.985294118,0.649303303
2013-06-25,63,70,113061441.4,96093448.56,0.9,1.17657804
2013-06-26,43,92,1709909.94,57264531397.0,0.467391304,2.99e-05
2013-06-27,44,97,25072228.16,120312002.6,0.453608247,0.208393407
2013-06-28,40,68,20719570.45,231006708.9,0.588235294,0.089692505
2013-07-01,69,108,17542094.9,140820335.1,0.638888889,0.124570751
2013-07-02,106,232,29186312.62,241767401.0,0.456896552,0.120720629
2013-07-03,69,251,1619218.039,189940567.3,0.274900398,0.008524867
2013-07-05,9,29,945674.52,12164819.96,0.310344828,0.077738472
2013-07-08,39,103,2416438.738,92044782.63,0.378640777,0.026252859
2013-07-09,47,123,466235.348,106841339.5,0.382113821,0.00436381
2013-07-10,23,113,710099.1216,118737668.6,0.203539823,0.005980403
2013-07-11,31,103,608028.034,114345653.7,0.300970874,0.005317456
2013-07-12,19,108,1188100.02,77495876.63,0.175925926,0.015331139
2013-07-15,47,124,7520902.533,320303213.0,0.379032258,0.023480572
2013-07-16,40,128,2488592.687,91548689.88,0.3125,0.027183269
2013-07-17,29,159,27556721.56,114972984.9,0.182389937,0.23967997
2013-07-18,21,96,4287288.137,369190045.2,0.21875,0.011612686
2013-07-19,40,110,8357758.95,201354928.5,0.363636364,0.041507596
2013-07-22,8,103,146231.879,70270875.99,0.077669903,0.002080974
2013-07-23,68,103,15577390.64,1307559052.0,0.660194175,0.011913336
2013-07-24,35,130,3445126.41,217718509.3,0.269230769,0.015823764
2013-07-25,25,116,1451061.874,175085912.1,0.215517241,0.008287713
2013-07-26,48,142,9730576.471,305963909.4,0.338028169,0.03180302
2013-07-29,63,136,24346600.15,221581089.6,0.463235294,0.109876706
2013-07-30,42,185,2463883.77,301872761.7,0.227027027,0.008161994
2013-07-31,35,180,30826312.31,753765057.2,0.194444444,0.040896446
2013-08-01,85,248,30135792.11,353643357.0,0.342741935,0.085215208
2013-08-02,56,378,12491480.5,1517739384.0,0.148148148,0.00823032
2013-08-05,72,356,32134149.71,2289075970.0,0.202247191,0.014038044
2013-08-06,60,307,406765640.1,999480208.3,0.195439739,0.406977183
2013-08-07,49,290,63342508.52,1383336534.0,0.168965517,0.045789659
2013-08-08,65,208,6178132.353,207042944.4,0.3125,0.029839859
2013-08-09,80,189,13452546.83,541732647.4,0.423280423,0.024832446
2013-08-12,77,223,27769829.8,357429525.9,0.34529148,0.077693161
2013-08-13,73,226,18131861.59,414695539.5,0.32300885,0.04372331
2013-08-14,78,291,10219858.45,285863717.1,0.268041237,0.035750807
2013-08-15,86,250,39960911.93,941707930.4,0.344,0.042434507
2013-08-16,114,240,14610526.13,433353974.1,0.475,0.033714993
2013-08-19,116,215,8054348.665,337896972.4,0.539534884,0.0238367
2013-08-20,107,160,12468374.7,287762527.0,0.66875,0.043328695
2013-08-21,90,205,27759980.97,1189282148.0,0.43902439,0.023341796
2013-08-22,86,141,7306858.717,87381650.37,0.609929078,0.083620059
2013-08-23,53,161,7038221.918,201234082.7,0.329192547,0.034975298
2013-08-26,72,175,1604212512.0,427306000000.0,0.411428571,0.003754252
2013-08-27,61,171,4257034.321,246050408.7,0.356725146,0.017301472
2013-08-28,75,166,7720816.904,320216062.5,0.451807229,0.024111273
2013-08-29,104,104,32883421.56,160539902.6,1.0,0.204830207
2013-08-30,49,149,4584576.664,94566859.85,0.32885906,0.048479739
2013-09-03,100,167,18198630.53,469075966.1,0.598802395,0.038796766
2013-09-04,64,211,4638153.185,222401754.2,0.303317536,0.020854841
2013-09-05,82,303,9125605.371,225088245.4,0.270627063,0.040542345
2013-09-06,68,192,4696499.871,465955431.8,0.354166667,0.01007929
2013-09-09,69,145,82763106.62,268429124.3,0.475862069,0.308323871
2013-09-10,57,208,5932085.217,545570051.9,0.274038462,0.010873187
2013-09-11,54,217,3183491.984,417431341.5,0.248847926,0.007626385
2013-09-12,40,221,42046631.36,863163970.6,0.180995475,0.048712218
2013-09-13,52,242,3870149.499,854998280.3,0.214876033,0.0045265
2013-09-16,66,151,9860586.069,170427781.8,0.437086093,0.057857856
2013-09-17,56,235,3618097.212,278348291.5,0.238297872,0.012998453
2013-09-18,47,219,2188685.39,409423057.8,0.214611872,0.00534578
2013-09-19,30,134,1735727.249,347227822.1,0.223880597,0.004998814
2013-09-20,58,171,2434400.049,241634935.1,0.339181287,0.010074702
2013-09-23,24,137,445817.4356,231312927.7,0.175182482,0.001927335
2013-09-24,41,149,6065369.199,323853583.0,0.275167785,0.018728739
2013-09-25,21,138,5762908.766,205451640.9,0.152173913,0.028049952
2013-09-26,30,141,2423321.314,654514253.0,0.212765957,0.003702473
2013-09-27,22,92,122276617.1,468902197.8,0.239130435,0.260772113
2013-09-30,37,81,8669948.06,77031142.35,0.456790123,0.112551207
2013-10-01,28,111,2069571.344,3477075010.0,0.252252252,0.000595205
2013-10-02,50,213,63670451.15,631917684.4,0.234741784,0.100757508
2013-10-03,69,230,4757376.371,156796446.1,0.3,0.030341098
2013-10-04,28,88,2737648.9,67120247.09,0.318181818,0.040787229
2013-10-07,43,74,11918897.77,60761311.95,0.581081081,0.196159322
2013-10-08,49,102,1816657.222,64317877.74,0.480392157,0.028244981
2013-10-09,23,70,1609812.807,132749148.1,0.328571429,0.012126728
2013-10-10,11,67,1189936.54,59801574.57,0.164179104,0.01989808
2013-10-11,25,91,9841940.39,36675416.84,0.274725275,0.268352516
2013-10-15,42,169,16589245.94,276736155.3,0.24852071,0.059946074
2013-10-16,22,118,4073068.233,90248820.46,0.186440678,0.04513154
2013-10-17,31,134,79218696.98,1472412712.0,0.231343284,0.053801965
2013-10-18,39,112,22795275.34,505722411.3,0.348214286,0.045074679
2013-10-21,40,121,1556066.8,103591096.9,0.330578512,0.015021241
2013-10-22,36,123,28213739.04,366252081.0,0.292682927,0.077033662
2013-10-23,25,167,44464473.08,383137983.3,0.149700599,0.116053419
2013-10-24,24,104,2550299.874,190550845.4,0.230769231,0.013383829
2013-10-25,19,116,2846452.979,205942544.5,0.163793103,0.013821588
2013-10-28,31,159,61544161.38,420448323.2,0.194968553,0.146377469
2013-10-29,46,186,5327243.553,1298328548.0,0.247311828,0.004103155
2013-10-30,31,176,5711195.66,307213344.1,0.176136364,0.018590324
2013-10-31,61,185,35056863.57,332633423.4,0.32972973,0.105391885
2013-11-01,45,178,8104805.846,416219815.5,0.252808989,0.019472417
2013-11-04,50,255,9113157.096,581926959.1,0.196078431,0.015660311
2013-11-05,59,375,515994181.2,2872798493.0,0.157333333,0.179613775
2013-11-06,37,253,279615044.8,342612467.1,0.146245059,0.816126299
2013-11-07,57,211,30606707.9,440351444.0,0.27014218,0.069505183
2013-11-08,58,248,21329885.21,666289969.7,0.233870968,0.032012917
2013-11-12,100,369,57108974.36,457185317.1,0.27100271,0.124914279
2013-11-13,65,321,86290606295.0,562272731.4,0.202492212,153.4675282
2013-11-14,84,254,23567797.37,1314807485.0,0.330708661,0.017924904
2013-11-15,60,309,47948368.35,3018252843.0,0.194174757,0.015886134
2013-11-18,90,274,6622375345.0,1787346561.0,0.328467153,3.705143417
2013-11-19,88,342,8597399.516,438292321.0,0.257309942,0.019615675
2013-11-20,100,254,25705614.46,400844120.2,0.393700787,0.064128705
2013-11-21,76,213,600799461.0,761846519.2,0.356807512,0.788609577
2013-11-22,79,269,6052293.444,412878453.8,0.293680297,0.014658778
2013-11-25,71,256,6534755.348,385659194.3,0.27734375,0.016944378
2013-11-26,76,304,6187675.069,686410915.3,0.25,0.009014535
2013-11-27,62,304,280232790.2,594398673.0,0.203947368,0.471455949
2013-11-29,17,74,1135736.01,450629840.3,0.22972973,0.00252033
2013-12-02,79,270,282759400.7,181808988.4,0.292592593,1.555255343
2013-12-03,69,209,3327094.463,253565118.4,0.330143541,0.013121262
2013-12-04,79,331,35915449071.0,289118782.4,0.238670695,124.2238528
2013-12-05,71,156,48264455.54,190483623.2,0.455128205,0.253378504
2013-12-06,49,194,3617357.758,145185709.0,0.25257732,0.024915384
2013-12-09,57,178,5859543.664,378704929.9,0.320224719,0.015472584
2013-12-10,49,224,2896755.6,2293845448.0,0.21875,0.001262838
2013-12-11,61,216,3785022.6,232835460.3,0.282407407,0.016256212
2013-12-12,81,199,18557140.91,547361744.0,0.407035176,0.033902883
2013-12-13,64,167,18208275.25,784940537.1,0.383233533,0.023197012
2013-12-16,88,152,29224251.47,121040830.0,0.578947368,0.241441268
2013-12-17,52,229,37637113.66,438643892.2,0.227074236,0.085803346
2013-12-18,78,210,5971371.891,293594540.3,0.371428571,0.020338838
2013-12-19,75,147,64749064.09,536375029.4,0.510204082,0.12071603
2013-12-20,86,200,17993346854.0,482449512.8,0.43,37.29581309
2013-12-23,34,142,7209515.56,171754254.8,0.23943662,0.041975761
2013-12-24,16,105,3176949.53,62381653.7,0.152380952,0.050927626
2013-12-26,29,160,2075953.945,2486940192.0,0.18125,0.000834742
2013-12-27,12,76,344904.53,123689269.1,0.157894737,0.002788476
2013-12-30,67,106,3521322.692,66396087.55,0.632075472,0.053035093
2013-12-31,25,75,1734634.73,73342378.56,0.333333333,0.023651193
2014-01-02,66,125,5590520.314,101869042.9,0.528,0.054879482
2014-01-03,58,239,3792863.371,290596026.2,0.242677824,0.013052014
2014-01-06,59,244,1723359.795,209465504.2,0.241803279,0.008227416
2014-01-07,36,126,3142586.84,177428608.5,0.285714286,0.017711838
2014-01-08,26,128,1577893.74,102063444.4,0.203125,0.01545993
2014-01-09,25,126,1727408.675,145616536.2,0.198412698,0.011862723
2014-01-10,11,113,1070275.445,125054548.4,0.097345133,0.008558469
2014-01-13,21,93,321156.5089,94650720.76,0.225806452,0.00339307
2014-01-14,60,112,8513387.805,153324619.9,0.535714286,0.05552525
2014-01-15,32,128,10042379.49,606858504.5,0.25,0.01654814
2014-01-16,36,122,1988822.957,147167368.6,0.295081967,0.013514021
2014-01-17,37,199,2898133.07,207078188.8,0.185929648,0.013995356
2014-01-21,45,116,5331640.639,229865465.6,0.387931034,0.023194614
2014-01-22,23,88,956590.5926,88762635.63,0.261363636,0.010776951
2014-01-23,28,148,9620394823.0,164017611.6,0.189189189,58.65464526
2014-01-24,32,98,2594242.554,128260843.6,0.326530612,0.020226302
2014-01-27,44,75,11793740.62,88380882.77,0.586666667,0.133442213
2014-01-28,67,121,8627656.662,109621489.0,0.553719008,0.078704064
2014-01-29,37,106,1329887.84,156139253.6,0.349056604,0.008517319
2014-01-30,37,112,6998358.259,2718208463.0,0.330357143,0.002574622
2014-01-31,80,110,25951339.11,82663196.04,0.727272727,0.31394067
2014-02-03,72,118,31434986.81,372919491.0,0.610169492,0.084294298
2014-02-04,77,212,18732384.23,268276944.0,0.363207547,0.069824801
2014-02-05,73,266,26509960.38,469332642.5,0.27443609,0.056484374
2014-02-06,78,134,15312840.93,161677954.1,0.582089552,0.094711991
2014-02-07,70,175,12978946.82,454228837.7,0.4,0.028573586
2014-02-10,59,153,1012078758.0,207400400.5,0.385620915,4.879830297
2014-02-11,72,252,36936804.36,385279455.7,0.285714286,0.095870163
2014-02-12,66,279,17750153.75,424027580.1,0.23655914,0.041860847
2014-02-13,70,249,333926000000.0,587100699.6,0.281124498,568.770709
2014-02-14,66,229,143507248.1,374982258.3,0.288209607,0.382704101
2014-02-18,49,297,4481683.467,720085280.8,0.164983165,0.006223823
2014-02-19,57,300,32225647.29,792093167.3,0.19,0.040684163
2014-02-20,65,403,27521455.31,644594000000.0,0.161290323,4.27e-05
2014-02-21,71,246,14145663.02,223569260.3,0.288617886,0.06327195
2014-02-24,59,258,5169730000000.0,3019739468.0,0.228682171,1711.978053
2014-02-25,41,299,2278545.312,230396074.6,0.137123746,0.009889688
2014-02-26,52,342,4949753.072,500931240.7,0.152046784,0.009881103
2014-02-27,40,280,808114196.7,770130133.8,0.142857143,1.049321616
2014-02-28,40,299,20866676.08,299569778.0,0.133779264,0.069655478
2014-03-03,61,277,9093942.63,933981532.5,0.220216606,0.009736748
2014-03-04,60,419,27387659.32,549897381.5,0.143198091,0.049805037
2014-03-05,51,520,9491470.57,601141515.6,0.098076923,0.015789078
2014-03-06,55,304,3306473.016,623667401.1,0.180921053,0.005301661
2014-03-07,54,369,97693470.94,404445301.4,0.146341463,0.241549279
2014-03-10,52,250,4276074.783,581173943.4,0.208,0.007357651
2014-03-11,44,280,19462229.02,399989751.1,0.157142857,0.048656819
2014-03-12,47,261,1800789543.0,1425826987.0,0.180076628,1.262979
2014-03-13,80,240,10583686.88,785518285.5,0.333333333,0.013473508
2014-03-14,42,229,3602413.851,430200318.7,0.183406114,0.008373806
2014-03-17,59,220,12970694.1,238874083.0,0.268181818,0.054299294
2014-03-18,90,219,3657951.716,181352682.4,0.410958904,0.020170376
2014-03-19,47,217,2175425.269,746280740.7,0.216589862,0.002915023
2014-03-20,48,178,17219540.24,984718935.1,0.269662921,0.017486757
2014-03-21,61,154,18656984.87,151107184.4,0.396103896,0.123468549
2014-03-24,47,140,3892874.593,113440531.4,0.335714286,0.034316435
2014-03-25,37,112,4017132.517,102411072.3,0.330357143,0.039225568
2014-03-26,29,135,5738529.375,1294180475.0,0.214814815,0.004434103
2014-03-27,75,115,42923088.13,202085042.1,0.652173913,0.212401114
2014-03-28,52,92,11764659.02,104211724.4,0.565217391,0.112891895
2014-03-31,51,92,23335377.77,62922719.03,0.554347826,0.370857746
2014-04-01,39,144,10755825.65,1646547707.0,0.270833333,0.00653235
2014-04-02,74,263,9973235.997,634665996.1,0.281368821,0.015714149
2014-04-03,36,269,2525684.335,355895553.7,0.133828996,0.007096701
2014-04-04,59,123,3313553.963,955717992.7,0.479674797,0.003467083
2014-04-07,30,92,1441954.121,66897034.92,0.326086957,0.021554829
2014-04-08,30,90,5858992.59,37231161.37,0.333333333,0.157367978
2014-04-09,51,118,7627521.895,93646906.8,0.43220339,0.081449801
2014-04-10,49,91,32998782.13,49519505.46,0.538461538,0.666379477
2014-04-11,20,81,4604389.74,380170872.9,0.24691358,0.012111369
2014-04-14,33,63,6343493.679,27584799.37,0.523809524,0.229963379
2014-04-15,46,78,23929994.42,65312607.96,0.58974359,0.366391653
2014-04-16,57,132,7193915.499,126347475.7,0.431818182,0.056937548
2014-04-17,63,152,19499109.77,220411223.2,0.414473684,0.088466955
2014-04-18,19,48,965454.286,23802116.37,0.395833333,0.040561699
2014-04-21,23,43,1944296.366,24672359.39,0.534883721,0.078804639
2014-04-22,17,65,3633559.774,116529167.3,0.261538462,0.031181548
2014-04-23,29,124,16231153.75,165085883.5,0.233870968,0.098319453
2014-04-24,50,104,28318047.59,164020306.6,0.480769231,0.172649644
2014-04-25,34,85,2096522.286,205747444.1,0.4,0.010189785
2014-04-28,30,90,3611383.01,118395125.2,0.333333333,0.030502802
2014-04-29,81,72,6115749.31,107251772.8,1.125,0.057022361
2014-04-30,52,123,5320705.061,160556000000.0,0.422764228,3.31e-05
2014-05-01,44,162,4676784.92,376308534.3,0.271604938,0.01242806
2014-05-02,50,259,9791543.452,1083868916.0,0.193050193,0.009033882
2014-05-05,89,242,10046381.18,302947987.8,0.367768595,0.033162066
2014-05-06,87,194,17288560.67,1116739810.0,0.448453608,0.015481279
2014-05-07,70,209,5879657.212,411399460.5,0.33492823,0.014291845
2014-05-08,108,157,359353426.2,231892240.0,0.687898089,1.549656971
2014-05-09,88,192,28249861.75,693531260.9,0.458333333,0.040733365
2014-05-12,77,185,127841506.2,199210990.2,0.416216216,0.641739224
2014-05-13,104,260,1120317747.0,230210404.1,0.4,4.866494854
2014-05-14,93,281,412958535.7,484256840.2,0.330960854,0.852767584
2014-05-15,93,188,40562263.46,306894244.8,0.494680851,0.132170167
2014-05-16,155,208,875495530.1,387432718.3,0.745192308,2.259735662
2014-05-19,123,235,20537713.04,157904719.6,0.523404255,0.130063959
2014-05-20,88,176,24322887.99,98317828.52,0.5,0.247390411
2014-05-21,113,219,57424043.8,9181897866.0,0.515981735,0.00625405
2014-05-22,97,163,400015000000.0,130439444.8,0.595092025,3066.671519
2014-05-23,80,171,9707371.661,165873922.7,0.467836257,0.058522591
2014-05-27,66,167,9229574.23,95092466.08,0.395209581,0.097058943
2014-05-28,52,210,16094846.55,976206803.8,0.247619048,0.016487128
2014-05-29,70,261,13508317.24,1438646154.0,0.268199234,0.009389604
2014-05-30,67,228,3415891.54,631326397.6,0.293859649,0.005410659
2014-06-02,68,200,26787926.02,1397559160.0,0.34,0.019167651
2014-06-03,60,281,11248047.21,452006321.7,0.213523132,0.024884712
2014-06-04,99,277,15759059.38,386972765.4,0.357400722,0.04072395
2014-06-05,55,165,12236393.94,237947854.6,0.333333333,0.051424687
2014-06-06,75,236,57803031.61,1213760137.0,0.31779661,0.047623109
2014-06-09,58,214,23557948.68,445888750.3,0.271028037,0.052833692
2014-06-10,48,240,4029672.915,566704506.3,0.2,0.007110713
2014-06-11,35,221,3151261.99,403190001.4,0.158371041,0.007815824
2014-06-12,59,180,10183342.54,195978408.4,0.327777778,0.051961553
2014-06-13,54,170,15023347.85,237089407.2,0.317647059,0.063365749
2014-06-16,84,170,18776876.96,986817762.9,0.494117647,0.019027705
2014-06-17,51,176,13574578.41,183346535.7,0.289772727,0.074037823
2014-06-18,51,195,5055615.305,128765260.8,0.261538462,0.039262261
2014-06-19,22,157,934697.0,625981809.6,0.140127389,0.00149317
2014-06-20,44,133,31352395.72,198143774.2,0.330827068,0.158230537
2014-06-23,42,135,4445327.314,136677362.1,0.311111111,0.03252424
2014-06-24,52,120,4064236.725,98494934.7,0.433333333,0.041263408
2014-06-25,23,125,8656631.71,333003865.4,0.184,0.025995589
2014-06-26,37,119,16135042.94,665491136.0,0.31092437,0.024245316
2014-06-27,31,98,10273408.01,246163249.7,0.316326531,0.041734126
2014-06-30,47,109,46227692.46,120746731.3,0.431192661,0.382848397
2014-07-01,61,131,8648019.151,3789780173.0,0.465648855,0.002281932
2014-07-02,85,260,5384804.909,356434618.2,0.326923077,0.015107413
2014-07-03,44,228,1393485.466,336421482.8,0.192982456,0.004142082
2014-07-07,35,81,2528198.82,43726180.93,0.432098765,0.05781888
2014-07-08,18,93,3284334.726,87754542.96,0.193548387,0.037426378
2014-07-09,41,88,27280540.05,99456373.51,0.465909091,0.274296549
2014-07-10,19,60,596680.46,39088543.92,0.316666667,0.015264842
2014-07-11,24,73,17392035.24,85144963.77,0.328767123,0.204263816
2014-07-14,28,60,8872375.214,31054045.12,0.466666667,0.285707552
2014-07-15,20,103,401737.2917,208555423.2,0.194174757,0.001926286
2014-07-16,45,111,3544544.061,90065003.68,0.405405405,0.039355398
2014-07-17,55,114,2567084.681,566004492.4,0.48245614,0.004535449
2014-07-18,34,56,4473975.445,25632988.62,0.607142857,0.174539751
2014-07-21,25,58,1509926.22,114123123.5,0.431034483,0.013230677
2014-07-22,62,63,10053241.19,68028923.03,0.984126984,0.147778926
2014-07-23,51,85,71947302.46,111131850.7,0.6,0.64740488
2014-07-24,43,94,8897915.555,331895132.3,0.457446809,0.026809419
2014-07-25,35,93,21846892.58,446644147.2,0.376344086,0.04891342
2014-07-28,46,88,7496659.69,272951868.0,0.522727273,0.027465134
2014-07-29,61,111,5063898.677,425231046.6,0.54954955,0.011908582
2014-07-30,40,132,59938312.41,343737736.0,0.303030303,0.174372221
2014-07-31,52,134,18026382.59,531555849.2,0.388059701,0.03391249
2014-08-01,67,144,7417884.477,192059068.4,0.465277778,0.038622933
2014-08-04,104,156,27733100.44,264427476.4,0.666666667,0.104879798
2014-08-05,104,269,8017400.505,677890539.1,0.3866171,0.011826984
2014-08-06,80,177,47054344.25,150460891.4,0.451977401,0.312734717
2014-08-07,59,153,29391950.6,239377181.8,0.385620915,0.122785097
2014-08-08,70,147,7226981.929,203322166.6,0.476190476,0.035544486
2014-08-11,52,143,15471212.23,147804636.9,0.363636364,0.104673389
2014-08-12,48,183,7778955.929,196060281.5,0.262295082,0.039676348
2014-08-13,77,216,11759123.28,195562464.5,0.356481481,0.060129756
2014-08-14,77,222,20993926.96,539654667.0,0.346846847,0.038902521
2014-08-15,92,194,13152330.81,217217708.5,0.474226804,0.060549073
2014-08-18,93,227,73507947706.0,253747808.1,0.40969163,289.6889958
2014-08-19,88,274,22189063.22,283989658.0,0.321167883,0.07813335
2014-08-20,72,211,4067017.153,189883134.0,0.341232227,0.021418528
2014-08-21,89,204,13132134.37,533277672.3,0.43627451,0.024625322
2014-08-22,56,180,18470374.26,155306692.7,0.311111111,0.118928386
2014-08-25,110,184,13644838.11,244086577.0,0.597826087,0.055901632
2014-08-26,63,178,80015957.19,110148421.0,0.353932584,0.726437623
2014-08-27,64,247,5294025.232,567141596.4,0.259109312,0.009334574
2014-08-28,50,215,10664249.91,199746594.0,0.23255814,0.053388895
2014-08-29,67,147,59492912543.0,195112789.6,0.455782313,304.9154936
2014-09-02,59,133,11310219.51,112101258.3,0.443609023,0.100892886
2014-09-03,80,271,3723056.335,295266648.2,0.295202952,0.012609133
2014-09-04,73,325,3453558.004,362454118.8,0.224615385,0.009528263
2014-09-05,49,181,3678368.6,333696723.3,0.270718232,0.011023089
2014-09-08,54,154,4871167.107,1099664433.0,0.350649351,0.004429685
2014-09-09,48,153,2822158.43,364875915.0,0.31372549,0.00773457
2014-09-10,45,185,9114015.027,4077532869.0,0.243243243,0.002235179
2014-09-11,46,144,5305138.99,967889310.8,0.319444444,0.005481142
2014-09-12,62,175,17786985.97,254422396.0,0.354285714,0.069911243
2014-09-15,64,145,19756401.87,144952952.3,0.44137931,0.136295271
2014-09-16,68,152,4689411.758,130430137.7,0.447368421,0.035953437
2014-09-17,51,163,3600425.26,449168737.9,0.312883436,0.008015752
2014-09-18,50,87,25126491.18,82844621.35,0.574712644,0.30329659
2014-09-19,51,123,1916514.449,136867680.2,0.414634146,0.014002681
2014-09-22,69,105,9278266.35,147238482.4,0.657142857,0.063015227
2014-09-23,64,83,3463478.022,314836583.4,0.771084337,0.011000875
2014-09-24,55,77,16637628.89,81569970.63,0.714285714,0.203967572
2014-09-25,50,69,7549814.715,120272273.7,0.724637681,0.062772695
2014-09-26,37,54,1800020000000.0,2177840000000.0,0.685185185,0.826517436
2014-09-29,32,47,209346623.5,78132011.14,0.680851064,2.679396325
2014-09-30,69,74,34541955.95,62830911.27,0.932432432,0.549760544
2014-10-01,54,101,23752914.65,132908148.1,0.534653465,0.178716768
2014-10-02,67,171,14425228.13,90632844.37,0.391812865,0.159161154
2014-10-03,32,178,9025769.04,206614473.5,0.179775281,0.043684108
2014-10-06,54,55,9783852.742,17354390.6,0.981818182,0.563768153
2014-10-07,26,88,15840000000000.0,90875937.32,0.295454545,174303.7677
2014-10-08,29,80,11904939.38,175243159.7,0.3625,0.067933832
2014-10-09,37,86,28351980.98,135240815.5,0.430232558,0.209640713
2014-10-10,49,74,19512565.68,181692764.2,0.662162162,0.107393191
2014-10-14,55,102,153590361.8,958188024.7,0.539215686,0.160292508
2014-10-15,56,89,9615303.698,373656534.8,0.629213483,0.025733
2014-10-16,38,95,6749362.969,116095491.3,0.4,0.058136306
2014-10-17,53,111,10393789.87,82406554.71,0.477477477,0.126128193
2014-10-20,57,57,10161922.35,388096157.4,1.0,0.026184032
2014-10-21,47,72,26204932.97,74084522.53,0.652777778,0.353716702
2014-10-22,56,81,9966919.111,92978539.21,0.691358025,0.10719591
2014-10-23,36,85,6536620.599,55953689.78,0.423529412,0.116821976
2014-10-24,31,95,504271306.5,148224454.2,0.326315789,3.402079024
2014-10-27,49,95,5653658.474,178920687.5,0.515789474,0.031598685
2014-10-28,28,108,201172009.2,139830443.3,0.259259259,1.438685343
2014-10-29,40,148,25527780.37,410435362.0,0.27027027,0.062196835
2014-10-30,28,167,4955025.612,336042212.6,0.167664671,0.014745248
2014-10-31,46,173,6115923.12,448847121.9,0.265895954,0.013625849
2014-11-03,55,249,41861139.3,595554407.7,0.220883534,0.070289362
2014-11-04,61,333,21261976.83,462226723.9,0.183183183,0.045999021
2014-11-05,40,324,9529095.388,886965251.7,0.12345679,0.010743482
2014-11-06,63,245,6586089.146,347680000.2,0.257142857,0.018942962
2014-11-07,60,238,19331439.31,261361297.2,0.25210084,0.07396443
2014-11-10,105,224,79708193.62,640972220.7,0.46875,0.124355145
2014-11-12,166,499,31903102.03,1271677106.0,0.332665331,0.025087423
2014-11-13,93,224,15053479.34,261571229.7,0.415178571,0.057550211
2014-11-14,111,222,20913035.03,667289539.6,0.5,0.031340271
2014-11-17,115,204,11176742.66,317080519.0,0.56372549,0.03524891
2014-11-18,98,237,14029387.59,581801823.0,0.41350211,0.024113688
2014-11-19,100,288,22295139.24,347788081.1,0.347222222,0.06410553
2014-11-20,115,220,20735314.6,359969976.7,0.522727273,0.0576029
2014-11-21,101,177,14535457.46,228160297.4,0.570621469,0.063707216
2014-11-24,115,195,11549650.72,240667010.9,0.58974359,0.04799017
2014-11-25,99,271,13904651.04,333082378.9,0.365313653,0.041745382
2014-11-26,91,286,191802718.4,1607486957.0,0.318181818,0.119318367
2014-11-28,18,50,1475047.96,56750806.59,0.36,0.025991665
2014-12-01,125,228,12881594.63,220560885.7,0.548245614,0.058403804
2014-12-02,126,218,14816071.24,193310211.9,0.577981651,0.076644017
2014-12-03,89,301,7284615.009,451337413.3,0.295681063,0.016140065
2014-12-04,112,192,14662138.0,477518628.3,0.583333333,0.03070485
2014-12-05,82,236,27414348.05,358147152.8,0.347457627,0.076544928
2014-12-08,101,133,20802006.5,171970035.5,0.759398496,0.120962971
2014-12-09,93,191,27894170.33,294675096.8,0.486910995,0.094660766
2014-12-10,102,217,59785922.24,873569255.7,0.470046083,0.068438675
2014-12-11,112,205,60993745.34,210981561.9,0.546341463,0.289095146
2014-12-12,115,196,28972799.56,197130365.9,0.586734694,0.146972788
2014-12-15,138,151,17208285.3,157756976.0,0.913907285,0.109080978
2014-12-16,116,175,21979648.6,214449917.1,0.662857143,0.102493155
2014-12-17,81,197,132354583.1,326555945.4,0.411167513,0.405304466
2014-12-18,86,156,11529390.12,2352728715.0,0.551282051,0.004900433
2014-12-19,109,187,32021313.62,2282919668.0,0.582887701,0.014026474
2014-12-22,82,164,14265591.14,539211980.9,0.5,0.026456369
2014-12-23,68,213,99589163.34,244008773.3,0.319248826,0.408137634
2014-12-24,32,108,3176179.386,351212920.8,0.296296296,0.009043458
2014-12-29,45,154,510614000000.0,218329712.4,0.292207792,2338.728451
2014-12-30,70,90,317221063.8,60335742.38,0.777777778,5.257597757
2014-12-31,39,88,1534540.473,75470570.02,0.443181818,0.020332965
2015-01-02,32,66,7198457.64,29688834.92,0.484848485,0.24246346
2015-01-05,69,277,6737625.607,202540128.7,0.249097473,0.033265633
2015-01-06,36,251,1568538.683,244510723.6,0.143426295,0.00641501
2015-01-07,54,137,351596000000.0,156692379.7,0.394160584,2243.863412
2015-01-08,59,86,911106.8775,109252523.0,0.686046512,0.008339458
2015-01-09,33,100,845353667.1,113654984.3,0.33,7.437893486
2015-01-12,21,105,6504750.894,135606479.5,0.2,0.047967847
2015-01-13,21,77,506916.7164,63313340.15,0.272727273,0.008006476
2015-01-14,41,99,6502766.57,108765866.5,0.414141414,0.059786832
2015-01-15,35,113,28254771.09,206018559.0,0.309734513,0.137146727
2015-01-16,44,122,3522244.963,234782097.1,0.360655738,0.015002187
2015-01-20,43,158,1226834.276,9938326017.0,0.272151899,0.000123445
2015-01-21,28,74,2334375.185,1715423363.0,0.378378378,0.001360816
2015-01-22,77,96,3201574.608,108906816.6,0.802083333,0.029397376
2015-01-23,35,89,1702758.182,71296694.66,0.393258427,0.023882709
2015-01-26,85,65,8549543.876,111900071.4,1.307692308,0.076403382
2015-01-27,53,86,23964651.57,103476945.7,0.61627907,0.231594114
2015-01-28,49,92,10169023.64,865812547.3,0.532608696,0.011745064
2015-01-29,29,64,15000970.13,74761192.3,0.453125,0.200651831
2015-01-30,62,109,6111677.199,971452125.8,0.568807339,0.00629128
2015-02-02,75,96,3027210.716,251195750.0,0.78125,0.012051202
2015-02-03,66,185,22736392.03,455153153.7,0.356756757,0.049953278
2015-02-04,73,255,54372164.52,304935683.2,0.28627451,0.178306992
2015-02-05,71,181,3316009.24,217316218.3,0.392265193,0.015258913
2015-02-06,73,167,14179270.33,277973144.9,0.437125749,0.051009497
2015-02-09,53,189,58131343.52,445443555.9,0.28042328,0.130502154
2015-02-10,80,186,18488159.57,414627396.1,0.430107527,0.044589817
2015-02-11,72,196,18077408.51,1064438725.0,0.367346939,0.016983043
2015-02-12,47,219,25424761.23,185378389.0,0.214611872,0.137150621
2015-02-13,86,246,16172120.71,286748223.2,0.349593496,0.056398329
2015-02-17,84,278,39182172.89,146761000000.0,0.302158273,0.000266979
2015-02-18,53,309,15695559.49,2230264191.0,0.171521036,0.007037534
2015-02-19,45,310,17786048.58,608441560.8,0.14516129,0.029232139
2015-02-20,72,276,13677510.42,492168440.3,0.260869565,0.027790304
2015-02-23,72,241,73111215.97,380064842.4,0.298755187,0.192365112
2015-02-24,56,278,92801142.12,372283461.9,0.201438849,0.249275489
2015-02-25,66,297,229137205.7,1503260252.0,0.222222222,0.152426837
2015-02-26,53,256,37839453.13,271337902.1,0.20703125,0.139455096
2015-02-27,77,272,81148414.19,428192915.5,0.283088235,0.189513678
2015-03-02,81,263,61221756452.0,346316195.1,0.307984791,176.7799408
2015-03-03,74,375,6239493.008,447270300.8,0.197333333,0.013950162
2015-03-04,95,403,62868909.11,691678614.1,0.23573201,0.090893238
2015-03-05,79,218,28412505.18,200137037.3,0.362385321,0.141965253
2015-03-06,81,284,10505958.22,748677769.1,0.285211268,0.014032684
2015-03-09,75,247,13809545.59,255921950.0,0.303643725,0.053959989
2015-03-10,84,247,45054327.28,367100524.9,0.340080972,0.122730218
2015-03-11,77,269,21326252.6,1296981878.0,0.286245353,0.016442984
2015-03-12,76,205,19899523.03,274793893.5,0.370731707,0.072416176
2015-03-13,54,209,10564315.65,262145681.4,0.258373206,0.040299408
2015-03-16,100,249,6016068752.0,210302174.7,0.401606426,28.60678337
2015-03-17,57,213,312774568.3,241367666.8,0.267605634,1.295842862
2015-03-18,74,228,11116633.84,299903618.7,0.324561404,0.037067355
2015-03-19,59,172,5677292.732,178551247.7,0.343023256,0.031796433
2015-03-20,68,209,5455409.612,1720441435.0,0.325358852,0.003170936
2015-03-23,54,172,4401090.123,270916147.7,0.313953488,0.016245212
2015-03-24,65,199,6806802.295,188007817.7,0.326633166,0.03620489
2015-03-25,36,149,7396899.75,376368206.6,0.241610738,0.01965336
2015-03-26,33,107,2189542.408,465941374.7,0.308411215,0.00469918
2015-03-27,49,91,10809270974.0,549944903.7,0.538461538,19.65518891
2015-03-30,34,93,5420526.936,385947113.1,0.365591398,0.01404474
2015-03-31,72,84,16553090.77,442662391.3,0.857142857,0.037394392
2015-04-01,52,169,3502451.846,159237196.6,0.307692308,0.021995187
2015-04-02,60,205,7544004.29,127750145.3,0.292682927,0.059052804
2015-04-03,35,173,6886450.565,58171144327.0,0.202312139,0.000118383
2015-04-06,40,69,182252000000.0,41748023.94,0.579710145,4365.512806
2015-04-07,44,72,5375104.617,5050816233.0,0.611111111,0.001064205
2015-04-08,56,168,31227959.74,2061735862.0,0.333333333,0.015146441
2015-04-09,33,82,784565423.2,125632842.6,0.402439024,6.244907042
2015-04-10,36,97,3515208.01,39311666.1,0.371134021,0.089418953
2015-04-13,40,80,15175756.92,62211484.47,0.5,0.24393819
2015-04-14,31,93,14018134.88,485336259.3,0.333333333,0.028883346
2015-04-15,36,116,2865141.047,149252222.3,0.310344828,0.019196639
2015-04-16,48,112,3924003.232,99532689.74,0.428571429,0.039424266
2015-04-17,34,125,30005645174.0,130164326.4,0.272,230.5212649
2015-04-20,55,65,8278867.262,1363850564.0,0.846153846,0.006070216
2015-04-21,36,71,4060258.997,74844737.45,0.507042254,0.054249091
2015-04-22,43,110,14924892.07,213448812.5,0.390909091,0.069922582
2015-04-23,35,82,8120418.752,247784173.7,0.426829268,0.032772145
2015-04-24,32,101,3675979.375,165929968.8,0.316831683,0.0221538
2015-04-27,22,102,7641315.998,193256000000.0,0.215686275,3.95e-05
2015-04-28,50,149,4486002.71,167163847.1,0.33557047,0.026835962
2015-04-29,47,163,16948589.15,14205942677.0,0.288343558,0.001193063
2015-04-30,50,110,5034345.9,559345344.4,0.454545455,0.009000425
2015-05-01,74,130,18282967.34,228157712.9,0.569230769,0.080133023
2015-05-04,54,195,7616766.439,658244865.9,0.276923077,0.011571327
2015-05-05,61,265,3100066.199,254906189.8,0.230188679,0.012161596
2015-05-06,86,210,10265035.65,268879970.4,0.40952381,0.038177019
2015-05-07,67,184,294412240.1,185379610.8,0.364130435,1.588158691
2015-05-08,63,176,12284516.92,151993849.9,0.357954545,0.08082246
2015-05-11,75,215,7919835.37,1234213122.0,0.348837209,0.006416911
2015-05-12,92,241,65757340.25,234444651.6,0.381742739,0.280481298
2015-05-13,97,211,11363595974.0,319924916.3,0.45971564,35.51957161
2015-05-14,96,196,44912992.36,524348517.2,0.489795918,0.085654848
2015-05-15,95,257,135542059.6,548390781.8,0.369649805,0.247163271
2015-05-18,73,257,4481693.584,489280197.0,0.284046693,0.009159769
2015-05-19,67,298,5729161.362,762748504.1,0.224832215,0.007511206
2015-05-20,81,243,107262665.3,661236698.5,0.333333333,0.162215233
2015-05-21,111,217,51555430.26,690353700.2,0.511520737,0.074679733
2015-05-22,79,225,16307837.13,1090739742.0,0.351111111,0.014951172
2015-05-26,91,189,6076020.176,215590607.5,0.481481481,0.02818314
2015-05-27,106,174,109261923.0,875799699.4,0.609195402,0.124756749
2015-05-28,83,197,17674685.97,255315442.9,0.421319797,0.069226858
2015-05-29,98,172,25426279.45,1300585358.0,0.569767442,0.019549874
2015-06-01,107,159,14410234.07,190068533.2,0.672955975,0.07581599
2015-06-02,88,217,14980440.7,246667988.2,0.405529954,0.060731191
2015-06-03,72,288,18436365.17,761542858.4,0.25,0.024209229
2015-06-04,83,190,11565873.4,640204235.0,0.436842105,0.018065912
2015-06-05,55,197,58611897.11,121658228.5,0.279187817,0.481775034
2015-06-08,72,132,13712866.38,158120456.1,0.545454545,0.086724177
2015-06-09,68,161,39402674.09,189228139.0,0.422360248,0.208228408
2015-06-10,73,163,37881902.06,1314025189.0,0.447852761,0.028828901
2015-06-11,66,187,5704061.75,174377634.3,0.352941176,0.032710971
2015-06-12,67,164,16057979.64,1118039536.0,0.408536585,0.014362622
2015-06-15,62,157,10734962.23,152922245.1,0.394904459,0.070198827
2015-06-16,62,174,7417741.638,143060654.4,0.356321839,0.051850327
2015-06-17,58,220,25987874.58,1067677981.0,0.263636364,0.024340555
2015-06-18,62,141,8723689.646,326960684.7,0.439716312,0.026681158
2015-06-19,54,126,10261312.32,423684757.6,0.428571429,0.024219215
2015-06-22,63,117,4336927.679,187404296.0,0.538461538,0.023142093
2015-06-23,47,95,4712713.857,56535946.68,0.494736842,0.08335783
2015-06-24,50,133,50209783.32,33103900579.0,0.37593985,0.001516733
2015-06-25,45,81,10180564.79,182393770.4,0.555555556,0.055816406
2015-06-26,32,68,1740046.89,995284020.1,0.470588235,0.001748292
2015-06-29,47,73,4982260.588,93753622.41,0.643835616,0.05314206
2015-06-30,67,64,17622948.35,113919839.3,1.046875,0.154696043
2015-07-01,61,109,89891721.9,89048189.66,0.559633028,1.009472761
2015-07-02,79,179,130476792.7,283323495.1,0.441340782,0.460522318
2015-07-06,49,157,260443489.5,178496611.7,0.312101911,1.459094865
2015-07-07,45,71,13383266.88,42977314.08,0.633802817,0.311403055
2015-07-08,61,97,72582844.47,69948832.7,0.628865979,1.037656265
2015-07-09,39,57,9149654.078,58193069.19,0.684210526,0.157229275
2015-07-10,23,69,1886755.055,65060459.74,0.333333333,0.029000026
2015-07-13,24,72,918393.2,136694260.3,0.333333333,0.006718594
2015-07-14,26,77,6250909947.0,49641153.1,0.337662338,125.9219328
2015-07-15,24,99,878806.9725,212898582.6,0.242424242,0.00412782
2015-07-16,39,108,5720235.253,694861612.8,0.361111111,0.008232194
2015-07-17,52,124,2424064.191,123363312.6,0.419354839,0.019649798
2015-07-20,41,60,2798225.616,52206761.08,0.683333333,0.053598912
2015-07-21,29,70,20002177.66,77991052.9,0.414285714,0.256467594
2015-07-22,34,80,42025259.2,65998677.13,0.425,0.636759114
2015-07-23,40,65,18121308.5,126307234.4,0.615384615,0.143470076
2015-07-24,62,82,46474170.62,151702853.6,0.756097561,0.306350009
2015-07-27,52,96,8052952.577,841323776.5,0.541666667,0.009571764
2015-07-28,48,80,5420762.71,734346793.1,0.6,0.007381748
2015-07-29,90,105,4605398.87,235447598.3,0.857142857,0.019560186
2015-07-30,53,93,18473413.86,1220010071.0,0.569892473,0.015142018
2015-07-31,43,108,195901369.0,406650864.6,0.398148148,0.481743397
2015-08-03,92,141,377165694.5,282547842.3,0.65248227,1.334873738
2015-08-04,67,242,5644223.323,271185850.6,0.276859504,0.020813119
2015-08-05,91,292,25718150.42,865025120.1,0.311643836,0.029731102
2015-08-06,99,183,9605682344.0,529937384.1,0.540983607,18.12607042
2015-08-07,122,189,44995171.72,676224447.5,0.645502646,0.066538813
2015-08-10,121,149,25487054.19,176092152.0,0.812080537,0.144737025
2015-08-11,143,223,31977678.83,305082129.1,0.641255605,0.104816624
2015-08-12,136,209,16453276.46,412524119.4,0.650717703,0.039884399
2015-08-13,134,137,17162263.87,548041585.2,0.97810219,0.031315623
2015-08-14,117,164,14864248.04,248004050.4,0.713414634,0.059935505
2015-08-17,136,149,23808982.91,729942396.6,0.912751678,0.032617619
2015-08-18,114,242,10868258.57,1131102637.0,0.47107438,0.009608552
2015-08-19,116,267,20001582.91,433310036.9,0.434456929,0.046159981
2015-08-20,123,162,25470582.64,987522311.8,0.759259259,0.025792412
2015-08-21,126,81,43737295.75,88474181.25,1.555555556,0.494350952
2015-08-24,216,99,57760260.92,501963226.7,2.181818182,0.11506871
2015-08-25,196,83,40209412.51,884842933.0,2.361445783,0.045442429
2015-08-26,189,106,32830160.59,103681895.5,1.783018868,0.316643137
2015-08-27,157,77,91709641.19,98542714.74,2.038961039,0.930658765
2015-08-28,124,98,44135600.28,99163023.65,1.265306122,0.445081227
2015-08-31,97,73,123891168.8,173280822.4,1.328767123,0.714973343
2015-09-01,98,128,275149194.9,96304127.46,0.765625,2.857086214
2015-09-02,80,146,8185255.039,70597775.36,0.547945205,0.11594211
2015-09-03,94,209,11948125.73,170897742.8,0.449760766,0.069913888
2015-09-04,84,112,6009694.756,66036818.86,0.75,0.091005213
2015-09-08,87,95,32515124.9,76197979.54,0.915789474,0.42671899
2015-09-09,71,86,12222819.92,48696565.39,0.825581395,0.250999631
2015-09-10,64,174,5998993.28,128049993.1,0.367816092,0.046848837
2015-09-11,72,151,13018791.35,170394351.8,0.476821192,0.07640389
2015-09-14,80,102,21952086.24,71941847.02,0.784313725,0.305136539
2015-09-15,66,112,231004771.8,65610967.35,0.589285714,3.520825574
2015-09-16,74,137,17298585.49,97806160.92,0.540145985,0.176866011
2015-09-17,51,177,7865725.054,150105875.2,0.288135593,0.05240118
2015-09-18,60,107,2286221.42,69489758.02,0.560747664,0.032900121
2015-09-21,57,82,2219116.217,10778100225.0,0.695121951,0.000205891
2015-09-22,63,99,4285077.324,85362100.02,0.636363636,0.050198827
2015-09-23,49,91,3598890.499,322125258.2,0.538461538,0.011172333
2015-09-24,41,61,5093296.08,84034249.47,0.672131148,0.060609765
2015-09-25,37,53,21873899.99,121548475.5,0.698113208,0.179960299
2015-09-28,64,60,42384138.37,76959909.19,1.066666667,0.550730098
2015-09-29,75,55,8319037.77,147823143.6,1.363636364,0.056276964
2015-09-30,63,56,32844133.44,211562738.5,1.125,0.15524536
2015-10-01,65,61,5714798.123,163121505.4,1.06557377,0.035033996
2015-10-02,49,132,20907890.17,123824635.7,0.371212121,0.168850811
2015-10-05,76,130,6335063.228,164050271.8,0.584615385,0.038616597
2015-10-06,33,59,9026817.21,40027336.61,0.559322034,0.225516309
2015-10-07,49,114,1818407.81,75633806.05,0.429824561,0.024042262
2015-10-08,36,71,19549864.55,78207438.2,0.507042254,0.249974491
2015-10-09,32,107,6134674.039,156978159.2,0.299065421,0.039079793
2015-10-13,72,111,690852941.1,112604932.0,0.648648649,6.135192562
2015-10-14,22,71,563044.285,68811663.77,0.309859155,0.008182396
2015-10-15,38,57,2869079.735,39742272.82,0.666666667,0.07219214
2015-10-16,42,87,1716808.008,53555178.08,0.482758621,0.032056807
2015-10-19,35,125,2753320.516,94759111.33,0.28,0.029055998
2015-10-20,43,49,2704266.63,235533395.5,0.87755102,0.011481457
2015-10-21,32,68,3007922.673,86252822.28,0.470588235,0.034873325
2015-10-22,37,53,8215356.07,43544316.53,0.698113208,0.188666552
2015-10-23,58,90,13225298.18,113577329.6,0.644444444,0.116443116
2015-10-26,61,97,91107175.98,147162955.8,0.628865979,0.619090419
2015-10-27,27,145,6991347.35,277809348.1,0.186206897,0.02516599
2015-10-28,40,109,11190045.46,351256550.6,0.366972477,0.031857187
2015-10-29,50,121,22263894.65,270663296.2,0.41322314,0.082256793
2015-10-30,27,131,1046294.23,373423829.3,0.20610687,0.002801895
2015-11-02,60,125,4997582.625,132922930.2,0.48,0.037597596
2015-11-03,54,232,7803560.988,11177766391.0,0.232758621,0.000698132
2015-11-04,58,306,4700565.313,2086490000000.0,0.189542484,2.25e-06
2015-11-05,75,180,11788855.29,202899341.8,0.416666667,0.058101989
2015-11-06,85,184,12102848.29,267103968.6,0.461956522,0.045311376
2015-11-09,69,163,9069644.607,437014317.3,0.423312883,0.020753656
2015-11-10,91,182,3180360163.0,157377378.3,0.5,20.20849627
2015-11-12,191,335,76412899.13,1799264381.0,0.570149254,0.042468967
2015-11-13,138,150,26895859.64,570905028.5,0.92,0.047110917
2015-11-16,116,123,23588414.35,124118450.4,0.943089431,0.190047606
2015-11-17,87,182,28228105.44,1028205128.0,0.478021978,0.027453768
2015-11-18,140,218,56670903.21,566704995.9,0.642201835,0.100000712
2015-11-19,104,204,16866610.62,464453245.0,0.509803922,0.036314981
2015-11-20,92,180,35526730.0,423504445.1,0.511111111,0.083887502
2015-11-23,109,170,32670989.99,413951292.8,0.641176471,0.07892472
2015-11-24,123,230,15353882.86,334771594.5,0.534782609,0.045863756
2015-11-25,80,204,23588399.09,1861349914.0,0.392156863,0.012672738
2015-11-27,24,55,7154746.29,202155007.1,0.436363636,0.035392377
2015-11-30,85,163,10330831.98,159605419.6,0.521472393,0.064727326
2015-12-01,96,111,7038278.333,148048787.9,0.864864865,0.047540263
2015-12-02,71,249,11557060.43,642933364.6,0.285140562,0.017975518
2015-12-03,81,252,37147753.54,186735433.7,0.321428571,0.198932537
2015-12-04,110,150,6636982.584,148432554.1,0.733333333,0.044713794
2015-12-07,114,121,97320863.43,141126012.2,0.94214876,0.689602589
2015-12-08,100,132,98527810.77,130156000000.0,0.757575758,0.000756996
2015-12-09,105,127,19175266.78,148200580.4,0.826771654,0.129387258
2015-12-10,93,119,107903586.8,779176712.3,0.781512605,0.138484101
2015-12-11,96,133,19299762.88,254051030.8,0.721804511,0.075968056
2015-12-14,109,122,20994751.74,83929395.67,0.893442623,0.250147777
2015-12-15,119,123,216557889.0,167009206.5,0.967479675,1.296682342
2015-12-16,143,158,30444345.09,131749936.4,0.905063291,0.231076735
2015-12-17,109,194,57847235.3,230046653.2,0.56185567,0.251458713
2015-12-18,109,120,13810939.09,352984318.7,0.908333333,0.039126211
2015-12-21,102,73,39906992.63,53376690.05,1.397260274,0.74764832
2015-12-22,97,95,10176525.65,179109783.6,1.021052632,0.056817252
2015-12-23,79,117,28048712.1,157660794.2,0.675213675,0.177905435
2015-12-24,24,28,14863736.9,51467981.98,0.857142857,0.288795797
2015-12-28,66,75,25620719.97,118355958.3,0.88,0.216471738
2015-12-29,34,43,12145979.81,31916018.92,0.790697674,0.380560616
2015-12-30,90,83,13916455.24,82180365.91,1.084337349,0.16934039
2015-12-31,39,43,2909550.377,80020378.12,0.906976744,0.036360118
2016-01-04,82,87,179876221.5,163203113.3,0.942528736,1.102161704
2016-01-05,54,154,4863859.434,114578563.5,0.350649351,0.042449995
2016-01-06,72,168,20708826.49,112966415.5,0.428571429,0.183318435
2016-01-07,83,88,3560394.955,65505573.9,0.943181818,0.05435255
2016-01-08,77,68,173199585.0,65681519.12,1.132352941,2.636960706
2016-01-11,58,36,7245236.027,95498076.56,1.611111111,0.075867874
2016-01-12,62,49,44643733.32,45336485.41,1.265306122,0.984719766
2016-01-13,40,57,18229443.74,17655998.38,0.701754386,1.032478784
2016-01-14,41,47,24509226.96,22184984.78,0.872340426,1.104766454
2016-01-15,82,68,5955883.834,32309097.74,1.205882353,0.184340766
2016-01-19,53,88,2363916093.0,26879169.7,0.602272727,87.94602362
2016-01-20,47,68,5227001.154,35666829.33,0.691176471,0.146550766
2016-01-21,59,61,4354307.349,39674267.7,0.967213115,0.109751423
2016-01-22,64,57,42202452.4,23081790.97,1.122807018,1.828387253
2016-01-25,48,41,3944827.142,196113160.7,1.170731707,0.020115056
2016-01-26,44,37,28172991.27,71655070.62,1.189189189,0.393175124
2016-01-27,60,43,12625252.6,46438420.91,1.395348837,0.271870842
2016-01-28,59,60,7685603.853,50067492.94,0.983333333,0.153504867
2016-01-29,46,63,4853260.722,84155250.99,0.73015873,0.057670326
2016-02-01,86,59,23668507.13,499823851.5,1.457627119,0.047353697
2016-02-02,74,115,17178403.51,115111170.5,0.643478261,0.149233158
2016-02-03,96,143,9812867.543,1611568422.0,0.671328671,0.006089017
2016-02-04,103,78,20912244.58,197444444.4,1.320512821,0.105914576
2016-02-05,95,108,255041000000.0,210824056.6,0.87962963,1209.732395
2016-02-08,95,88,14752082.6,240326662.5,1.079545455,0.061383462
2016-02-09,83,90,110591476.8,88215617.82,0.922222222,1.253649631
2016-02-10,109,91,146250310.3,187362818.7,1.197802198,0.780572748
2016-02-11,103,96,53487321.34,79085412.12,1.072916667,0.676323482
2016-02-12,127,99,31106044.17,130726616.4,1.282828283,0.23794729
2016-02-16,164,134,249985991.2,96760932.81,1.223880597,2.583542593
2016-02-17,103,166,242086235.2,290758772.9,0.620481928,0.832601654
2016-02-18,89,262,27641999.58,329204094.2,0.339694656,0.083966148
2016-02-19,133,151,1573970718.0,237997404.3,0.880794702,6.613394473
2016-02-22,79,126,70644850.42,148819504.6,0.626984127,0.474701556
2016-02-23,87,157,22154091.59,388780287.2,0.554140127,0.056983577
2016-02-24,77,171,36866021.77,194398559.1,0.450292398,0.189641435
2016-02-25,66,140,18686728.69,178378660.7,0.471428571,0.104758768
2016-02-26,84,158,34143677.76,194748191.3,0.53164557,0.175322182
2016-02-29,74,149,350467197.7,17827476967.0,0.496644295,0.019658822
2016-03-01,86,206,10058109.77,836851166.3,0.417475728,0.012018995
2016-03-02,129,256,45586997.21,1148582974.0,0.50390625,0.039689773
2016-03-03,104,276,25806112.76,416381962.3,0.376811594,0.061977019
2016-03-04,84,168,6993115.568,205510915.8,0.5,0.034027952
2016-03-07,84,189,34513320.28,426907125.9,0.444444444,0.080845032
2016-03-08,71,207,30318260.13,301234561.1,0.342995169,0.100646685
2016-03-09,85,212,5032640.401,1979749773.0,0.400943396,0.002542059
2016-03-10,74,153,17079030.59,124551638.1,0.483660131,0.137124094
2016-03-11,56,189,90026808635.0,223757577.5,0.296296296,402.3408264
2016-03-14,67,166,6830674.782,302116997.4,0.403614458,0.022609369
2016-03-15,75,158,20221230.55,255233466.8,0.474683544,0.079226407
2016-03-16,97,168,52212719.85,549163138.5,0.577380952,0.095076884
2016-03-17,80,141,159277823.6,193731096.1,0.567375887,0.822159306
2016-03-18,84,147,115095289.4,136845659.1,0.571428571,0.841059118
2016-03-21,67,113,8659458.503,110376095.6,0.592920354,0.078454111
2016-03-22,65,114,4805904.334,161523068.0,0.570175439,0.029753672
2016-03-23,60,108,18098910.77,485648855.6,0.555555556,0.037267484
2016-03-24,36,76,4160023.84,115854716.2,0.473684211,0.035907246
2016-03-25,22,32,20823653.86,10733024.04,0.6875,1.940147882
2016-03-28,48,44,3963428.056,2025929660.0,1.090909091,0.00195635
2016-03-29,38,45,20334776.96,215245546.1,0.844444444,0.094472463
2016-03-30,44,105,35779661.82,105407133.2,0.419047619,0.33944251
2016-03-31,52,91,10946898.61,1708011684.0,0.571428571,0.006409147
2016-04-01,43,125,42512658.21,956228533.0,0.344,0.04445868
2016-04-04,59,121,4412903.185,60983441.82,0.487603306,0.072362318
2016-04-05,39,173,3708637.566,171770926.9,0.225433526,0.021590601
2016-04-06,36,105,113798218.8,787737448.1,0.342857143,0.144462116
2016-04-07,58,66,4911380213.0,75245630.22,0.878787879,65.27130145
2016-04-08,36,57,2830265.829,41734465.62,0.631578947,0.067816031
2016-04-11,20,56,1252552.592,52275114.97,0.357142857,0.023960781
2016-04-12,15,46,5023695.384,81741879.66,0.326086957,0.061458036
2016-04-13,29,82,3477461.628,58885937.5,0.353658537,0.059054195
2016-04-14,13,77,116284.37,266512763.4,0.168831169,0.000436318
2016-04-15,50,77,2552851.952,49671160.7,0.649350649,0.051395053
2016-04-18,45,83,4862772.631,216891703.7,0.542168675,0.02242028
2016-04-19,24,120,7632084048.0,216953723.0,0.2,35.1783963
2016-04-20,36,82,2388299.47,208366603.4,0.43902439,0.011462007
2016-04-21,44,73,3926018.8,84985159.29,0.602739726,0.046196522
2016-04-22,32,77,10331812.94,705268687.2,0.415584416,0.014649471
2016-04-25,26,56,199926181.1,95454223.96,0.464285714,2.094471809
2016-04-26,44,106,3518988.53,137617609.1,0.41509434,0.025570772
2016-04-27,52,102,8566498.076,110789879.6,0.509803922,0.077322027
2016-04-28,26,115,4914453.73,189463258.6,0.226086957,0.025938822
2016-04-29,33,126,7222112.535,289674120.8,0.261904762,0.024931853
2016-05-02,44,106,2714310.384,693746089.5,0.41509434,0.003912542
2016-05-03,52,164,15698745.54,186440739.7,0.317073171,0.084202335
2016-05-04,77,229,8171480.765,487954535.4,0.336244541,0.016746398
2016-05-05,74,129,10948166.36,907545841.4,0.573643411,0.012063486
2016-05-06,63,136,10701079.24,191336571.4,0.463235294,0.055928039
2016-05-09,69,148,12721511.27,472297678.6,0.466216216,0.026935367
2016-05-10,77,140,13441353.93,950607856.4,0.55,0.014139746
2016-05-11,97,228,37802776.1,256805191.2,0.425438596,0.147204096
2016-05-12,78,176,38396265.91,245173721.6,0.443181818,0.156608407
2016-05-13,85,159,1201772370.0,148296993.1,0.534591195,8.103821557
2016-05-16,123,151,28773005.49,1847066577.0,0.814569536,0.015577676
2016-05-17,107,229,1341952993.0,516672754.3,0.467248908,2.597297771
2016-05-18,101,229,25467678.16,701752712.8,0.441048035,0.036291528
2016-05-19,77,139,13365621.29,75665467859.0,0.553956835,0.000176641
2016-05-20,106,119,10691426.45,528881906.1,0.890756303,0.020215149
2016-05-23,117,135,5455244.669,178265982.5,0.866666667,0.030601714
2016-05-24,64,155,14268042.53,165052399.0,0.412903226,0.086445533
2016-05-25,78,183,81950077.76,984487570.8,0.426229508,0.083241353
2016-05-26,81,235,13347398.48,1126905150.0,0.344680851,0.011844296
2016-05-27,52,174,3241600.395,286994048.6,0.298850575,0.011295009
2016-05-31,57,168,77935215.43,281655831.2,0.339285714,0.276703717
2016-06-01,61,168,33911429.64,145677915.6,0.363095238,0.2327836
2016-06-02,69,246,22394973.99,407300838.1,0.280487805,0.054983864
2016-06-03,56,230,41088545.08,363069178.3,0.243478261,0.113170017
2016-06-06,86,178,3326879670.0,140019521.7,0.483146067,23.76011309
2016-06-07,49,196,18165639.34,183899017.1,0.25,0.098780513
2016-06-08,64,215,90544503.07,1123675445.0,0.297674419,0.080578875
2016-06-09,35,146,8145063.996,172461702.4,0.239726027,0.047228248
2016-06-10,57,163,86076429.2,864882200.5,0.349693252,0.099523876
2016-06-13,74,119,58883079.92,144921205.9,0.621848739,0.406310999
2016-06-14,78,141,9965918.243,94338879.96,0.553191489,0.105639565
2016-06-15,71,121,8969400.95,300484380.2,0.58677686,0.029849808
2016-06-16,49,113,4802488.531,82986650.14,0.433628319,0.057870616
2016-06-17,51,135,5453459.981,811260791.8,0.377777778,0.006722203
2016-06-20,70,82,8391235.384,122944049.6,0.853658537,0.068252473
2016-06-21,71,83,18394698.66,48409509.19,0.855421687,0.379981102
2016-06-22,44,93,14452301.22,4599812917.0,0.47311828,0.003141932
2016-06-23,45,66,10179151.84,54103733.2,0.681818182,0.188141395
2016-06-24,23,71,839914.43,98654959.6,0.323943662,0.008513656
2016-06-27,48,70,2996444.887,178099761.7,0.685714286,0.016824531
2016-06-28,45,40,6639702.975,158219489.6,1.125,0.04196514
2016-06-29,38,80,42856894.69,351405398.7,0.475,0.121958555
2016-06-30,58,70,25580983.92,425855887.4,0.828571429,0.060069579
2016-07-01,57,88,14889708.21,3588434148.0,0.647727273,0.004149361
2016-07-05,81,159,2082073.777,126068456.7,0.509433962,0.016515422
2016-07-06,61,155,23301271.57,126402558.4,0.393548387,0.184341772
2016-07-07,45,107,5570389.669,457347426.8,0.420560748,0.012179777
2016-07-08,26,62,7213453.078,81616861.32,0.419354839,0.088381898
2016-07-11,16,56,312851.8827,43797911.6,0.285714286,0.007143078
2016-07-12,24,97,2453713.856,116987945.0,0.24742268,0.020974074
2016-07-13,13,95,4096591.41,295484256.4,0.136842105,0.013863992
2016-07-14,16,72,1365058.44,198587000000.0,0.222222222,6.87e-06
2016-07-15,37,83,778183.9901,55557307.84,0.445783133,0.01400687
2016-07-18,31,57,2970436.887,68801322.99,0.543859649,0.043174125
2016-07-19,53,101,3593400.927,42476380508.0,0.524752475,8.46e-05
2016-07-20,21,50,13919128.02,835811792.7,0.42,0.016653424
2016-07-21,16,62,250177.2612,1082220000000.0,0.258064516,2.31e-07
2016-07-22,45,84,750775.8731,42396940092.0,0.535714286,1.77e-05
2016-07-25,21,59,60363329.91,192287588.4,0.355932203,0.313922133
2016-07-26,18,85,2154589.34,430197072.3,0.211764706,0.005008378
2016-07-27,49,122,32164979.9,210079486.1,0.401639344,0.153108619
2016-07-28,22,118,15042368.46,108258356.1,0.186440678,0.138948798
2016-07-29,47,118,2864576.99,1134969558.0,0.398305085,0.002523924
2016-08-01,25,157,1601411.6,259723919.5,0.159235669,0.006165823
2016-08-02,55,226,31585868.42,213621033.0,0.243362832,0.147859356
2016-08-03,45,247,48457745.7,368382601.4,0.182186235,0.131541896
2016-08-04,78,142,14156881.17,925745824.9,0.549295775,0.015292406
2016-08-05,54,159,13838285.86,1879519903.0,0.339622642,0.007362671
2016-08-08,49,211,39341506.28,240799149.1,0.232227488,0.163378926
2016-08-09,53,240,25288776.21,397243310.3,0.220833333,0.063660672
2016-08-10,65,207,42998126.11,806368883.0,0.314009662,0.053323147
2016-08-11,49,227,27602065.18,439748228.9,0.215859031,0.062767883
2016-08-12,57,221,57801779.62,328186558.2,0.257918552,0.176124763
2016-08-15,62,186,13736220.95,362389440.7,0.333333333,0.037904584
2016-08-16,78,252,149661000000.0,2273025329.0,0.30952381,65.84220547
2016-08-17,76,322,34328906.31,1768204149.0,0.236024845,0.01941456
2016-08-18,76,172,95825979.48,329178998.5,0.441860465,0.291105994
2016-08-19,78,178,20801020.57,301850007.9,0.438202247,0.068911777
2016-08-22,78,168,18426097.36,249418640.0,0.464285714,0.073876184
2016-08-23,49,177,7639017.178,383115163.2,0.276836158,0.019939219
2016-08-24,51,203,12469997.34,254191835.1,0.251231527,0.049057427
2016-08-25,48,162,17841780.18,516016437.4,0.296296296,0.034575992
2016-08-26,41,159,2082285.646,287638474.1,0.257861635,0.007239246
2016-08-29,47,148,176296902.3,469695908.2,0.317567568,0.37534264
2016-08-30,51,169,3834373.096,216359562.1,0.301775148,0.017722226
2016-08-31,48,147,7346213.784,208959372.9,0.326530612,0.035156182
2016-09-01,41,186,11076457.18,400000000000000.0,0.220430108,2.77e-08
2016-09-02,49,213,2130549.963,148043470.6,0.230046948,0.014391381
2016-09-06,60,236,17424369.65,516846914.5,0.254237288,0.033712825
2016-09-07,64,168,38434916.8,200493166.4,0.380952381,0.191701879
2016-09-08,55,196,29766871.31,519333952.3,0.280612245,0.057317399
2016-09-09,65,153,34103257.37,275046606.0,0.424836601,0.123990831
2016-09-12,38,91,23141341.28,64187217.28,0.417582418,0.360528813
2016-09-13,55,115,34804226.24,232432663.2,0.47826087,0.149738964
2016-09-14,45,121,6302114.889,70488198.26,0.371900826,0.089406667
2016-09-15,52,97,15103207.85,374811917.2,0.536082474,0.040295431
2016-09-16,62,137,76769383.9,765906880.9,0.452554745,0.100233313
2016-09-19,67,131,16100041.35,173458424.9,0.511450382,0.092817869
2016-09-20,37,97,12605254.96,126628318.8,0.381443299,0.099545308
2016-09-21,62,101,67855170.04,193193941.5,0.613861386,0.35122825
2016-09-22,47,85,5120060000000.0,249745904.1,0.552941176,20501.09616
2016-09-23,39,117,2312460.21,145115539.2,0.333333333,0.015935304
2016-09-26,26,97,1129449.161,277900743.4,0.268041237,0.004064218
2016-09-27,24,69,2109570.05,2411201289.0,0.347826087,0.000874904
2016-09-28,35,68,3518622.191,101109993.0,0.514705882,0.034799945
2016-09-29,31,56,1523146.68,162611630.8,0.553571429,0.009366776
2016-09-30,49,80,4761761.6,409807114.2,0.6125,0.011619519
2016-10-03,28,86,15110419.56,65188250.69,0.325581395,0.231796672
2016-10-04,66,180,28871290.24,714403252.7,0.366666667,0.040413156
2016-10-05,53,172,10340983.27,197656470.9,0.308139535,0.05231796
2016-10-06,48,77,9437984.161,131799266.6,0.623376623,0.071608776
2016-10-07,29,84,136495552.2,316598871.8,0.345238095,0.431130887
2016-10-11,35,110,8403633.041,96621715.0,0.318181818,0.08697458
2016-10-12,28,68,904080.9986,184589173.9,0.411764706,0.004897801
2016-10-13,47,54,8561036.53,25816821.31,0.87037037,0.331606917
2016-10-14,35,48,2813484.005,337042335.0,0.729166667,0.008347569
2016-10-17,54,37,5053023.952,21139775.56,1.459459459,0.239029215
2016-10-18,25,74,3287029.213,57477253.54,0.337837838,0.057188349
2016-10-19,24,73,1938488.106,75535954.47,0.328767123,0.025663118
2016-10-20,34,49,633294.8224,179785018.4,0.693877551,0.003522512
2016-10-21,48,64,7442736.037,95080112.78,0.75,0.078278578
2016-10-24,31,60,2282826.19,61252430.36,0.516666667,0.037269153
2016-10-25,27,64,1602260.652,123505071.3,0.421875,0.012973238
2016-10-26,24,81,75131652.29,162240152.4,0.296296296,0.463089138
2016-10-27,25,80,3245900.08,430937367.4,0.3125,0.007532185
2016-10-28,28,90,2704224.9,289700636.4,0.311111111,0.009334549
2016-10-31,49,84,12105257.17,483611684.1,0.583333333,0.025030944
2016-11-01,50,110,62727977.43,164194987.5,0.454545455,0.382033449
2016-11-02,69,160,18808134.46,190281481.1,0.43125,0.098843746
2016-11-03,89,187,96722685.74,301727983.4,0.475935829,0.32056253
2016-11-04,88,120,274036999.5,209722647.8,0.733333333,1.306663836
2016-11-07,76,113,16219599.18,126250141.1,0.672566372,0.128471929
2016-11-08,84,162,12555215.44,146436323.4,0.518518519,0.085738396
2016-11-09,84,200,77555004.33,466753007.9,0.42,0.166158553
2016-11-10,77,242,43594932.02,516155772.3,0.318181818,0.084460805
2016-11-14,157,502,109426576.3,645618052.2,0.312749004,0.169491197
2016-11-15,94,316,17133434.15,389919047.3,0.297468354,0.043941003
2016-11-16,78,328,14835851.26,387821720.8,0.237804878,0.038254307
2016-11-17,55,295,6036681.227,278171697.2,0.186440678,0.021701278
2016-11-18,59,250,8989466.634,394011786.2,0.236,0.022815223
2016-11-21,103,194,70389296.28,409169669.8,0.530927835,0.172029604
2016-11-22,97,279,92703488.47,603617009.8,0.347670251,0.15357998
2016-11-23,45,289,19360510.75,1281987126.0,0.155709343,0.015101954
2016-11-25,23,62,272351000000.0,204560973.8,0.370967742,1331.392586
2016-11-28,69,215,12355527.03,213463374.0,0.320930233,0.057881251
2016-11-29,44,129,4155136.083,101398733.5,0.341085271,0.040978185
2016-11-30,66,190,108416739.5,1037806245.0,0.347368421,0.104467226
2016-12-01,51,188,9643219.3,195301692.5,0.271276596,0.049376015
2016-12-02,74,239,8824131.491,375774728.6,0.309623431,0.023482504
2016-12-05,72,229,23137856.24,177265511.6,0.31441048,0.130526553
2016-12-06,73,165,168916492.1,120663471.0,0.442424242,1.399897506
2016-12-07,35,204,2747953.055,297854022.7,0.171568627,0.009225838
2016-12-08,36,217,27459030.37,179828938.6,0.165898618,0.152695281
2016-12-09,33,250,26344361.84,424025916.7,0.132,0.062129131
2016-12-12,54,208,6033583.444,211701355.2,0.259615385,0.028500448
2016-12-13,36,193,11230621.55,356541492.6,0.186528497,0.031498779
2016-12-14,57,222,41002032.76,286051624.0,0.256756757,0.143337878
2016-12-15,60,189,4634934.33,1404931530.0,0.317460317,0.003299046
2016-12-16,65,204,15327860.84,549666452.8,0.318627451,0.027885749
2016-12-19,83,174,110790745.5,114378983.3,0.477011494,0.968628522
2016-12-20,56,118,12722750.49,126515332.9,0.474576271,0.100562914
2016-12-21,67,112,19308663.94,183552145.3,0.598214286,0.105194433
2016-12-22,31,140,2510277.742,226445473.0,0.221428571,0.011085573
2016-12-23,18,82,5176926.843,112079640.6,0.219512195,0.046189717
2016-12-27,38,56,6843619.126,131204334.6,0.678571429,0.052160008
2016-12-28,33,86,40013430.64,74396807.4,0.38372093,0.537838007
2016-12-29,25,76,38164970.13,66957537.12,0.328947368,0.569987663
2016-12-30,27,40,2645541.067,71669435.61,0.675,0.0369131
2017-01-03,41,95,3053162.911,97435929.03,0.431578947,0.031335083
2017-01-04,62,198,3864867.508,163994926.7,0.313131313,0.023566994
2017-01-05,38,251,505570.6107,237073806.6,0.151394422,0.002132545
2017-01-06,45,141,9604477.78,74358614.82,0.319148936,0.129164291
2017-01-09,32,78,2921018.093,102083916.6,0.41025641,0.028613891
2017-01-10,42,71,15069436.81,72723571.63,0.591549296,0.207215301
2017-01-11,17,94,19220777.32,91313096.24,0.180851064,0.210493107
2017-01-12,9,89,6321035.89,118311777.3,0.101123596,0.053426937
2017-01-13,12,82,2516831.378,80454332.86,0.146341463,0.031282733
2017-01-17,44,67,1688315.135,38313546.29,0.656716418,0.04406575
2017-01-18,43,113,2821219.354,81601743.84,0.380530973,0.034573028
2017-01-19,22,156,685032.9655,534635910.9,0.141025641,0.001281307
2017-01-20,49,79,4768579.25,114754328.9,0.620253165,0.041554679
2017-01-23,27,53,32214634.01,100899900.9,0.509433962,0.319273198
2017-01-24,16,69,25985057.66,41598587.8,0.231884058,0.624662015
2017-01-25,19,83,377285.64,90067694.82,0.228915663,0.004188912
2017-01-26,38,121,1504035.655,778758997.4,0.314049587,0.001931324
2017-01-27,19,128,18487411.29,417473818.4,0.1484375,0.044284002
2017-01-30,33,97,1112840.35,171962480.6,0.340206186,0.006471414
2017-01-31,36,118,8193006.704,181367681.7,0.305084746,0.045173465
2017-02-01,35,150,30245049.49,314837711.8,0.233333333,0.096065523
2017-02-02,50,170,5624132.012,1121839290.0,0.294117647,0.005013313
2017-02-03,84,273,7670482.07,1696046085.0,0.307692308,0.004522567
2017-02-06,58,152,5404917.221,257444500.6,0.381578947,0.020994495
2017-02-07,48,141,4151014.183,430067936.6,0.340425532,0.009651996
2017-02-08,33,240,12840512.86,229723715.2,0.1375,0.055895461
2017-02-09,51,156,2532839.77,403833787.5,0.326923077,0.006271986
2017-02-10,52,190,5412033.187,1360964218.0,0.273684211,0.003976617
2017-02-13,53,206,14403000000000.0,273012642.3,0.257281553,52755.89254
2017-02-14,87,281,12440217.07,879470016.0,0.309608541,0.014145129
2017-02-15,48,284,20248823.95,342165699.6,0.169014085,0.059178416
2017-02-16,36,255,9814808.743,364845367.8,0.141176471,0.026901284
2017-02-17,57,329,4168741923.0,366376920.0,0.17325228,11.37828748
2017-02-21,42,249,7225247.692,197387428.9,0.168674699,0.036604396
2017-02-22,56,254,4892938.317,737879342.2,0.220472441,0.006631082
2017-02-23,32,323,7781444.286,807090879.3,0.099071207,0.009641348
2017-02-24,37,252,3943838.874,937503956.8,0.146825397,0.004206744
2017-02-27,51,190,4819590.256,209184888.2,0.268421053,0.023039859
2017-02-28,56,267,13547936.82,472170909.0,0.209737828,0.028692866
2017-03-01,43,324,5884815.336,677027759.9,0.132716049,0.008692133
2017-03-02,80,364,24975347.99,738925178.3,0.21978022,0.033799563
2017-03-03,43,412,19691615.6,498953132.1,0.104368932,0.039465862
2017-03-06,95,215,13028925.88,1249605217.0,0.441860465,0.010426434
2017-03-07,71,239,11525933.05,499064130.7,0.29707113,0.023095094
2017-03-08,43,259,12946946.9,453027705.3,0.166023166,0.028578709
2017-03-09,69,213,25175774.58,1150950025.0,0.323943662,0.021873908
2017-03-10,55,199,23484745.08,815054253.7,0.27638191,0.02881372
2017-03-13,65,212,10672701.57,316091106.2,0.306603774,0.033764637
2017-03-14,61,207,10583656.34,467696497.5,0.29468599,0.022629326
2017-03-15,88,211,35176016.05,792759283.1,0.417061611,0.044371623
2017-03-16,66,206,60708254.14,1203067747.0,0.32038835,0.05046121
2017-03-17,61,239,25781941.82,711228069.6,0.255230126,0.036249894
2017-03-20,64,150,10882668.0,169271691.5,0.426666667,0.064291128
2017-03-21,77,136,79685241.29,218325217.9,0.566176471,0.364984137
2017-03-22,39,171,9669932.67,554878315.8,0.228070175,0.017427123
2017-03-23,50,97,76176968.14,133728121.6,0.515463918,0.569640605
2017-03-24,42,75,7755772.919,166340805.4,0.56,0.046625799
2017-03-27,57,71,24655980.47,144443126.6,0.802816901,0.170696807
2017-03-28,39,90,35538142.77,56635631.68,0.433333333,0.627487356
2017-03-29,43,71,6774070.14,60350172.23,0.605633803,0.112246078
2017-03-30,31,88,12008844.5,100389687.9,0.352272727,0.119622291
2017-03-31,34,98,13917800000000.0,146171998.2,0.346938776,95215.27427
2017-04-03,38,88,1392904.08,190347135.3,0.431818182,0.007317704
2017-04-04,50,208,21293420.16,165123327.4,0.240384615,0.128954646
2017-04-05,37,193,2486429.92,139057188.8,0.191709845,0.017880628
2017-04-06,54,69,1224861.089,111847397.9,0.782608696,0.010951181
2017-04-07,37,84,3943066.986,48651693.79,0.44047619,0.081046859
2017-04-10,37,45,11117559.17,20137818.12,0.822222222,0.552073671
2017-04-11,19,77,815011.6885,85079815.94,0.246753247,0.009579378
2017-04-12,35,74,24623991.93,96026798.5,0.472972973,0.256428334
2017-04-13,21,94,13038223.08,180586593.4,0.223404255,0.072199286
2017-04-14,33,45,1920296.139,59287581.72,0.733333333,0.032389517
2017-04-17,23,43,8735824.548,72828409.66,0.534883721,0.11995078
2017-04-18,20,60,686897.2946,63325651.83,0.333333333,0.010847062
2017-04-19,49,109,13455759.03,70444255.32,0.449541284,0.191012865
2017-04-20,44,78,3165453.554,85249694.65,0.564102564,0.037131553
2017-04-21,32,80,10587707.36,146409269.4,0.4,0.072315827
2017-04-24,40,72,5354116.858,46365246.48,0.555555556,0.115476942
2017-04-25,25,86,115937000000.0,134879828.8,0.290697674,859.5550557
2017-04-26,27,131,1841656.152,26438300000000.0,0.20610687,6.97e-08
2017-04-27,16,103,1672368.46,146048035.6,0.155339806,0.011450811
2017-04-28,45,138,23892513.69,151074350.3,0.326086957,0.158150696
2017-05-01,56,141,23707765.67,430461605.5,0.397163121,0.055075215
2017-05-02,59,254,11375768.59,763238179.2,0.232283465,0.014904612
2017-05-03,49,292,5414747.19,993672116.1,0.167808219,0.005449229
2017-05-04,65,166,47020332.56,1781847621.0,0.391566265,0.026388526
2017-05-05,42,176,3664434.55,900783353.2,0.238636364,0.004068053
2017-05-08,65,174,9887947.563,187236223.4,0.373563218,0.052810014
2017-05-09,58,197,46597288.58,860479320.4,0.294416244,0.054152712
2017-05-10,59,210,52439920.06,274820060.4,0.280952381,0.190815474
2017-05-11,64,198,24940398.3,573356578.3,0.323232323,0.043498931
2017-05-12,79,205,5480658.808,1348234494.0,0.385365854,0.004065063
2017-05-15,96,173,23154870.68,480908194.4,0.554913295,0.048148214
2017-05-16,106,214,62299184.1,612827413.7,0.495327103,0.101658612
2017-05-17,79,288,70390677.09,296438493.5,0.274305556,0.237454577
2017-05-18,91,212,24739474.05,1303058004.0,0.429245283,0.018985704
2017-05-19,111,157,22769200.14,350608815.1,0.707006369,0.064941893
2017-05-22,87,121,18252778.26,345578373.0,0.719008264,0.052818057
2017-05-23,79,175,5938524.384,179497608.8,0.451428571,0.033084142
2017-05-24,66,170,18804068.79,560150606.5,0.388235294,0.033569666
2017-05-25,55,162,669548516.8,157933134.1,0.339506173,4.239442981
2017-05-26,57,159,59884693.64,417399760.5,0.358490566,0.143470839
2017-05-30,71,162,22001416.89,269848015.2,0.438271605,0.081532624
2017-05-31,71,146,58232834.14,951230630.8,0.48630137,0.061218418
2017-06-01,79,207,47513262.78,522172573.0,0.381642512,0.090991494
2017-06-02,76,233,31253906.59,1060874144.0,0.326180258,0.029460522
2017-06-05,61,295,20966966.49,420819168.9,0.206779661,0.049824172
2017-06-06,81,156,12981234.3,111868024.3,0.519230769,0.116040615
2017-06-07,52,174,17173288.95,1227239415.0,0.298850575,0.01399343
2017-06-08,51,163,82071242.4,184747899.6,0.312883436,0.444233697
2017-06-09,60,166,21885342723.0,869387056.7,0.361445783,25.17330176
2017-06-12,74,167,32925520.07,193276994.4,0.443113772,0.170354057
2017-06-13,51,187,4814533.196,424291233.6,0.272727273,0.011347237
2017-06-14,63,177,20626285.47,218674263.0,0.355932203,0.094324248
2017-06-15,64,145,9589767.778,1633913899.0,0.44137931,0.0058692
2017-06-16,63,147,249382774.9,143080981.6,0.428571429,1.742948448
2017-06-19,53,139,4489266.765,133782507.4,0.381294964,0.033556456
2017-06-20,37,83,13950116.02,46918699.58,0.445783133,0.297325291
2017-06-21,68,117,17033516.96,158501487.1,0.581196581,0.107465976
2017-06-22,30,93,1609649.965,141224299.8,0.322580645,0.011397826
2017-06-23,27,95,12991140.65,210256502.3,0.284210526,0.061787105
2017-06-26,45,63,5782524.268,67993840.75,0.714285714,0.085044825
2017-06-27,25,101,87478407.81,123923317.5,0.247524752,0.705907569
2017-06-28,34,82,16250568.38,98400604.19,0.414634146,0.165147039
2017-06-29,36,90,10907202.84,96966110.54,0.4,0.11248469
2017-06-30,32,74,4313675.97,252060020.2,0.432432432,0.017113686
2017-07-03,20,44,1141354.6,88307681.63,0.454545455,0.012924749
2017-07-05,45,196,12806846.7,140848715.9,0.229591837,0.090926258
2017-07-06,57,188,41216436.06,140736118.4,0.303191489,0.292863243
2017-07-07,46,88,40080289494.0,80931578.35,0.522727273,495.2367211
2017-07-10,29,61,285082000000.0,68589805.21,0.475409836,4156.33198
2017-07-11,44,69,16491551.5,122978704.4,0.637681159,0.134100872
2017-07-12,12,78,22126887.06,81366959.62,0.153846154,0.27193946
2017-07-13,10,67,283385.417,44357566.73,0.149253731,0.00638866
2017-07-14,20,73,76363.54,156368583.3,0.273972603,0.000488356
2017-07-17,30,55,7553276.011,38782411.76,0.545454545,0.194760348
2017-07-18,24,82,2393660.161,621787832.3,0.292682927,0.003849641
2017-07-19,20,106,1271545.302,173023702.3,0.188679245,0.007348966
2017-07-20,33,55,668896.3376,45237665.76,0.6,0.01478627
2017-07-21,24,82,4991649.011,157475570.7,0.292682927,0.031697926
2017-07-24,30,64,27719982822.0,50006482.71,0.46875,554.3277855
2017-07-25,43,62,76274513.27,227761316.1,0.693548387,0.334887919
2017-07-26,47,104,53894880.91,199422494.5,0.451923077,0.270254773
2017-07-27,33,96,1812274.096,110899761.0,0.34375,0.016341551
2017-07-28,34,93,49227957.42,156932185.0,0.365591398,0.313689365
2017-07-31,32,106,4567990.08,132194987.7,0.301886792,0.034554942
2017-08-01,42,139,5274184.365,276693507.2,0.302158273,0.019061468
2017-08-02,48,219,5030471.906,363897953.4,0.219178082,0.013823853
2017-08-03,55,229,5035713.127,446710286.5,0.240174672,0.011272884
2017-08-04,58,143,4225365.216,2.1e+16,0.405594406,2.01e-10
2017-08-07,43,138,3007249.124,139995674.1,0.311594203,0.021481015
2017-08-08,44,180,14601646.76,1456773507.0,0.244444444,0.010023279
2017-08-09,75,223,27850729.16,813405742.6,0.33632287,0.034239652
2017-08-10,59,169,14513280.95,138737447.4,0.349112426,0.104609687
2017-08-11,90,139,21221960.45,655972696.9,0.647482014,0.032351896
2017-08-14,125,152,27572948.33,868049174.0,0.822368421,0.03176427
2017-08-15,106,150,10454654.8,912470191.5,0.706666667,0.01145753
2017-08-16,115,191,37615284.8,798891873.2,0.602094241,0.047084325
2017-08-17,88,258,15260163.55,812866469.0,0.341085271,0.018773272
2017-08-18,114,130,17750800000000.0,113262985.1,0.876923077,156722.1059
2017-08-21,99,97,13776500.19,160853132.1,1.020618557,0.085646453
2017-08-22,94,109,20696373.7,1344527325.0,0.862385321,0.015393048
2017-08-23,79,147,10532157.86,202197280.7,0.537414966,0.052088524
2017-08-24,80,122,8307005.099,268047895.4,0.655737705,0.030990749
2017-08-25,72,112,6551043.954,224024773.4,0.642857143,0.029242498
2017-08-28,55,110,7851539.459,10114616135.0,0.5,0.000776257
2017-08-29,71,125,8266596062.0,178559247.5,0.568,46.29609598
2017-08-30,59,119,10933798.81,824110466.5,0.495798319,0.013267395
2017-08-31,36,114,4467307.311,116801627.2,0.315789474,0.038246961
2017-09-01,54,161,13307858.51,410382178.7,0.335403727,0.032427964
2017-09-05,88,216,6604164.519,268755236.4,0.407407407,0.024573157
2017-09-06,56,221,6320741.497,288492128.8,0.253393665,0.02190958
2017-09-07,75,166,83023634.34,284556655.4,0.451807229,0.291764866
2017-09-08,46,125,32912044.57,200422115.9,0.368,0.164213637
2017-09-11,69,102,9961819.159,551162389.7,0.676470588,0.0180742
2017-09-12,53,124,13632043.03,596579284.5,0.427419355,0.022850346
2017-09-13,38,196,2646100.322,386638962.3,0.193877551,0.006843853
2017-09-14,55,148,39754781.49,196479951.3,0.371621622,0.202335054
2017-09-15,64,118,10045518.81,167836946.5,0.542372881,0.059852845
2017-09-18,55,115,9068915.563,244965370.1,0.47826087,0.037021215
2017-09-19,37,151,97594803.32,297499178.3,0.245033113,0.328050665
2017-09-20,41,120,4506476.915,239583804.9,0.341666667,0.018809606
2017-09-21,34,108,12529834.23,809628556.7,0.314814815,0.015476028
2017-09-22,34,118,907374.8368,182803347.3,0.288135593,0.004963666
2017-09-25,40,57,7531346.766,53004659.6,0.701754386,0.14208839
2017-09-26,37,94,12103760075.0,338873676.1,0.393617021,35.71761671
2017-09-27,23,96,4244133.852,163560916.9,0.239583333,0.025948337
2017-09-28,24,100,4754506.65,184785737.3,0.24,0.025729836
2017-09-29,11,109,1243603.15,117856835.9,0.100917431,0.010551812
2017-10-02,45,112,10310785.78,236860650.8,0.401785714,0.04353102
2017-10-03,50,197,6397990.455,199407548.0,0.253807107,0.032084996
2017-10-04,31,221,346904.0265,277836906.8,0.140271493,0.001248589
2017-10-05,57,84,7049457.151,72399583.3,0.678571429,0.097368753
2017-10-06,19,85,365402.9088,95315278.26,0.223529412,0.003833624
2017-10-10,29,126,1228789.172,94629962.88,0.23015873,0.012985202
2017-10-11,23,78,9298413.56,145473577.7,0.294871795,0.06391823
2017-10-12,9,68,121476.2855,86503848.81,0.132352941,0.001404288
2017-10-13,20,76,45760335.38,163292260.6,0.263157895,0.280235788
2017-10-16,31,79,48389735.61,77066377.37,0.392405063,0.62789685
2017-10-17,16,106,9571636.181,77806186.14,0.150943396,0.123018961
2017-10-18,51,103,7040960.128,193719194.3,0.495145631,0.036346218
2017-10-19,23,61,8837996.601,47895376.24,0.37704918,0.184527136
2017-10-20,23,67,1800394.94,79215634.52,0.343283582,0.022727773
2017-10-23,21,67,50993360.05,65053835.93,0.313432836,0.783864
2017-10-24,19,84,4092576.304,386076538.3,0.226190476,0.010600427
2017-10-25,40,93,1747345.026,197040954.0,0.430107527,0.008867928
2017-10-26,33,77,2436900.37,62564409.31,0.428571429,0.038950266
2017-10-27,26,93,14995884.09,694943024.0,0.279569892,0.021578581
2017-10-30,29,128,15658035.42,237715623.2,0.2265625,0.065868769
2017-10-31,64,149,17032211.38,219799714.1,0.429530201,0.077489689
2017-11-01,35,151,12607516.71,1013299615.0,0.231788079,0.012442042
2017-11-02,42,208,9833032.318,261499937.2,0.201923077,0.037602427
2017-11-03,59,288,22029011.29,2038174971.0,0.204861111,0.010808204
2017-11-06,42,164,20325938.39,434689216.6,0.256097561,0.046759702
2017-11-07,48,182,22173133.4,485002819.2,0.263736264,0.045717535
2017-11-08,67,216,19896221.76,299434646.7,0.310185185,0.066445957
2017-11-09,96,188,37072771.18,294761775.5,0.510638298,0.125771977
2017-11-13,158,286,65991916.1,966429097.4,0.552447552,0.068284281
2017-11-14,102,207,41978602.34,450745487.8,0.492753623,0.093131498
2017-11-15,87,208,40688767.32,651562159.8,0.418269231,0.062448021
2017-11-16,81,228,55704429.8,1102903771.0,0.355263158,0.050507063
2017-11-17,67,261,20463471.65,366608721.8,0.256704981,0.055818289
2017-11-20,75,235,61026047.67,653637921.4,0.319148936,0.093363689
2017-11-21,83,210,12887127.83,906330668.9,0.395238095,0.014219013
2017-11-22,53,239,73019943.8,626497106.2,0.221757322,0.116552723
2017-11-24,25,85,8826048.54,572901589.5,0.294117647,0.015405872
2017-11-27,52,149,8116725.335,301491747.6,0.348993289,0.026921882
2017-11-28,54,124,8710701.988,536434833.9,0.435483871,0.016238136
2017-11-29,47,200,11083516.76,415461190.7,0.235,0.026677622
2017-11-30,46,220,23837170.17,723374859.7,0.209090909,0.032952721
2017-12-01,61,223,624101466.7,417603789.1,0.273542601,1.494482289
2017-12-04,67,247,13130603.69,997253108.4,0.271255061,0.013166771
2017-12-05,80,313,16585355.04,466753023.0,0.255591054,0.035533471
2017-12-06,50,202,9903662.908,374929367.4,0.247524752,0.026414743
2017-12-07,61,153,26167717.18,235522208.9,0.39869281,0.111105094
2017-12-08,67,150,67311905.81,395642151.1,0.446666667,0.170133303
2017-12-11,78,143,19022327.38,923863647.6,0.545454545,0.020589973
2017-12-12,67,136,27990646.01,204450604.2,0.492647059,0.136906644
2017-12-13,64,182,18823275.39,427120445.0,0.351648352,0.044070181
2017-12-14,65,177,20351460.18,173185407.0,0.367231638,0.117512558
2017-12-15,65,189,24473736.9,311855166.8,0.343915344,0.078477895
2017-12-18,73,178,15875347.99,610660068.9,0.41011236,0.02599703
2017-12-19,71,194,27374519.87,244011574.1,0.365979381,0.112185334
2017-12-20,66,135,182313910.1,244604544.4,0.488888889,0.745341468
2017-12-21,48,129,9664203.623,178527853.6,0.372093023,0.05413275
2017-12-22,37,120,2772125.507,339523818.5,0.308333333,0.008164745
2017-12-26,29,64,14420923.96,64985116.42,0.453125,0.221911181
2017-12-27,34,87,12247127.43,84288657.79,0.390804598,0.145299827
2017-12-28,34,87,64396868.76,41512337.99,0.390804598,1.551270583
2017-12-29,28,77,3555790609.0,102883749.0,0.363636364,34.5612465
2018-01-02,48,96,2512575.522,53730178.14,0.5,0.046762836
2018-01-03,43,194,2540658.766,486632151.0,0.221649485,0.005220902
2018-01-04,71,222,3580731.344,214804099.7,0.31981982,0.016669753
2018-01-05,24,134,8720375.237,180857961.9,0.179104478,0.048216706
2018-01-08,15,81,1207977.02,74203449.81,0.185185185,0.016279257
2018-01-09,30,102,81572237.06,61780537.41,0.294117647,1.320354929
2018-01-10,19,107,2791848.049,148643220.8,0.177570093,0.018782209
2018-01-11,19,77,2735262.048,86056404.88,0.246753247,0.031784526
2018-01-12,30,103,5168608.406,145047220.9,0.291262136,0.035633971
2018-01-16,34,118,5926789.081,168892572.9,0.288135593,0.035092065
2018-01-17,42,136,8152175.928,438406665.2,0.308823529,0.018595009
2018-01-18,25,221,54216117.71,331274374.9,0.113122172,0.163659256
2018-01-19,28,96,6090048.516,209263619.3,0.291666667,0.02910228
2018-01-22,26,62,305082105.5,79332355.61,0.419354839,3.845620153
2018-01-23,23,71,3535500.239,111779081.7,0.323943662,0.031629355
2018-01-24,30,133,3884155.517,170944060.5,0.22556391,0.022721793
2018-01-25,15,97,3390483.482,436518867.3,0.154639175,0.007767095
2018-01-26,39,80,91837266317.0,201867520.7,0.4875,454.938298
2018-01-29,34,99,7727619.715,239491821.4,0.343434343,0.032266737
2018-01-30,27,117,50139762.03,120909715.1,0.230769231,0.41468762
2018-01-31,30,128,4934427.653,170555326.5,0.234375,0.028931536
2018-02-01,40,142,7217048.366,230865892.1,0.281690141,0.031260782
2018-02-02,30,180,2988700.291,211532690.6,0.166666667,0.014128787
2018-02-05,89,205,216854806.7,251882868.5,0.434146341,0.860935116
2018-02-06,60,129,10736730.56,166699513.5,0.465116279,0.06440769
2018-02-07,52,150,6180126.81,411105269.0,0.346666667,0.015032955
2018-02-08,55,102,23827036.12,177902832.1,0.539215686,0.133932866
2018-02-09,60,84,7628248.14,154581538.0,0.714285714,0.049347731
2018-02-12,87,105,97617665028.0,58258952959.0,0.828571429,1.675582208
2018-02-13,74,121,44251748.06,223505083.3,0.611570248,0.197989895
2018-02-14,60,173,11947084.09,294015380.2,0.346820809,0.040634215
2018-02-15,70,164,17707579.7,182340023.0,0.426829268,0.097112962
2018-02-16,50,251,41387704.85,364651976.0,0.199203187,0.113499193
2018-02-20,59,335,115797990.9,1337458256.0,0.176119403,0.086580639
2018-02-21,70,208,10270384.63,257035951.3,0.336538462,0.039956997
2018-02-22,34,249,5108856.1,817050792.9,0.136546185,0.006252801
2018-02-23,46,212,27128680.71,433128927.7,0.216981132,0.062634193
2018-02-26,62,170,30822745.41,261304586.7,0.364705882,0.117957154
2018-02-27,57,244,19349468.43,558027740.2,0.233606557,0.034674743
2018-02-28,59,253,19317857.16,468068049.8,0.233201581,0.041271471
2018-03-01,70,271,11954091.78,551872576.3,0.258302583,0.021660964
2018-03-02,86,267,232038683.7,600581952.8,0.322097378,0.386356404
2018-03-05,98,284,129789871.2,1923420258.0,0.345070423,0.067478686
2018-03-06,60,210,91375735.75,510455878.8,0.285714286,0.179008098
2018-03-07,64,273,13348399.36,1081795875.0,0.234432234,0.012339111
2018-03-08,55,258,121490517.9,9975801164.0,0.213178295,0.012178522
2018-03-09,62,227,57798756.9,399007685.9,0.273127753,0.14485625
2018-03-12,92,191,30671957.85,1492695775.0,0.481675393,0.02054803
2018-03-13,82,284,17519800.99,335865809.8,0.288732394,0.052163098
2018-03-14,68,238,27688508.07,510162719.2,0.285714286,0.054273876
2018-03-15,67,202,5664302.577,268528719.4,0.331683168,0.021093843
2018-03-16,65,240,10657814.57,245764391.1,0.270833333,0.043365984
2018-03-19,84,193,32735675.23,1067224741.0,0.435233161,0.030673647
2018-03-20,62,144,2175264893.0,166571972.8,0.430555556,13.059009
2018-03-21,51,121,168245653.3,256633829.8,0.421487603,0.655586418
2018-03-22,65,122,9138043.521,105714044.0,0.532786885,0.08644115
2018-03-23,40,104,17319626.21,189858735.7,0.384615385,0.091223752
2018-03-26,74,64,28654747.66,103627429.4,1.15625,0.276517017
2018-03-27,39,90,5727987.05,92610182.88,0.433333333,0.06185051
2018-03-28,33,79,20330712.28,260570941.0,0.417721519,0.078023713
2018-03-29,43,94,8366481.734,243304284.1,0.457446809,0.034386907
2018-03-30,14,47,517154.89,50250550.05,0.29787234,0.010291527
2018-04-02,46,62,10039648.1,869311022.4,0.741935484,0.011548971
2018-04-03,55,154,636021511.3,132888002.1,0.357142857,4.786146991
2018-04-04,38,203,51959293.6,507575728.4,0.187192118,0.102367569
2018-04-05,37,75,1190742.77,333400653.7,0.493333333,0.003571507
2018-04-06,22,61,1915923.86,126597244.2,0.360655738,0.015134009
2018-04-09,31,81,4319917.137,459804763.9,0.382716049,0.009395112
2018-04-10,27,64,14589500.39,68774243.15,0.421875,0.21213611
2018-04-11,19,68,4891462.118,146188337.8,0.279411765,0.033460002
2018-04-12,12,98,579638.9682,108706554.8,0.12244898,0.005332144
2018-04-13,21,65,1159179.072,48200748.41,0.323076923,0.024048985
2018-04-16,51,65,91841746340.0,97026533.29,0.784615385,946.5632052
2018-04-17,30,116,88935201.31,69093101.14,0.25862069,1.287179181
2018-04-18,20,146,1052708341.0,312591819.4,0.136986301,3.367677193
2018-04-19,32,111,685295.752,108665400.0,0.288288288,0.006306476
2018-04-20,14,74,264068.5291,175554581.3,0.189189189,0.001504196
2018-04-23,43,74,49065334.64,135595186.6,0.581081081,0.361851596
2018-04-24,23,87,743485.0192,137289249.0,0.264367816,0.005415464
2018-04-25,38,95,1931023.863,720133230.3,0.4,0.002681481
2018-04-26,30,67,4326997.12,108944460.4,0.447761194,0.039717459
2018-04-27,23,79,14569125.69,131050554.4,0.291139241,0.111171797
2018-04-30,42,104,10082853.83,494307552.0,0.403846154,0.020397936
2018-05-01,62,135,20403472.91,222469057.0,0.459259259,0.091713756
2018-05-02,47,158,83691832.38,292355595.8,0.297468354,0.28626725
2018-05-03,75,237,13831807.51,338945716.1,0.316455696,0.040808327
2018-05-04,58,114,8906562.792,214739166.5,0.50877193,0.041476192
2018-05-07,54,131,32825411.25,243909780.0,0.41221374,0.134580136
2018-05-08,72,187,43454424.65,237563792.5,0.385026738,0.182916867
2018-05-09,79,195,30517820.96,487032868.4,0.405128205,0.062660701
2018-05-10,70,213,59112804.07,679348275.8,0.328638498,0.08701399
2018-05-11,45,227,33050573.0,455288151.6,0.198237885,0.072592649
2018-05-14,72,192,51546467.67,376590651.5,0.375,0.136876652
2018-05-15,89,189,29373539.63,1529084997.0,0.470899471,0.01920988
2018-05-16,82,275,34200952.85,904856325.1,0.298181818,0.037797109
2018-05-17,86,283,97608621.63,645005543.6,0.303886926,0.151329896
2018-05-18,105,204,42241312.58,194177790.6,0.514705882,0.217539361
2018-05-21,74,187,52471536.19,282998736.8,0.395721925,0.185412616
2018-05-22,59,206,9420848.88,535668385.9,0.286407767,0.017587091
2018-05-23,54,202,19184916.54,432440640.6,0.267326733,0.044364277
2018-05-24,62,163,4958147445.0,250283288.9,0.380368098,19.81014181
2018-05-25,47,135,6663507.94,829015314.9,0.348148148,0.008037859
2018-05-29,56,156,18924540.43,364682587.4,0.358974359,0.051893184
2018-05-30,94,168,45179397.72,318630473.8,0.55952381,0.141792457
2018-05-31,62,211,230413128.7,238411955.9,0.293838863,0.966449555
2018-06-01,46,226,7204076.31,333190014.7,0.203539823,0.021621525
2018-06-04,69,221,13141251.23,309019822.2,0.312217195,0.042525593
2018-06-05,57,273,24180065.19,298403473.1,0.208791209,0.081031447
2018-06-06,52,199,8591266.812,324692189.2,0.261306533,0.026459727
2018-06-07,45,185,7465905.566,459523112.5,0.243243243,0.016247073
2018-06-08,44,194,18391802.37,329493621.9,0.226804124,0.055818387
2018-06-11,67,172,33194503.41,487565838.6,0.389534884,0.068082094
2018-06-12,52,167,40535741.46,339945046.7,0.311377246,0.119242042
2018-06-13,39,206,28680048.63,619685117.8,0.189320388,0.046281648
2018-06-14,62,175,61888514.95,1023031361.0,0.354285714,0.060495228
2018-06-15,42,175,29824369.89,305028537.2,0.24,0.097775671
2018-06-18,62,170,6445143.639,1737839049.0,0.364705882,0.003708711
2018-06-19,52,208,22167512.91,1325012795.0,0.25,0.016730037
2018-06-20,42,144,43244632.31,415815144.5,0.291666667,0.103999657
2018-06-21,36,102,7541267.104,289984882.7,0.352941176,0.026005725
2018-06-22,34,116,83861508.25,226921143.2,0.293103448,0.369562338
2018-06-25,40,82,20402012.08,218953079.0,0.487804878,0.093179836
2018-06-26,42,75,48623910.07,77064636.78,0.56,0.630949708
2018-06-27,31,89,6931671.098,1754868229.0,0.348314607,0.003949967
2018-06-28,31,85,29387554.39,107485789.3,0.364705882,0.273408742
2018-06-29,38,69,23111586.64,76986951.01,0.550724638,0.30020135
2018-07-02,81,69,92462911.65,218145720.9,1.173913043,0.423858471
2018-07-03,63,209,5986158.779,310211005.1,0.301435407,0.019297055
2018-07-05,32,166,116519620.0,274302059.6,0.192771084,0.424785801
2018-07-06,43,89,100758403.7,186670192.8,0.483146067,0.539766966
2018-07-09,23,84,1879701.178,138092508.9,0.273809524,0.013611898
2018-07-10,44,84,57527116.51,165464431.5,0.523809524,0.34767059
2018-07-11,18,115,333549.22,538209235.6,0.156521739,0.000619739
2018-07-12,33,74,16771876.21,69165474.67,0.445945946,0.242489136
2018-07-13,14,75,808796.07,103335043.6,0.186666667,0.007826929
2018-07-16,12,59,348161.7452,162900411.7,0.203389831,0.002137267
2018-07-17,46,88,236591293.6,191689923.4,0.522727273,1.234239596
2018-07-18,40,130,4676805928.0,322655081.3,0.307692308,14.49475368
2018-07-19,13,80,4376971.05,92445199.45,0.1625,0.047346656
2018-07-20,23,62,13506444.7,90809160.75,0.370967742,0.148734385
2018-07-23,36,57,40316702.14,316717216.8,0.631578947,0.127295581
2018-07-24,17,89,6891032.25,162321208.0,0.191011236,0.042453062
2018-07-25,36,94,9415729.404,329884180.6,0.382978723,0.028542531
2018-07-26,24,56,19460323.72,48385794.06,0.428571429,0.402190852
2018-07-27,31,99,8707074.4,117454017.6,0.313131313,0.074131772
2018-07-30,50,114,17731372.92,304961661.4,0.438596491,0.058142957
2018-07-31,50,115,57519357.07,955400000000.0,0.434782609,6.02e-05
2018-08-01,42,123,17477668.75,1318930190.0,0.341463415,0.013251398
2018-08-02,72,169,2279807329.0,163581790.4,0.426035503,13.93680387
2018-08-03,69,238,10444939.2,374358080.1,0.289915966,0.027900932
2018-08-06,61,163,643380449.4,335947375.7,0.374233129,1.915122712
2018-08-07,64,172,130271886.6,388073265.4,0.372093023,0.335688898
2018-08-08,63,207,84710798172.0,381740925.3,0.304347826,221.9065145
2018-08-09,41,189,21604739.83,358948445.9,0.216931217,0.060188977
2018-08-10,57,194,10916029.49,261379324.7,0.293814433,0.041763171
2018-08-13,76,163,134071753.8,574361438.0,0.466257669,0.233427499
2018-08-14,74,171,15741517.49,938606134.1,0.432748538,0.016771164
2018-08-15,86,185,58041938.69,710818094.9,0.464864865,0.081655123
2018-08-16,69,192,66925922.09,520723319.6,0.359375,0.128524918
2018-08-17,71,280,25829225.14,383176004.7,0.253571429,0.067408253
2018-08-20,63,175,11736369.85,608315429.0,0.36,0.019293231
2018-08-21,47,165,22942081.83,576246698.4,0.284848485,0.039812951
2018-08-22,57,198,13787076.83,265876506.2,0.287878788,0.05185519
2018-08-23,38,177,14014303.93,394535457.3,0.214689266,0.035521025
2018-08-24,44,144,24671752.52,314304846.5,0.305555556,0.078496252
2018-08-27,58,155,19201959.18,177178852.8,0.374193548,0.108376134
2018-08-28,47,160,21165722.05,249453181.6,0.29375,0.084848475
2018-08-29,49,177,54869431.32,350382506.1,0.276836158,0.156598661
2018-08-30,39,116,12337142.99,565677549.3,0.336206897,0.021809497
2018-08-31,65,152,9156546.11,265135860.5,0.427631579,0.034535299
2018-09-04,66,167,13043778.65,273286987.8,0.395209581,0.047729234
2018-09-05,39,234,6302417.816,238867083.1,0.166666667,0.026384622
2018-09-06,67,252,19847220.53,454362390.1,0.265873016,0.043681478
2018-09-07,63,173,19528882.37,719471275.6,0.36416185,0.02714338
2018-09-10,53,141,93956147.67,752938174.7,0.375886525,0.124786006
2018-09-11,37,155,11293391.31,301963963.1,0.238709677,0.037399798
2018-09-12,66,179,25292858.48,912217570.9,0.368715084,0.027726783
2018-09-13,43,144,7279488.9,304715040.7,0.298611111,0.023889497
2018-09-14,54,153,3682535.09,308879942.6,0.352941176,0.011922221
2018-09-17,54,131,8776832.08,585572870.2,0.41221374,0.014988454
2018-09-18,57,147,272681632.9,414492965.9,0.387755102,0.657867938
2018-09-19,36,132,2985282.602,198398530.8,0.272727273,0.015046899
2018-09-20,58,111,18748234.11,618773856.5,0.522522523,0.030299008
2018-09-21,42,106,9197064.615,367281476.0,0.396226415,0.025040916
2018-09-24,33,90,25891174.73,117372784.6,0.366666667,0.220589252
2018-09-25,32,66,12803680.76,174525111.4,0.484848485,0.073362971
2018-09-26,39,106,11915813.28,299318332.4,0.367924528,0.039809835
2018-09-27,35,64,64056491.77,121946620.8,0.546875,0.525283041
2018-09-28,29,60,4261516.0,496563902.2,0.483333333,0.008582009
2018-10-01,58,77,3290283.713,1636752265.0,0.753246753,0.002010252
2018-10-02,62,167,27033635.49,272341819.7,0.371257485,0.099263622
2018-10-03,46,184,24182965.62,221284536.3,0.25,0.109284481
2018-10-04,31,60,1515145.312,128062457.9,0.516666667,0.0118313
2018-10-05,33,86,47980319.32,194731072.9,0.38372093,0.246392723
2018-10-09,61,105,15754935.22,107124095.7,0.580952381,0.147071815
2018-10-10,29,66,5290069.815,178619924.3,0.439393939,0.029616348
2018-10-11,41,50,36788439.03,55917269.94,0.82,0.657908354
2018-10-12,38,51,2459857.24,87498574.1,0.745098039,0.028113112
2018-10-15,42,50,3021072.494,35533572.37,0.84,0.08502023
2018-10-16,30,68,1110959.806,40526542.7,0.441176471,0.02741314
2018-10-17,36,117,19568491.23,60169613.56,0.307692308,0.325222152
2018-10-18,36,47,455541543.8,57059955.23,0.765957447,7.983559433
2018-10-19,37,52,23807079.19,43972854.1,0.711538462,0.541404002
2018-10-22,33,35,17905296.16,23959580.44,0.942857143,0.747312592
2018-10-23,50,39,9835901.296,118091931.5,1.282051282,0.083290206
2018-10-24,60,45,13595533.45,117953952.0,1.333333333,0.115261364
2018-10-25,63,38,39693062.19,53941232.93,1.657894737,0.735857526
2018-10-26,58,38,8856189.56,151972444.6,1.526315789,0.058274969
2018-10-29,57,33,10532708.07,38770963.26,1.727272727,0.271664854
2018-10-30,69,65,25220793.67,51997631.73,1.061538462,0.485037353
2018-10-31,70,67,8697324.017,106733078.3,1.044776119,0.081486678
2018-11-01,58,76,37859336.37,84261124.81,0.763157895,0.449309648
2018-11-02,86,155,43496411.94,301861647.6,0.55483871,0.144093866
2018-11-05,96,165,25928822.29,189346731.0,0.581818182,0.136938315
2018-11-06,86,139,15671363.07,161265841.3,0.618705036,0.097177201
2018-11-07,89,145,57938654.88,212549428.9,0.613793103,0.272589088
2018-11-08,66,147,48163309.14,283457637.6,0.448979592,0.169913605
2018-11-09,65,194,17360522.56,1092177087.0,0.335051546,0.015895337
2018-11-13,173,248,58662201.34,735202526.7,0.697580645,0.079790533
2018-11-14,113,155,67185885.04,154887045.3,0.729032258,0.433773431
2018-11-15,106,124,16597210.2,430788953.2,0.85483871,0.038527474
2018-11-16,91,168,44688856.55,738840398.8,0.541666667,0.060485129
2018-11-19,142,200,43271744.5,3115317545.0,0.71,0.013889995
2018-11-20,104,194,53570558.02,1471380275.0,0.536082474,0.03640837
2018-11-21,129,173,19689127.42,237480014.0,0.74566474,0.082908566
2018-11-23,32,29,46204734.74,85686604.89,1.103448276,0.539229379
2018-11-26,97,104,27902716.83,129973527.0,0.932692308,0.21468
2018-11-27,54,109,5837258.611,687278341.7,0.495412844,0.008493296
2018-11-28,86,118,6605676.521,1542282658.0,0.728813559,0.004283052
2018-11-29,69,121,5546493.758,359072301.8,0.570247934,0.015446732
2018-11-30,88,188,68384420.8,404025895.2,0.468085106,0.169257519
2018-12-03,105,129,14512744.7,161420750.3,0.813953488,0.089906314
2018-12-04,77,217,208005727.6,730596130.4,0.35483871,0.284706856
2018-12-06,136,279,18252139.74,879270091.6,0.487455197,0.020758286
2018-12-07,84,95,21207719.99,196676143.0,0.884210526,0.107830669
2018-12-10,120,99,52197928.06,93408004.29,1.212121212,0.558816436
2018-12-11,118,99,31616335.7,106237130.5,1.191919192,0.297601559
2018-12-12,108,148,36060930.36,159732915.5,0.72972973,0.225757667
2018-12-13,134,99,123920720.8,286118166.6,1.353535354,0.433110286
2018-12-14,108,136,49508131.56,160804625.4,0.794117647,0.307877534
2018-12-17,134,100,37102701.22,122439498.5,1.34,0.303028857
2018-12-18,107,117,29305653.51,69023272.94,0.914529915,0.424576411
2018-12-19,80,121,618341858.0,138501698.5,0.661157025,4.4645074
2018-12-20,101,72,24926139.52,69257059.5,1.402777778,0.359907563
2018-12-21,123,109,91424078.49,129071832.8,1.128440367,0.708319364
2018-12-26,138,68,92272728.5,110589796.9,2.029411765,0.834369274
2018-12-27,92,34,32920006.43,11277573.39,2.705882353,2.919068251
2018-12-28,69,61,9418218.003,43076606.63,1.131147541,0.21863881
2018-12-31,57,42,12206859.63,97612509.61,1.357142857,0.125054255
2019-01-02,80,56,7238880.954,42101879.87,1.428571429,0.171937238
2019-01-03,65,134,10438429.22,71375679.18,0.485074627,0.146246303
2019-01-04,64,181,36693020.45,110818872.7,0.35359116,0.331108046
2019-01-07,50,59,1614216.619,74832180.2,0.847457627,0.021571156
2019-01-08,30,78,1399192.651,102633559.9,0.384615385,0.013632896
2019-01-09,23,98,9752970.679,108158539.0,0.234693878,0.090172914
2019-01-10,24,87,926819.33,95498438.02,0.275862069,0.009705073
2019-01-11,29,90,1328777.08,81523684.52,0.322222222,0.016299277
2019-01-14,38,63,2373051.179,94696462.23,0.603174603,0.025059555
2019-01-15,19,49,211812.8233,35010027.76,0.387755102,0.006050062
2019-01-16,90,101,2190708.314,98469984.57,0.891089109,0.022247473
2019-01-17,90,116,5212815.99,120001737.8,0.775862069,0.043439504
2019-01-18,18,81,1095726.784,85207345.61,0.222222222,0.012859534
2019-01-22,26,61,61876219.87,102692804.0,0.426229508,0.602537057
2019-01-23,15,78,5206983.844,142281771.7,0.192307692,0.036596282
2019-01-24,26,75,687706.94,75865814.87,0.346666667,0.00906478
2019-01-25,30,63,5146612.863,425438791.5,0.476190476,0.012097188
2019-01-28,23,63,11041507.22,82683388.56,0.365079365,0.133539607
2019-01-29,48,70,7705120.621,177629627.6,0.685714286,0.043377452
2019-01-30,27,92,1560215.32,46968028.33,0.293478261,0.033218668
2019-01-31,42,69,2805246.997,120491176.5,0.608695652,0.023281763
2019-02-01,50,111,24296692.94,769221792.4,0.45045045,0.031586069
2019-02-04,56,138,6844280.127,192233158.8,0.405797101,0.035604056
2019-02-05,51,213,8661543.6,205784122.7,0.23943662,0.042090437
2019-02-06,54,169,78126649.55,226210026.8,0.319526627,0.345372178
2019-02-07,21,157,5185325.21,1511482185.0,0.133757962,0.003430623
2019-02-08,47,135,123808336.5,162501825.6,0.348148148,0.761888896
2019-02-11,42,96,29538390.12,109777168.7,0.4375,0.269075897
2019-02-12,49,151,9217327.766,301383914.4,0.324503311,0.030583343
2019-02-13,36,211,8732926.936,316908172.7,0.170616114,0.027556648
2019-02-14,75,218,134106217.3,301236106.2,0.344036697,0.445186399
2019-02-15,40,192,2290048.174,298771926.9,0.208333333,0.007664871
2019-02-19,55,264,15737610.19,598933165.7,0.208333333,0.026276071
2019-02-20,40,312,1942057.63,523022751.5,0.128205128,0.003713142
2019-02-21,55,299,33151388.94,313924256.1,0.183946488,0.105603146
2019-02-22,35,230,106787480.6,611140676.0,0.152173913,0.174734697
2019-02-25,58,215,50063783.79,1518815433.0,0.269767442,0.032962388
2019-02-26,59,251,11344482.46,492610715.5,0.235059761,0.023029305
2019-02-27,56,264,215110992.0,400164651.5,0.212121212,0.537556206
2019-02-28,34,215,5369837.62,560913362.5,0.158139535,0.009573382
2019-03-01,42,240,30965279.66,1184956264.0,0.175,0.026132002
2019-03-04,56,260,6832690.69,777953933.8,0.215384615,0.008782899
2019-03-05,72,357,28810432.74,1632103816.0,0.201680672,0.017652329
2019-03-06,59,230,36518951.99,380113335.4,0.256521739,0.096073851
2019-03-07,50,192,88677025.19,716272939.6,0.260416667,0.1238034
2019-03-08,62,172,14503925.34,342216707.1,0.360465116,0.042382283
2019-03-11,70,141,17290036.25,342005514.0,0.496453901,0.050554846
2019-03-12,71,173,6138713.724,815048252.5,0.410404624,0.007531718
2019-03-13,80,206,11138724.82,1198958646.0,0.388349515,0.009290333
2019-03-14,52,194,60913561.33,1050131065.0,0.268041237,0.058005675
2019-03-15,72,186,3099683600.0,197128453.8,0.387096774,15.72418157
2019-03-18,80,166,15534918.19,157234310.6,0.481927711,0.09880107
2019-03-19,60,216,6441715.425,220720493.7,0.277777778,0.029184945
2019-03-20,31,152,6224492.076,315488111.2,0.203947368,0.01972972
2019-03-21,67,161,15235521.73,1015968272.0,0.416149068,0.014996061
2019-03-22,60,139,11371338.17,313624254.5,0.431654676,0.03625784
2019-03-25,65,120,8619328.819,521450416.3,0.541666667,0.016529527
2019-03-26,46,88,42695496.59,1624277103.0,0.522727273,0.026285845
2019-03-27,46,94,8341347.658,250174106.0,0.489361702,0.03334217
2019-03-28,44,74,19030986.89,346618527.9,0.594594595,0.054904702
2019-03-29,29,102,24939247.67,451449717.4,0.284313725,0.055242581
2019-04-01,64,97,6613685.42,75135243.11,0.659793814,0.088023744
2019-04-02,32,137,6606955.627,129795774.9,0.233576642,0.050902702
2019-04-03,34,245,55347086.19,239355823.1,0.13877551,0.231233506
2019-04-04,53,82,11944653.66,112766532.1,0.646341463,0.105923747
2019-04-05,20,89,19962948.49,342743794.8,0.224719101,0.058244522
2019-04-08,41,83,3149723.804,325458483.9,0.493975904,0.009677805
2019-04-09,23,79,286637.9825,86360997.77,0.291139241,0.003319068
2019-04-10,29,78,40732180084.0,149792204.7,0.371794872,271.9245648
2019-04-11,23,63,12485830.72,70329023.75,0.365079365,0.177534538
2019-04-12,31,109,1416668.64,119703814.1,0.28440367,0.011834783
2019-04-15,24,60,16352121.4,123167460.2,0.4,0.132763324
2019-04-16,30,99,1226673.666,78491438.7,0.303030303,0.015628121
2019-04-17,26,154,29287467.72,179089980.9,0.168831169,0.163534931
2019-04-18,19,93,15701755968.0,141250821.6,0.204301075,111.1622275
2019-04-19,8,45,842770.6466,27910502.36,0.177777778,0.030195467
2019-04-22,22,43,4284579.551,49051304.02,0.511627907,0.087348943
2019-04-23,19,40,1471268.66,15724365780.0,0.475,9.36e-05
2019-04-24,32,116,30287935.75,324363000000.0,0.275862069,9.34e-05
2019-04-25,24,91,18831171.89,176849496.1,0.263736264,0.106481343
2019-04-26,32,79,16044348.97,101808389.7,0.405063291,0.157593584
2019-04-29,22,85,1600880.736,123757055.8,0.258823529,0.012935672
2019-04-30,38,114,6924592.052,221300191.6,0.333333333,0.031290493
2019-05-01,29,156,5118437.694,271595487.0,0.185897436,0.018845813
2019-05-02,60,188,31662488.4,274059440.7,0.319148936,0.115531464
2019-05-03,51,245,13190642.2,284851326.6,0.208163265,0.046307112
2019-05-06,41,164,44502279.54,225844424.7,0.25,0.197048387
2019-05-07,46,184,11137074.23,239809227.1,0.25,0.046441392
2019-05-08,42,138,9049573.15,655621591.3,0.304347826,0.013803043
2019-05-09,75,159,17084374.67,225013104.2,0.471698113,0.075926132
2019-05-10,65,153,28264180.64,379412127.0,0.424836601,0.074494669
2019-05-13,121,123,82663983.79,122157850.7,0.983739837,0.676698086
2019-05-14,106,159,129421124.9,171955739.6,0.666666667,0.752642076
2019-05-15,117,175,97001112.47,259236000.4,0.668571429,0.374180717
2019-05-16,91,173,63303649.42,202615789.4,0.526011561,0.312431966
2019-05-17,74,305,11076617.09,769377773.5,0.242622951,0.014396851
2019-05-20,82,167,14051957.03,136823273.5,0.491017964,0.102701512
2019-05-21,83,127,66257251.67,449672403.8,0.653543307,0.147345603
2019-05-22,74,174,39602430.97,318244566.8,0.425287356,0.124440242
2019-05-23,89,128,15242971.59,888118135.4,0.6953125,0.017163225
2019-05-24,101,109,12839905.62,304711893.5,0.926605505,0.042137855
2019-05-28,107,114,117460485.9,1560106907.0,0.938596491,0.075290024
2019-05-29,81,100,454399616.8,113976146.2,0.81,3.986795763
2019-05-30,106,113,55142346.89,302306082.5,0.938053097,0.182405681
2019-05-31,84,108,1901049256.0,184429179.7,0.777777778,10.30774663
2019-06-03,106,109,69866355.01,128182428.7,0.972477064,0.545054074
2019-06-04,99,156,36868934.03,275711432.3,0.634615385,0.133722906
2019-06-05,95,231,37427758.26,153048158.7,0.411255411,0.244548896
2019-06-06,81,141,12925322.03,201128038.2,0.574468085,0.064264148
2019-06-07,69,138,86017921.89,364249098.9,0.5,0.236151365
2019-06-10,85,134,57217514.08,175485442.3,0.634328358,0.326052767
2019-06-11,90,159,10898252.01,942218419.0,0.566037736,0.011566588
2019-06-12,80,198,30879200.09,1636119748.0,0.404040404,0.018873435
2019-06-13,54,140,5929471.47,159839578.6,0.385714286,0.037096391
2019-06-14,82,149,39374098.91,211534243.8,0.55033557,0.186135815
2019-06-17,88,127,26488054.98,154268862.7,0.692913386,0.171700591
2019-06-18,62,140,66267605.18,400567540.4,0.442857143,0.165434286
2019-06-19,52,167,8698692.741,237169551.0,0.311377246,0.036677106
2019-06-20,41,108,31148430.0,174422167.9,0.37962963,0.178580684
2019-06-21,35,134,47135774319.0,171956000000.0,0.26119403,0.274115352
2019-06-24,33,134,4255987.267,692211015.7,0.246268657,0.006148396
2019-06-25,33,66,46530341.24,138812096.6,0.5,0.335203793
2019-06-26,38,70,52369387.64,53166196.75,0.542857143,0.985012862
2019-06-27,56,56,6954357.716,137897700.0,1.0,0.050431281
2019-06-28,36,70,102127943.1,149172830.8,0.514285714,0.68462831
2019-07-01,91,83,28429855.87,126917068.9,1.096385542,0.224003407
2019-07-02,57,202,27035755.43,231721065.5,0.282178218,0.116673706
2019-07-03,65,207,6511520.587,242877622.4,0.314009662,0.026809883
2019-07-05,17,41,920207000000.0,42223803.9,0.414634146,21793.5606
2019-07-08,37,63,82203066.29,62632124.84,0.587301587,1.312474493
2019-07-09,7,80,483489.67,100957411.8,0.0875,0.004789046
2019-07-10,39,75,23583047.1,217373567.5,0.52,0.108490868
2019-07-11,9,72,1222982.15,89281570.76,0.125,0.013698036
2019-07-12,25,101,3709620.614,220425782.0,0.247524752,0.016829341
2019-07-15,34,72,5400793.108,104619436.6,0.472222222,0.051623229
2019-07-16,34,77,126605.6648,90852833.22,0.441558442,0.001393525
2019-07-17,22,139,1665092.819,129832899.3,0.158273381,0.012824891
2019-07-18,26,65,1710318.99,65733323.07,0.4,0.026019056
2019-07-19,22,65,1918457.682,49008923.93,0.338461538,0.039145068
2019-07-22,14,57,2132334.101,75532062.2,0.245614035,0.028230847
2019-07-23,28,61,17710912.62,104062580.0,0.459016393,0.170194825
2019-07-24,18,71,78271782.5,138885421.5,0.253521127,0.563570904
2019-07-25,23,77,13651134.85,62891553.17,0.298701299,0.21705832
2019-07-26,20,82,8851740.45,122064155.2,0.243902439,0.072517116
2019-07-29,34,90,14234434.98,224134948.0,0.377777778,0.063508324
2019-07-30,28,134,4566380.56,163175102.5,0.208955224,0.027984542
2019-07-31,63,140,116348525.1,2211270073.0,0.45,0.052616153
2019-08-01,41,135,4565001.28,195623561.0,0.303703704,0.023335641
2019-08-02,61,187,9092113.521,295851799.4,0.326203209,0.030731987
2019-08-05,90,212,13483704.76,1270516733.0,0.424528302,0.010612772
2019-08-06,58,140,12938807.23,170020566.3,0.414285714,0.076101424
2019-08-07,79,148,27878854151.0,2041939319.0,0.533783784,13.65312568
2019-08-08,101,126,14114222.7,169896984.8,0.801587302,0.083075181
2019-08-09,78,152,20933110.11,1203274021.0,0.513157895,0.017396794
2019-08-12,137,176,56903104.07,913104117.3,0.778409091,0.062318308
2019-08-13,112,121,25793036.75,140265506.9,0.925619835,0.183887239
2019-08-14,116,160,19716331.73,395581431.3,0.725,0.049841398
2019-08-15,139,135,154688254.3,164865480.6,1.02962963,0.938269513
2019-08-16,108,174,12208461269.0,419646156.8,0.620689655,29.09227469
2019-08-19,129,184,13867915.28,1017180543.0,0.701086957,0.013633681
2019-08-20,90,177,1025940918.0,136121310.6,0.508474576,7.536960328
2019-08-21,88,166,27088350.27,292280537.9,0.530120482,0.092679282
2019-08-22,75,125,4734086.597,341629855.8,0.6,0.013857356
2019-08-23,79,138,16588581.2,216099479.2,0.572463768,0.076763633
2019-08-26,89,122,17559059.24,228919742.0,0.729508197,0.076703997
2019-08-27,85,72,47286346.17,108568342.4,1.180555556,0.435544516
2019-08-28,81,104,8607722.628,209311775.6,0.778846154,0.041123929
2019-08-29,80,88,5036443701.0,116333533.0,0.909090909,43.29313802
2019-08-30,44,122,5867473.4,30226118593.0,0.360655738,0.000194119
2019-09-03,96,119,23419990.71,185054030.3,0.806722689,0.126557583
2019-09-04,71,177,22722635.42,278208757.2,0.401129944,0.081674767
2019-09-05,80,233,15182297.47,367136342.2,0.343347639,0.041353295
2019-09-06,71,173,11573121.79,739810420.2,0.410404624,0.015643361
2019-09-09,60,139,13967145.9,1228955952.0,0.431654676,0.01136505
2019-09-10,46,126,9969455.24,1215945977.0,0.365079365,0.008198929
2019-09-11,62,180,27561246.4,346122446.6,0.344444444,0.079628602
2019-09-12,60,146,104229964.4,161523427.0,0.410958904,0.645293171
2019-09-13,34,203,13205229.33,562823776.0,0.167487685,0.023462458
2019-09-16,67,141,119352333.4,3237274087.0,0.475177305,0.036868158
2019-09-17,70,182,94429217.52,373899697.7,0.384615385,0.25255227
2019-09-18,54,189,6423825.734,232506518.2,0.285714286,0.027628583
2019-09-19,41,68,34643483.11,55761045.54,0.602941176,0.621284676
2019-09-20,35,118,162865715.0,189594023.1,0.296610169,0.859023467
2019-09-23,52,95,12914099.71,534043510.3,0.547368421,0.024181737
2019-09-24,32,87,3824544.34,87801583.0,0.367816092,0.043558945
2019-09-25,20,76,14668379.53,107751630.5,0.263157895,0.136131393
2019-09-26,25,49,704595.4,56823924.9,0.510204082,0.012399626
2019-09-27,22,54,29153623.76,129622001.3,0.407407407,0.224912619
2019-09-30,50,52,79950768.0,255075968.6,0.961538462,0.313439045
2019-10-01,48,72,5456694.152,30405620.72,0.666666667,0.179463337
2019-10-02,28,128,51960986.32,185052789.2,0.21875,0.280790074
2019-10-03,51,161,46727074.94,138180043.7,0.316770186,0.338160806
2019-10-04,37,54,47574010.17,73630197.69,0.685185185,0.646120908
2019-10-07,29,49,15365167.02,97997016.3,0.591836735,0.156792192
2019-10-08,22,58,6114262.898,46737062.23,0.379310345,0.130822576
2019-10-09,17,63,19228024.8,116958491.9,0.26984127,0.164400417
2019-10-10,21,44,2707739.965,52989362.6,0.477272727,0.051099689
2019-10-11,13,48,649461.9619,40613334.11,0.270833333,0.015991348
2019-10-15,34,96,6053960.734,133104869.3,0.354166667,0.045482639
2019-10-16,30,77,3121669.415,136936563.3,0.38961039,0.022796464
2019-10-17,30,123,11187979.32,98402192.27,0.243902439,0.113696444
2019-10-18,39,64,47175774.01,84492097.8,0.609375,0.558345398
2019-10-21,24,61,3537370.555,320382511.1,0.393442623,0.011041085
2019-10-22,15,69,25206627.85,79282584.55,0.217391304,0.317933983
2019-10-23,14,72,30743216.35,122850604.8,0.194444444,0.250248799
2019-10-24,9,49,2195147.5,56036447.31,0.183673469,0.039173567
2019-10-25,30,74,29314176.1,90499438.73,0.405405405,0.323915557
2019-10-28,30,78,5242365.22,128387479.9,0.384615385,0.040832371
2019-10-29,39,95,106760292.9,155711972.4,0.410526316,0.685626746
2019-10-30,37,152,64700873.72,238520123.4,0.243421053,0.271259602
2019-10-31,24,106,6039893.6,378093196.4,0.226415094,0.015974616
2019-11-01,65,141,54978265.88,604280506.1,0.460992908,0.090981366
2019-11-04,48,191,22419117.49,362424709.8,0.251308901,0.061858689
2019-11-05,56,297,14509454.46,529651667.6,0.188552189,0.027394334
2019-11-06,46,248,17602243.78,361533169.5,0.185483871,0.04868777
2019-11-07,53,173,32004516.19,379562684.2,0.306358382,0.084319448
2019-11-08,47,179,16462104.89,848452223.5,0.262569832,0.019402513
2019-11-12,102,298,44376114.99,351537017.9,0.342281879,0.126234544
2019-11-13,103,225,106968825.7,984660349.6,0.457777778,0.108635252
2019-11-14,72,154,30510148.7,293256838.1,0.467532468,0.104039002
2019-11-15,69,167,22720214.83,232531995.8,0.413173653,0.097707908
2019-11-18,89,159,105832672.1,420884533.5,0.559748428,0.251452985
2019-11-19,102,286,22749407.42,1050433359.0,0.356643357,0.021657164
2019-11-20,69,200,78412073.11,819671149.2,0.345,0.095662844
2019-11-21,60,162,14415100000000.0,933292009.9,0.37037037,15445.48403
2019-11-22,92,185,24020988.42,282229979.9,0.497297297,0.085111399
2019-11-25,65,123,32920815.47,133497864.3,0.528455285,0.246601814
2019-11-26,76,201,35244619.32,552719259.8,0.378109453,0.063765861
2019-11-27,60,189,44860443.29,813199316.5,0.317460317,0.055165373
2019-11-29,15,75,1359109.455,116677687.8,0.2,0.011648409
2019-12-02,62,127,20054996.76,290823085.3,0.488188976,0.068959439
2019-12-03,61,187,159464000000000.0,162238500.0,0.326203209,982899.9033
2019-12-04,72,219,3810191458.0,301810472.9,0.328767123,12.62445077
2019-12-05,68,169,35492844.52,366424366.2,0.402366864,0.096862676
2019-12-06,41,136,100144601.6,601962431.9,0.301470588,0.166363541
2019-12-09,65,156,65399899.01,621752094.3,0.416666667,0.105186456
2019-12-10,47,162,20593738.73,207320466.9,0.290123457,0.099332878
2019-12-11,45,174,14628610.08,1091388377.0,0.25862069,0.01340367
2019-12-12,50,184,10742272.22,458278346.1,0.27173913,0.023440497
2019-12-13,51,179,5684862.709,536639083.5,0.284916201,0.010593456
2019-12-16,75,184,32889475.31,256674584.4,0.407608696,0.12813686
2019-12-17,65,170,44896826.7,196751227.4,0.382352941,0.228190834
2019-12-18,61,236,10210674.24,1059598449.0,0.258474576,0.009636362
2019-12-19,34,123,19402449.89,228555040.8,0.276422764,0.084891805
2019-12-20,62,135,64474033.86,314780388.8,0.459259259,0.20482227
2019-12-23,40,159,9306510.673,261347489.0,0.251572327,0.035609719
2019-12-24,0,2,0.0,11487537.8,0.0,0.0
2019-12-26,48,152,5024722.518,389231613.4,0.315789474,0.012909338
2019-12-27,21,55,855367.2135,42518312.73,0.381818182,0.020117619
2019-12-30,40,82,22989242.89,72368082.31,0.487804878,0.317671025
2019-12-31,26,47,1638284.403,44675139.22,0.553191489,0.036671053
2020-01-02,54,77,9026215.711,249697820.4,0.701298701,0.036148556
2020-01-03,46,202,3114330000000.0,136237680.6,0.227722772,22859.53682
2020-01-06,51,225,29162226.2,226914542.7,0.226666667,0.128516339
2020-01-07,36,146,557499.4072,115658381.3,0.246575342,0.004820225
2020-01-08,20,117,2172858.98,735294199.6,0.170940171,0.002955088
2020-01-09,15,88,3001414216.0,265957428.4,0.170454545,11.28531823
2020-01-10,16,129,1292656.129,211736531.6,0.124031008,0.006105022
2020-01-13,19,62,17824736.84,56902457.75,0.306451613,0.313250737
2020-01-14,20,82,2290618.177,306928650.3,0.243902439,0.007463031
2020-01-15,28,110,15627913.94,233961273.0,0.254545455,0.066797012
2020-01-16,52,115,15392415.95,117411741.8,0.452173913,0.131097757
2020-01-17,35,190,6355262.837,206639681.9,0.184210526,0.030755288
2020-01-21,45,108,10579209.93,229550949.9,0.416666667,0.046086544
2020-01-22,24,81,1172131.052,118097003.3,0.296296296,0.009925155
2020-01-23,23,116,4344560.778,143303081.1,0.198275862,0.030317288
2020-01-24,33,82,6695013.685,108086425.9,0.402439024,0.0619413
2020-01-27,19,75,7860645.874,114658728.4,0.253333333,0.06855689
2020-01-28,26,79,12814000.05,196922673.0,0.329113924,0.065071227
2020-01-29,34,67,4944220.789,92110861.42,0.507462687,0.053676849
2020-01-30,26,79,991132.0,83473960.84,0.329113924,0.011873547
2020-01-31,29,74,2979446.151,153146177.2,0.391891892,0.019454917
2020-02-03,51,78,14623656.34,86686629.93,0.653846154,0.168695638
2020-02-04,50,198,88151777.96,2105109441.0,0.252525253,0.041875152
2020-02-05,76,263,65788820.9,306048372.6,0.288973384,0.214962165
2020-02-06,58,170,14188519.77,2060001421.0,0.341176471,0.006887626
2020-02-07,47,217,4193318.085,1073567050.0,0.216589862,0.003905968
2020-02-10,44,144,6940690.146,132615735.2,0.305555556,0.052336852
2020-02-11,58,161,25531417.36,144870409.6,0.360248447,0.176236247
2020-02-12,60,232,24433677.03,350784764.6,0.25862069,0.069654328
2020-02-13,54,187,13174847.19,297451408.7,0.288770053,0.044292435
2020-02-14,52,214,11906529.17,246216893.1,0.242990654,0.048357889
2020-02-18,41,198,35838739.58,903078191.1,0.207070707,0.03968509
2020-02-19,46,241,16355088.25,1041752369.0,0.190871369,0.015699593
2020-02-20,59,292,6024359.888,588913774.2,0.202054795,0.010229613
2020-02-21,32,258,3204070.112,1355212047.0,0.124031008,0.002364257
2020-02-24,60,206,64435758.1,438772048.1,0.291262136,0.146854747
2020-02-25,65,195,8822654.711,301932340.9,0.333333333,0.029220635
2020-02-26,97,175,105651125.3,727999925.3,0.554285714,0.145125187
2020-02-27,109,122,18494451.95,91344325.46,0.893442623,0.202469632
2020-02-28,122,144,32769106.24,96273287.14,0.847222222,0.340375895
2020-03-02,194,133,80395824.95,182916942.9,1.458646617,0.43952093
2020-03-03,184,247,2602690338.0,274748349.3,0.744939271,9.472997181
2020-03-04,142,273,17232150.48,401380523.2,0.52014652,0.042932204
2020-03-05,149,180,93126673.6,418929691.0,0.827777778,0.222296666
2020-03-06,117,180,24510422.1,1095239406.0,0.65,0.022379054
2020-03-09,231,130,40387549.7,135111546.0,1.776923077,0.298920047
2020-03-10,297,104,106226197.2,166691601.9,2.855769231,0.637261842
2020-03-11,320,130,56497504.66,171073508.0,2.461538462,0.330252798
2020-03-12,371,106,232365510.2,184250398.5,3.5,1.261139797
2020-03-13,414,85,286699337.6,641312129.5,4.870588235,0.44705117
2020-03-16,438,64,233768899.4,95589730.83,6.84375,2.44554407
2020-03-17,297,129,97938392.46,208456587.3,2.302325581,0.469826326
2020-03-18,270,116,156993928.9,120242504.1,2.327586207,1.305644207
2020-03-19,253,87,61654417.6,76595616.13,2.908045977,0.804934025
2020-03-20,208,83,82840220.03,72866334.75,2.506024096,1.136879196
2020-03-23,196,56,51488598.74,79689798.09,3.5,0.646112802
2020-03-24,121,105,21952588.0,79636847.02,1.152380952,0.275658678
2020-03-25,108,61,32486221.15,43520846.99,1.770491803,0.746451951
2020-03-26,66,65,9179745.3,204060344.9,1.015384615,0.044985444
2020-03-27,66,52,7709917.361,35816765.34,1.269230769,0.215260013
2020-03-30,58,43,6701397.8,25756786.31,1.348837209,0.260179889
2020-03-31,77,44,517113244.4,37375795.49,1.75,13.83551139
2020-04-01,70,58,528634683.9,114231657.3,1.206896552,4.627742401
2020-04-02,74,78,18572845.2,50289839.72,0.948717949,0.369316055
2020-04-03,34,141,14091792.24,152134678.1,0.241134752,0.092627088
2020-04-06,47,50,9928302.692,22241585.9,0.94,0.446384657
2020-04-07,44,53,34438548.28,45932455.96,0.830188679,0.74976501
2020-04-08,24,76,7583940.24,688845470.5,0.315789474,0.011009639
2020-04-09,23,61,35315854.77,86158375.59,0.37704918,0.409894622
2020-04-10,17,62,1615859.52,99358870.7,0.274193548,0.016262861
2020-04-13,23,40,45475145.67,31071158.57,0.575,1.463580625
2020-04-14,16,29,6521831.616,13500117.18,0.551724138,0.483094445
2020-04-15,37,95,4030501.916,216129196.4,0.389473684,0.018648577
2020-04-16,27,76,11862668.78,122438038.5,0.355263158,0.096887119
2020-04-17,46,108,2239634.368,160290964.3,0.425925926,0.013972306
2020-04-20,26,71,15123655.83,129596332.3,0.366197183,0.116698178
2020-04-21,19,76,5735753.56,128845128.3,0.25,0.044516651
2020-04-22,31,74,4485125.56,592325176.5,0.418918919,0.007572066
2020-04-23,41,37,10630442.44,47670613.73,1.108108108,0.22299781
2020-04-24,22,51,3031297.092,80382454.04,0.431372549,0.03771093
2020-04-27,44,64,3225527.026,949850837.3,0.6875,0.003395825
2020-04-28,44,76,13500121.09,56762289.54,0.578947368,0.237836092
2020-04-29,39,121,13337223.52,225341149.0,0.32231405,0.059186809
2020-04-30,39,84,1557160000000.0,1557250000000.0,0.464285714,0.99994285
2020-05-01,50,99,52199937.54,106302820.6,0.505050505,0.491049412
2020-05-04,79,109,10343461.02,126721952.8,0.724770642,0.081623277
2020-05-05,80,177,11452333.21,705809842.3,0.451977401,0.016225805
2020-05-06,89,110,10045428.1,186903986.6,0.809090909,0.053746462
2020-05-07,77,153,6740348.092,380439360.9,0.503267974,0.017717273
2020-05-08,80,145,12140538.82,759433706.1,0.551724138,0.015986305
2020-05-11,84,178,11428766.67,374515494.0,0.471910112,0.030516138
2020-05-12,92,196,16606881.34,425474804.1,0.469387755,0.03903141
2020-05-13,156,209,151398346.5,453725806.6,0.746411483,0.333678059
2020-05-14,186,166,160577964.7,543300169.3,1.120481928,0.295560307
2020-05-15,179,132,41324911.16,1176135241.0,1.356060606,0.03513619
2020-05-18,138,119,24761777.96,243368031.6,1.159663866,0.101746223
2020-05-19,95,236,88970368.91,672527484.6,0.402542373,0.13229254
2020-05-20,80,277,28612042.9,420348101.9,0.288808664,0.068067496
2020-05-21,67,133,6000010000000.0,409639811.8,0.503759398,14647.04908
2020-05-22,60,197,4120363.071,1054928791.0,0.304568528,0.003905821
2020-05-26,67,166,19539262.39,595979540.3,0.403614458,0.032785123
2020-05-27,71,142,33037912.26,141900505.5,0.5,0.232824486
2020-05-28,59,231,24877651.87,1122679428.0,0.255411255,0.022159177
2020-05-29,51,155,12128595.37,188895780.8,0.329032258,0.064207868
2020-06-01,56,167,3863199.09,193555668.4,0.335329341,0.019959111
2020-06-02,65,185,37304793.32,314151699.7,0.351351351,0.118747705
2020-06-03,52,263,4663144.786,397634983.3,0.197718631,0.0117272
2020-06-04,62,219,15408639.85,412105903.8,0.283105023,0.03739
2020-06-05,45,221,56046186.41,1876027448.0,0.20361991,0.029874929
2020-06-08,56,194,8654502.58,399047455.1,0.288659794,0.021687903
2020-06-09,61,238,51218395.73,590125207.0,0.256302521,0.086792422
2020-06-10,53,183,9532078.868,808734020.9,0.289617486,0.01178642
2020-06-11,62,146,17878445.87,389826052.6,0.424657534,0.045862624
2020-06-12,79,133,10164153.99,305431792.5,0.593984962,0.033277983
2020-06-15,85,83,45892520.85,237300576.1,1.024096386,0.193394056
2020-06-16,76,125,30516383.83,485443560.2,0.608,0.062862887
2020-06-17,66,221,59267333.99,630821525.2,0.298642534,0.093952618
2020-06-18,37,120,42602449.75,237163764.6,0.308333333,0.179633047
2020-06-19,25,84,1520365.079,149455474.1,0.297619048,0.010172696
2020-06-22,36,95,75697255.85,199064123.4,0.378947368,0.380265688
2020-06-23,43,128,31944951.85,471627963.3,0.3359375,0.067733371
2020-06-24,43,127,140554643.6,875637397.1,0.338582677,0.160516949
2020-06-25,26,102,92591063.86,759249942.3,0.254901961,0.121950703
2020-06-26,20,63,8956429.283,346367383.6,0.317460317,0.025858177
2020-06-29,46,48,78234338.91,831597252.9,0.958333333,0.094077197
2020-06-30,29,77,37909669.62,363874643.8,0.376623377,0.104183323
2020-07-01,38,98,71166644.16,254475217.3,0.387755102,0.279660412
2020-07-02,44,215,52861971.17,568310664.5,0.204651163,0.093015976
2020-07-06,51,178,10214556.64,301507701.5,0.286516854,0.033878261
2020-07-07,41,87,66782432.83,81184926.18,0.471264368,0.822596459
2020-07-08,21,133,2028033.17,246546037.4,0.157894737,0.008225779
2020-07-09,29,78,28725732.21,388980892.4,0.371794872,0.073848697
2020-07-10,31,88,17683782.34,128005329.3,0.352272727,0.138148798
2020-07-13,22,66,1660259.07,93156997.32,0.333333333,0.017822162
2020-07-14,24,106,18658895.61,169977120.8,0.226415094,0.109772983
2020-07-15,27,94,7846451.475,227276854.6,0.287234043,0.03452376
2020-07-16,26,67,17469846.2,93092908.09,0.388059701,0.187660334
2020-07-17,35,169,23842331.8,223616138.2,0.207100592,0.106621696
2020-07-20,24,73,2114949.505,215100227.3,0.328767123,0.009832391
2020-07-21,33,81,131026846.7,95004467.36,0.407407407,1.37916511
2020-07-22,23,122,8161624.89,568808655.2,0.18852459,0.01434863
2020-07-23,19,79,2786566.808,215736747.8,0.240506329,0.012916514
2020-07-24,23,60,9794360.28,409415937.1,0.383333333,0.023922763
2020-07-27,34,58,3718578.438,269014602.3,0.586206897,0.013822961
2020-07-28,27,87,18535215.22,197991659.9,0.310344828,0.093616141
2020-07-29,37,80,7421365.172,146797744.7,0.4625,0.050555035
2020-07-30,38,81,77443646.05,170827163.7,0.469135802,0.453345032
2020-07-31,46,115,2134949.21,186608314.9,0.4,0.011440804
2020-08-03,54,102,3205433.912,696053932.0,0.529411765,0.004605152
2020-08-04,70,195,29654391.61,637079493.1,0.358974359,0.046547396
2020-08-05,108,354,15802161.35,4057367939.0,0.305084746,0.003894683
2020-08-06,64,155,76880672.05,409071517.3,0.412903226,0.18793944
2020-08-07,40,184,18421147.63,444593165.5,0.217391304,0.041433718
2020-08-10,77,199,50861684.64,424708652.3,0.386934673,0.119756648
2020-08-11,78,214,125041000000.0,534158376.7,0.364485981,234.0900546
2020-08-12,101,260,81526127.66,1116161839.0,0.388461538,0.073041493
2020-08-13,72,219,41385446.52,554767706.4,0.328767123,0.074599596
2020-08-14,50,208,14741159.98,388664472.2,0.240384615,0.037927727
2020-08-17,87,166,21213130.9,367578239.8,0.524096386,0.057710519
2020-08-18,83,204,58161387.84,367428022.0,0.406862745,0.158293283
2020-08-19,104,270,40000564.71,1341525324.0,0.385185185,0.029817227
2020-08-20,67,177,20557091.18,417162687.9,0.378531073,0.049278355
2020-08-21,70,166,48214943.01,568313791.6,0.421686747,0.084838594
2020-08-24,76,151,16107063.7,1209704492.0,0.503311258,0.013314875
2020-08-25,59,129,7538457533.0,606998357.0,0.457364341,12.41923878
2020-08-26,76,161,7192639.01,1820103188.0,0.472049689,0.003951775
2020-08-27,55,114,35207477.46,622274270.2,0.48245614,0.056578713
2020-08-28,43,146,4502055.62,411582486.2,0.294520548,0.010938404
2020-08-31,56,126,8602597.483,1348161702.0,0.444444444,0.006380983
2020-09-01,87,113,86806834.4,236297998.9,0.769911504,0.367361699
2020-09-02,67,222,29329899.12,189741000000.0,0.301801802,0.000154578
2020-09-03,94,284,26526882.33,757071457.4,0.330985915,0.035038809
2020-09-04,58,144,11314959.59,362951321.7,0.402777778,0.031174868
2020-09-08,92,94,28091856.77,182656003.8,0.978723404,0.153796515
2020-09-09,70,113,6117394371.0,168903711.4,0.619469027,36.21823534
2020-09-10,61,152,10230583.92,609091192.8,0.401315789,0.016796473
2020-09-11,67,149,20017311.98,268605096.2,0.44966443,0.074523203
2020-09-14,79,120,19782235.06,270986727.0,0.658333333,0.073000753
2020-09-15,61,122,8402792.7,1170752681.0,0.5,0.007177257
2020-09-16,46,171,71221147.84,605014276.3,0.269005848,0.117718128
2020-09-17,78,213,5560769.333,640581649.7,0.366197183,0.008680813
2020-09-18,35,115,2400296.126,159195306.1,0.304347826,0.015077682
2020-09-21,58,96,79908279.21,1092393769.0,0.604166667,0.073149703
2020-09-22,39,117,31708774.47,147410079.4,0.333333333,0.215105877
2020-09-23,58,112,19694259.59,1252111192.0,0.517857143,0.015728842
2020-09-24,33,77,12509861.32,145246025.8,0.428571429,0.086128768
2020-09-25,35,80,5041854.43,158024879.5,0.4375,0.031905447
2020-09-28,33,46,2606479.358,53915869.23,0.717391304,0.048343454
2020-09-29,54,88,42527612756.0,424385315.0,0.613636364,100.2099065
2020-09-30,40,104,62812520.97,188026523.3,0.384615385,0.334062024
2020-10-01,45,90,98780737.45,125243765.6,0.5,0.788707821
2020-10-02,56,193,22514773.31,485043638.6,0.29015544,0.046418036
2020-10-05,52,204,31517944.28,1029623368.0,0.254901961,0.030611139
2020-10-06,28,88,26599900.27,120271320.6,0.318181818,0.221165779
2020-10-07,35,118,24449509.94,342654713.7,0.296610169,0.071353199
2020-10-08,25,83,42303965.97,236670718.0,0.301204819,0.178746092
2020-10-09,16,110,765726.92,315445317.8,0.145454545,0.002427447
2020-10-13,23,167,16898835.09,632474060.4,0.137724551,0.026718622
2020-10-14,30,117,7821007.35,1045472403.0,0.256410256,0.007480836
2020-10-15,24,79,60209140.94,156254864.1,0.303797468,0.385326507
2020-10-16,65,132,87715181.92,158191859.9,0.492424242,0.554486065
2020-10-19,40,109,17671477.77,206195671.3,0.366972477,0.085702467
2020-10-20,14,104,13916557.64,125539239.0,0.134615385,0.110854246
2020-10-21,17,90,2346665.526,335021564.2,0.188888889,0.007004521
2020-10-22,27,63,31644032.05,81413873.34,0.428571429,0.388681078
2020-10-23,12,80,10208291.06,582082729.2,0.15,0.017537526
2020-10-26,24,63,3164350.31,148656003.7,0.380952381,0.021286394
2020-10-27,22,86,11609660.2,211558895.8,0.255813953,0.054876729
2020-10-28,43,88,28323635.92,649051940.4,0.488636364,0.043638474
2020-10-29,48,58,234279990.8,167807450.4,0.827586207,1.396123892
2020-10-30,39,63,7127583.658,249534958.6,0.619047619,0.028563467
2020-11-02,50,62,9855829.62,115320020.0,0.806451613,0.085465036
2020-11-03,76,196,29622552.37,210763303.4,0.387755102,0.140548909
2020-11-04,66,293,29144315.75,3620418147.0,0.225255973,0.008049986
2020-11-05,45,203,5844444.342,467806081.2,0.221674877,0.012493306
2020-11-06,33,223,4768658.72,583033998.8,0.147982063,0.008179041
2020-11-09,67,200,428932293.5,436279965.0,0.335,0.983158357
2020-11-10,55,349,53693978.55,10606719672.0,0.157593123,0.005062261
2020-11-12,91,555,58908249.61,1293645650.0,0.163963964,0.045536619
2020-11-13,39,211,11418755.33,416982679.9,0.184834123,0.027384244
2020-11-16,65,178,22450574.87,262811713.4,0.365168539,0.08542456
2020-11-17,61,247,20959525.38,756320927.3,0.246963563,0.027712476
2020-11-18,64,377,4142149.911,2110225301.0,0.169761273,0.001962895
2020-11-19,63,231,31195571.41,2452930912.0,0.272727273,0.012717672
2020-11-20,56,244,32095886.51,735297670.5,0.229508197,0.043650195
2020-11-23,61,162,1171750000000.0,497445716.1,0.37654321,2355.53055
2020-11-24,56,260,1109500000000.0,683196547.0,0.215384615,1623.989698
2020-11-25,67,336,22128267.98,1338289402.0,0.199404762,0.016534741
2020-11-27,28,107,4312451.309,332936414.6,0.261682243,0.012952778
2020-11-30,58,162,3265479.569,383193483.5,0.358024691,0.008521751
2020-12-01,36,161,13049874.51,359208760.0,0.223602484,0.0363295
2020-12-02,67,237,15646922.58,553494970.9,0.282700422,0.028269313
2020-12-03,79,297,14636297.24,765724181.4,0.265993266,0.01911432
2020-12-04,59,183,61069948.03,786774029.7,0.322404372,0.077620696
2020-12-07,47,180,2670870.994,1074756835.0,0.261111111,0.002485093
2020-12-08,52,205,86833340.02,1609519617.0,0.253658537,0.053949849
2020-12-09,54,209,32013697.64,1108825341.0,0.258373206,0.028871723
2020-12-10,49,197,5507899.99,4625904955.0,0.248730964,0.001190664
2020-12-11,33,195,20988269.02,566447646.5,0.169230769,0.037052443
2020-12-14,57,198,45794337.78,769393798.8,0.287878788,0.059520025
2020-12-15,43,183,71572616.35,223486840.4,0.234972678,0.320254276
2020-12-16,42,282,11498695.63,1662696018.0,0.14893617,0.006915693
2020-12-17,84,276,153001910.9,524924996.1,0.304347826,0.291473853
2020-12-18,47,212,10168915.86,756236475.2,0.221698113,0.013446741
2020-12-21,34,158,14441426.44,459768859.2,0.215189873,0.031410188
2020-12-22,45,190,65573131.52,535146644.4,0.236842105,0.122533014
2020-12-23,51,195,23280912.0,749546159.5,0.261538462,0.031060011
2020-12-28,41,170,21300074.28,289304864.0,0.241176471,0.073625013
2020-12-29,29,97,3501342.448,194250247.5,0.298969072,0.018024906
2020-12-30,46,144,35042524.95,601229386.6,0.319444444,0.058284784
2020-12-31,21,69,67157934.04,227956306.0,0.304347826,0.294608801
2021-01-04,43,94,6926169.403,146160005.1,0.457446809,0.047387583
2021-01-05,49,246,563688.9122,192907447.3,0.199186992,0.002922069
2021-01-06,38,306,2271661.732,1094216151.0,0.124183007,0.002076063
2021-01-07,32,164,983897.302,227822798.2,0.195121951,0.004318696
2021-01-08,25,165,217286570.1,1192657934.0,0.151515152,0.182186832
2021-01-11,31,98,5751688.436,926662975.4,0.316326531,0.006206883
2021-01-12,25,128,74725410.74,66637881105.0,0.1953125,0.001121365
2021-01-13,32,141,12691066.77,7945267164.0,0.226950355,0.001597312
2021-01-14,18,107,52126580.41,347818456.6,0.168224299,0.149867206
2021-01-15,29,144,640971183.8,214240233.3,0.201388889,2.991833858
2021-01-19,49,160,1194774.653,1017605939.0,0.30625,0.001174103
2021-01-20,39,182,2618463.556,206627943.0,0.214285714,0.012672359
2021-01-21,20,170,7723580.854,610802857.7,0.117647059,0.012644965
2021-01-22,25,144,1245224.086,450639892.6,0.173611111,0.002763235
2021-01-25,30,93,1206854.48,893169232.4,0.322580645,0.001351205
2021-01-26,25,102,10685347.73,182682680.7,0.245098039,0.058491301
2021-01-27,38,153,56826547.27,1792952019.0,0.248366013,0.031694405
2021-01-28,25,81,19272024.41,553366521.6,0.308641975,0.034826871
2021-01-29,31,128,5567817.73,647590917.9,0.2421875,0.008597739
2021-02-01,26,70,7021782.67,252486933.9,0.371428571,0.027810479
2021-02-02,79,166,37193320.49,273761176.0,0.475903614,0.135860464
2021-02-03,52,314,1030052.869,827055119.0,0.165605096,0.001245446
2021-02-04,34,177,20458892.93,840996939.9,0.192090395,0.024326953
2021-02-05,50,173,3657710491.0,711135663.0,0.289017341,5.143477794
2021-02-08,35,169,51839871.06,473236565.4,0.207100592,0.109543249
2021-02-09,59,248,106312062.0,616545629.0,0.237903226,0.172431783
2021-02-10,29,246,3685508.469,1361698875.0,0.117886179,0.002706552
2021-02-11,52,221,220948978.7,492388968.3,0.235294118,0.448728531
2021-02-12,66,221,23983881.65,2156821449.0,0.298642534,0.011120013
2021-02-16,49,214,40112787.09,713262309.1,0.228971963,0.056238479
2021-02-17,54,322,52747551.1,621751533.0,0.167701863,0.084837026
2021-02-18,48,407,98044946.2,1174454014.0,0.117936118,0.083481299
2021-02-19,58,237,529554302.9,1012085388.0,0.244725738,0.523230855
2021-02-22,40,201,11690100.84,332259870.1,0.199004975,0.035183607
2021-02-23,48,291,11639923.51,446021902.0,0.164948454,0.026097202
2021-02-24,33,317,20512869.79,2654216119.0,0.104100946,0.00772841
2021-02-25,31,251,9858866.252,664684656.1,0.123505976,0.014832396
2021-02-26,61,291,6229795.777,1217029026.0,0.209621993,0.005118856
2021-03-01,53,224,25059025.96,273881884.5,0.236607143,0.091495741
2021-03-02,68,390,39426332.52,577473285.2,0.174358974,0.068273864
2021-03-03,80,586,121177686.7,3402625762.0,0.136518771,0.035612993
2021-03-04,69,283,30002957.35,1062717959.0,0.243816254,0.028232286
2021-03-05,50,283,48732136.38,2560061587.0,0.176678445,0.019035533
2021-03-08,75,235,34853595.4,750037763.4,0.319148936,0.046469121
2021-03-09,39,331,39627501.0,977314732.0,0.117824773,0.040547328
2021-03-10,40,303,35474591.19,957469817.7,0.132013201,0.037050349
2021-03-11,34,293,8665827.569,1186899083.0,0.116040956,0.007301234
2021-03-12,44,359,9762245.715,2800360956.0,0.122562674,0.003486067
2021-03-15,53,235,43367134.86,509102917.9,0.225531915,0.085183434
2021-03-16,61,338,22196474.19,1139898831.0,0.180473373,0.019472319
2021-03-17,87,424,1474730000000.0,783621062.5,0.205188679,1881.946382
2021-03-18,58,208,35051153.93,960200272.7,0.278846154,0.036504003
2021-03-19,45,161,10517453.39,1214152411.0,0.279503106,0.008662383
2021-03-22,47,117,2377926.98,413035128.7,0.401709402,0.005757203
2021-03-23,46,145,140077252.2,319725507.2,0.317241379,0.438117226
2021-03-24,29,165,5530638.028,1806895617.0,0.175757576,0.003060851
2021-03-25,51,112,146264349.1,457372629.3,0.455357143,0.319792527
2021-03-26,41,98,84805417.37,279478498.4,0.418367347,0.303441652
2021-03-29,30,76,99727854.9,154903356.5,0.394736842,0.643806933
2021-03-30,40,109,34677876.61,556811200.9,0.366972477,0.062279416
2021-03-31,29,126,19905813.63,2376304947.0,0.23015873,0.008376793
2021-04-01,62,104,52519827.52,457064924.7,0.596153846,0.114906712
2021-04-02,39,173,1345585.755,417402663.9,0.225433526,0.003223711
2021-04-05,43,236,550628534.1,469283587.4,0.18220339,1.173338572
2021-04-06,46,116,19455824.33,482271343.1,0.396551724,0.04034207
2021-04-07,36,239,11871220.33,505971109.5,0.150627615,0.023462249
2021-04-08,16,113,30523242.06,765127990.6,0.14159292,0.039892988
2021-04-09,13,106,1388407.38,475351694.3,0.122641509,0.0029208
2021-04-12,12,83,637167.82,269513325.9,0.144578313,0.002364142
2021-04-13,21,112,17549360.8,175901461.7,0.1875,0.099768135
2021-04-14,36,122,131353546.8,407002793.7,0.295081967,0.322733772
2021-04-15,28,122,1149582822.0,318757438.4,0.229508197,3.606450183
2021-04-16,35,157,3536713.411,3027278114.0,0.222929936,0.001168282
2021-04-19,37,159,6331367.148,406705673.4,0.232704403,0.015567442
2021-04-20,29,70,946957.434,147356653.2,0.414285714,0.006426296
2021-04-21,23,127,4325694.01,584648208.2,0.181102362,0.007398798
2021-04-22,14,79,26919908.53,240241533.6,0.17721519,0.112053516
2021-04-23,21,118,51445535.34,902910783.9,0.177966102,0.056977429
2021-04-26,31,96,278078838.5,165741196.2,0.322916667,1.677789499
2021-04-27,37,122,47931872.34,255385276.7,0.303278689,0.187684556
2021-04-28,33,138,3507748.573,712322398.5,0.239130435,0.004924383
2021-04-29,37,105,10019156.77,278996130.2,0.352380952,0.035911454
2021-04-30,28,131,5148019.523,1341114967.0,0.213740458,0.003838612
2021-05-03,41,139,10599509.47,270306830.1,0.294964029,0.039212881
2021-05-04,52,284,20280978.51,890379397.0,0.183098592,0.022777906
2021-05-05,53,377,7096381.598,4024343966.0,0.140583554,0.001763364
2021-05-06,74,172,41370774.68,701177168.5,0.430232558,0.059001885
2021-05-07,47,235,15662956.53,3086121157.0,0.2,0.005075289
2021-05-10,51,203,8635578.608,1885282916.0,0.251231527,0.004580521
2021-05-11,66,264,17665217.81,2477886433.0,0.25,0.007129147
2021-05-12,72,301,46993218.44,1046706478.0,0.239202658,0.044896272
2021-05-13,56,212,18019027.71,514483086.6,0.264150943,0.035023557
2021-05-14,62,188,127912418.3,431236675.6,0.329787234,0.296617671
2021-05-17,60,196,50228441.28,873740904.7,0.306122449,0.057486654
2021-05-18,58,288,16993602212.0,530260927.3,0.201388889,32.04762285
2021-05-19,72,294,33319896.15,601679938.2,0.244897959,0.055378107
2021-05-20,55,236,31059918.67,399144459.4,0.233050847,0.077816234
2021-05-21,80,216,26596154.6,748097530.4,0.37037037,0.035551721
2021-05-24,64,204,67906961.02,417527458.1,0.31372549,0.162640707
2021-05-25,44,139,25174982.56,697699798.9,0.316546763,0.036082829
2021-05-26,49,216,66948367.66,1694886401.0,0.226851852,0.039500209
2021-05-27,72,189,27058192.82,508859765.5,0.380952381,0.053174164
2021-05-28,64,213,14189275.18,669250542.5,0.300469484,0.021201739
2021-06-01,57,164,6770457.387,1200352769.0,0.347560976,0.00564039
2021-06-02,44,288,8757082.436,832161988.4,0.152777778,0.010523291
2021-06-03,95,406,53847543.13,2092000601.0,0.233990148,0.025739736
2021-06-04,55,206,34269744.95,1036425589.0,0.266990291,0.033065321
2021-06-07,38,198,15481734.21,749804103.7,0.191919192,0.020647705
2021-06-08,49,230,24748911.25,525792610.2,0.213043478,0.047069721
2021-06-09,33,268,26229687.55,4240950066.0,0.123134328,0.006184861
2021-06-10,46,240,65392251.58,947782037.5,0.191666667,0.068995032
2021-06-11,40,225,21914085.92,820723657.1,0.177777778,0.026700931
2021-06-14,40,172,25538786.39,1498722195.0,0.23255814,0.017040374
2021-06-15,54,210,159873925.4,626793891.7,0.257142857,0.255066183
2021-06-16,38,283,147687820.6,1546238776.0,0.134275618,0.095514239
2021-06-17,57,275,101231237.3,573159444.0,0.207272727,0.17661968
2021-06-21,71,263,65704213.95,1201064686.0,0.269961977,0.054704975
2021-06-22,39,163,102673867.6,322694711.6,0.239263804,0.31817648
2021-06-23,32,145,28630379.25,460127752.8,0.220689655,0.062222674
2021-06-24,36,107,92745257.04,594881940.9,0.336448598,0.155905316
2021-06-25,33,129,47624812.22,403433490.1,0.255813953,0.118048733
2021-06-28,27,118,71648071.26,1086007684.0,0.228813559,0.065973816
2021-06-29,24,138,18951143.31,1762549316.0,0.173913043,0.010752121
2021-06-30,27,156,110885357.6,665432574.5,0.173076923,0.166636504
2021-07-01,54,148,16255911.18,1114066595.0,0.364864865,0.014591508
2021-07-02,48,254,81943491.42,1311164866.0,0.188976378,0.062496711
2021-07-06,41,245,88704982.29,846521790.6,0.167346939,0.104787595
2021-07-07,43,101,9186575.613,302670286.6,0.425742574,0.030351759
2021-07-08,28,161,36645868.23,516689920.9,0.173913043,0.070924295
2021-07-09,18,93,30761779.92,200649325.7,0.193548387,0.153311155
2021-07-12,23,77,1698182.12,329693406.2,0.298701299,0.005150792
2021-07-13,26,91,815721.5394,283494191.2,0.285714286,0.002877384
2021-07-14,15,104,1890603.118,318347634.5,0.144230769,0.005938801
2021-07-15,20,87,4241872.13,301640819.5,0.229885057,0.014062659
2021-07-16,50,147,27595744.27,444286983.9,0.340136054,0.06211243
2021-07-19,40,149,9511377.914,346413353.6,0.268456376,0.02745673
2021-07-20,28,94,3888445.91,190005826.2,0.29787234,0.020464877
2021-07-21,21,102,51420805.69,425213105.3,0.205882353,0.120929494
2021-07-22,32,96,43196704.59,121972481.8,0.333333333,0.354151231
2021-07-23,35,115,33087033.82,314690685.0,0.304347826,0.105141446
2021-07-26,57,57,6551405.964,121867664.8,1.0,0.053758361
2021-07-27,31,87,1267116.52,236634594.7,0.356321839,0.005354739
2021-07-28,47,108,103345941.5,424895362.5,0.435185185,0.243226805
2021-07-29,26,71,85312679.09,227185594.8,0.366197183,0.375519756
2021-07-30,35,112,4615177.86,657200841.4,0.3125,0.007022477
2021-08-02,44,139,82626711.63,592391019.7,0.316546763,0.139480021
2021-08-03,71,280,56002090.36,780891245.7,0.253571429,0.071715608
2021-08-04,86,330,130008740.2,2858904762.0,0.260606061,0.045475016
2021-08-05,64,154,155767194.7,1175955757.0,0.415584416,0.132460081
2021-08-06,42,204,22391886.28,1952507197.0,0.205882353,0.011468273
2021-08-09,74,161,13852907.11,578620717.1,0.459627329,0.023941257
2021-08-10,78,216,26203616.74,2799103696.0,0.361111111,0.009361431
2021-08-11,79,214,37457403.47,2104205843.0,0.369158879,0.017801207
2021-08-12,77,224,73847633.66,619128899.8,0.34375,0.11927667
2021-08-13,80,166,18641407.32,2779683450.0,0.481927711,0.006706306
2021-08-16,75,147,52844051.57,534411714.3,0.510204082,0.098882659
2021-08-17,99,243,20818015.41,352677201.9,0.407407407,0.059028526
2021-08-18,118,293,20425647.72,890082853.6,0.402730375,0.02294803
2021-08-19,99,168,51395564.87,320103603.2,0.589285714,0.160559158
2021-08-20,81,184,15818026.43,778719962.6,0.440217391,0.020312856
2021-08-23,117,155,25328247.35,604190842.8,0.75483871,0.041920939
2021-08-24,67,200,22289499.26,736186483.8,0.335,0.030276974
2021-08-25,62,201,24767121.41,838686804.8,0.308457711,0.029530835
2021-08-26,49,134,3499907.976,618067738.1,0.365671642,0.005662661
2021-08-27,50,186,181435984.5,809402189.5,0.268817204,0.224160481
2021-08-30,48,176,36231075.38,1337364643.0,0.272727273,0.027091396
2021-08-31,39,171,40130858.7,606856899.0,0.228070175,0.066129031
2021-09-01,44,202,11183409.31,557343051.5,0.217821782,0.020065576
2021-09-02,64,252,8877239.54,959593844.0,0.253968254,0.009251038
2021-09-03,77,339,4788996.116,792908459.2,0.227138643,0.006039784
2021-09-07,47,177,22518605.85,957334568.2,0.265536723,0.02352219
2021-09-08,28,174,94731451.35,665657269.8,0.16091954,0.142312652
2021-09-09,50,190,12339710.68,993986678.1,0.263157895,0.012414362
2021-09-10,79,163,106697497.5,1261849265.0,0.484662577,0.084556453
2021-09-13,59,139,24878001.29,449129167.8,0.424460432,0.05539164
2021-09-14,70,160,9344521.085,353145785.2,0.4375,0.026460803
2021-09-15,68,177,13869103.44,838888326.9,0.384180791,0.016532717
2021-09-16,65,164,25297428.33,1387084664.0,0.396341463,0.01823784
2021-09-17,70,280,62105667.14,705512972.1,0.25,0.088029093
2021-09-20,56,108,56282663.46,632116242.0,0.518518519,0.089038471
2021-09-21,44,153,74017055.24,357095137.4,0.287581699,0.20727545
2021-09-22,44,130,5356724.62,541176634.5,0.338461538,0.009898292
2021-09-23,39,76,12197133.34,251093033.9,0.513157895,0.048576152
2021-09-24,25,122,21226818.54,617457625.0,0.204918033,0.034377774
2021-09-27,29,98,11115254.34,613006008.2,0.295918367,0.018132374
2021-09-28,28,105,23285454.52,239834290.5,0.266666667,0.097089763
2021-09-29,27,129,27136432.6,884512151.8,0.209302326,0.030679548
2021-09-30,40,76,7892836.29,563088359.6,0.526315789,0.014017048
2021-10-01,55,115,21486437.22,311224456.4,0.47826087,0.069038396
2021-10-04,55,155,7465737.805,201724280.7,0.35483871,0.037009614
2021-10-05,55,234,54007854.35,534122797.2,0.235042735,0.101115052
2021-10-06,19,114,2964459.92,8447615714.0,0.166666667,0.000350923
2021-10-07,21,85,10510021.29,161798595.5,0.247058824,0.064957432
2021-10-08,21,83,2752238.5,182873053.0,0.253012048,0.015049995
2021-10-12,20,153,666008.574,1885324737.0,0.130718954,0.000353259
2021-10-13,19,86,1145104.686,191287221.7,0.220930233,0.00598631
2021-10-14,34,67,320667694.3,291800747.3,0.507462687,1.098926913
2021-10-15,27,102,33137593.01,266798127.4,0.264705882,0.124204744
2021-10-18,27,129,55808214.82,502122705.4,0.209302326,0.111144575
2021-10-19,33,166,23153858.6,433893780.8,0.198795181,0.053362965
2021-10-20,23,128,36413768.41,426060192.3,0.1796875,0.085466254
2021-10-21,20,88,32161223.07,626667628.8,0.227272727,0.051321022
2021-10-22,15,103,11063792.64,212438991.3,0.145631068,0.052079859
2021-10-25,30,98,6553796.732,305348083.8,0.306122449,0.021463363
2021-10-26,28,98,7334822.2,201896208.1,0.285714286,0.036329668
2021-10-27,19,144,36881613.98,701194206.2,0.131944444,0.052598287
2021-10-28,22,98,2503275.11,481102567.2,0.224489796,0.005203205
2021-10-29,31,100,7580715.892,211707154.4,0.31,0.035807557
2021-11-01,69,90,37414113.24,160937633.1,0.766666667,0.232475851
2021-11-02,70,233,86784181.76,466542100.9,0.300429185,0.186015756
2021-11-03,51,349,7542509.011,2966751642.0,0.146131805,0.002542346
2021-11-04,55,201,14287447.21,1089013144.0,0.273631841,0.013119628
2021-11-05,50,230,55497470.2,2840874531.0,0.217391304,0.019535347
2021-11-08,40,224,69715522.16,2060299462.0,0.178571429,0.033837568
2021-11-09,61,246,60775837.03,1482367589.0,0.24796748,0.040999167
2021-11-10,63,301,43337192.34,6047817919.0,0.209302326,0.007165757
2021-11-12,93,397,67190886.45,2882069565.0,0.234256927,0.023313416
2021-11-15,88,220,38898740.43,2053904023.0,0.4,0.018938928
2021-11-16,106,230,36526664.35,1865494442.0,0.460869565,0.019580152
2021-11-17,96,359,65331543.85,2158364119.0,0.267409471,0.030269009
2021-11-18,86,242,29969343.03,1540139178.0,0.355371901,0.019458854
2021-11-19,98,233,9619986.672,1279368532.0,0.420600858,0.007519324
2021-11-22,123,173,252410918.2,1205315452.0,0.710982659,0.20941482
2021-11-23,123,208,156410369.6,1740872530.0,0.591346154,0.089845963
2021-11-24,100,249,19672838.52,2031676204.0,0.401606426,0.009683058
2021-11-26,42,70,42435694.78,353973408.5,0.6,0.119883849
2021-11-29,109,134,16619728.99,170461325.0,0.813432836,0.097498532
2021-11-30,88,115,53982078.89,216602845.3,0.765217391,0.249221467
2021-12-01,95,136,48842134.04,4891520804.0,0.698529412,0.009985061
2021-12-02,118,161,48291563.92,1412095252.0,0.732919255,0.034198517
2021-12-03,105,303,79553509.0,838102768.9,0.346534653,0.094920948
2021-12-06,122,116,17373214.66,268607064.7,1.051724138,0.064678919
2021-12-07,83,170,23521506.26,1718445626.0,0.488235294,0.013687664
2021-12-08,62,173,219598204.0,6982353841.0,0.358381503,0.031450455
2021-12-09,55,214,11075147.61,1601018387.0,0.257009346,0.006917564
2021-12-10,98,171,38152631.86,2287906887.0,0.573099415,0.01667578
2021-12-13,83,134,246073193.2,1170546063.0,0.619402985,0.210220854
2021-12-14,106,156,56291273.34,325587224.7,0.679487179,0.17289153
2021-12-15,95,143,116237690.1,288573663.7,0.664335664,0.402800757
2021-12-16,83,171,198090618.6,1903501271.0,0.485380117,0.104066449
2021-12-17,81,256,140781482.1,536752825.0,0.31640625,0.262283635
2021-12-20,82,132,124555718.7,199844298.9,0.621212121,0.623263808
2021-12-21,79,136,156290021.0,1008936683.0,0.580882353,0.154905678
2021-12-22,76,144,107229204.7,1278507929.0,0.527777778,0.083870582
2021-12-23,45,170,10459527.99,230973189.2,0.264705882,0.045284598
2021-12-27,19,76,848135.7,83663017.79,0.25,0.010137522
2021-12-28,28,88,14051574.23,1291945215.0,0.318181818,0.010876293
2021-12-29,29,119,6211948.92,181771837.7,0.243697479,0.03417443
2021-12-30,35,92,2307960.834,100352833.3,0.380434783,0.022998462
2022-01-03,74,118,86792110.11,119152620.5,0.627118644,0.728411258
2022-01-04,76,192,115854359.0,283928884.1,0.395833333,0.40804006
2022-01-05,64,275,9794981.705,588377455.8,0.232727273,0.016647446
2022-01-06,23,148,51253453.89,189523875.2,0.155405405,0.270432703
2022-01-07,29,126,1570083.342,460884997.7,0.23015873,0.003406671
2022-01-10,31,61,12348655.8,97050412.55,0.508196721,0.127239601
2022-01-11,36,106,22500100000000.0,135689520.8,0.339622642,165820.4466
2022-01-12,24,89,2882251.886,77399727.14,0.269662921,0.037238528
2022-01-13,31,88,16531974.28,310270688.8,0.352272727,0.053282424
2022-01-14,38,83,5030699.19,163759461.7,0.457831325,0.030720052
2022-01-18,45,74,98225307.11,53281083.6,0.608108108,1.843530583
2022-01-19,44,80,3183785.644,213446153.4,0.55,0.014916107
2022-01-20,30,140,7678435.964,236336514.1,0.214285714,0.032489419
2022-01-21,44,78,74165004.07,157103895.8,0.564102564,0.472076161
2022-01-24,76,47,13318257.03,36400632.72,1.617021277,0.365879822
2022-01-25,48,54,32388865.16,68830399.62,0.888888889,0.47056047
2022-01-26,34,56,11643111.14,37375495.46,0.607142857,0.311517239
2022-01-27,30,41,50558962.37,62465193.11,0.731707317,0.809394158
2022-01-28,53,63,85186629.06,150215881.4,0.841269841,0.567094692
2022-01-31,46,39,64148704.82,59068502.56,1.179487179,1.086005266
2022-02-01,52,92,51952622.0,123009534.8,0.565217391,0.422346301
2022-02-02,56,138,15969036.08,195301741.3,0.405797101,0.081765969
2022-02-03,48,204,775265.5671,207312906.4,0.235294118,0.003739591
2022-02-04,44,136,85714826.02,302374342.6,0.323529412,0.28347255
2022-02-07,28,73,14961345.39,531838943.0,0.383561644,0.028131346
2022-02-08,43,97,136746356.1,257396179.1,0.443298969,0.531268011
2022-02-09,46,162,4230669116.0,365518116.1,0.283950617,11.57444441
2022-02-10,64,119,7446641.966,236326281.0,0.537815126,0.031510004
2022-02-11,45,154,125897746.8,486281111.8,0.292207792,0.258899109
2022-02-14,80,151,128917084.4,147184273.4,0.529801325,0.875888989
2022-02-15,54,113,27726052.81,403927549.4,0.477876106,0.068641153
2022-02-16,57,163,17603563.45,288228875.1,0.349693252,0.061074948
2022-02-17,63,255,474806990.3,923768337.2,0.247058824,0.513989245
2022-02-18,52,168,98702150.73,119695082.5,0.30952381,0.824613248
2022-02-22,71,106,68278317.3,388450311.6,0.669811321,0.175771045
2022-02-23,42,145,61708141.04,141559427.3,0.289655172,0.43591686
2022-02-24,58,191,75992956.67,302442866.5,0.303664921,0.251263842
2022-02-25,64,152,24314477.8,167483427.5,0.421052632,0.145175425
2022-02-28,80,137,60816687.55,125011418.9,0.583941606,0.486489059
2022-03-01,78,232,38254068.63,258311292.0,0.336206897,0.148092901
2022-03-02,93,307,29082881.04,731900966.3,0.302931596,0.039736088
2022-03-03,86,342,10094106.08,516903956.0,0.251461988,0.019528011
2022-03-04,70,257,37894328.68,667235954.7,0.272373541,0.056792996
2022-03-07,78,179,63256236.75,433295652.6,0.43575419,0.145988625
2022-03-08,100,208,28905831.52,342512345.3,0.480769231,0.084393546
2022-03-09,83,199,141842723.7,329771834.1,0.417085427,0.430123828
2022-03-10,84,169,96004354.64,458854917.6,0.49704142,0.209225947
2022-03-11,62,183,15291731.55,259523728.1,0.338797814,0.058922287
2022-03-14,102,183,21100786.56,452952724.8,0.557377049,0.046584964
2022-03-15,95,147,115237848.1,134812648.6,0.646258503,0.854799971
2022-03-16,117,168,89230723.89,132106577.9,0.696428571,0.675444972
2022-03-17,76,259,44696510891.0,282208411.1,0.293436293,158.3812145
2022-03-18,66,162,25150793.25,328847659.9,0.407407407,0.076481594
2022-03-21,49,132,21778243.42,364368142.7,0.371212121,0.059769889
2022-03-22,60,153,62851777.75,185103101.8,0.392156863,0.339550106
2022-03-23,47,126,12537167.27,183352513.9,0.373015873,0.068377395
2022-03-24,46,88,9774189.034,83237972.51,0.522727273,0.117424641
2022-03-25,42,81,4703019.073,110839639.9,0.518518519,0.04243084
2022-03-28,43,81,7070649.998,573819477.1,0.530864198,0.012322081
2022-03-29,43,90,3648708.827,158713908.7,0.477777778,0.022989219
2022-03-30,45,90,22418591.53,173625219.5,0.5,0.129120594
2022-03-31,42,114,66247511.33,126958189.7,0.368421053,0.521805734
2022-04-01,49,105,36819845.02,136013537.3,0.466666667,0.270707209
2022-04-04,46,111,9837225.161,101413949.7,0.414414414,0.09700071
2022-04-05,26,232,8264516.436,797917907.9,0.112068966,0.010357602
2022-04-06,35,115,918918.6061,427301425.0,0.304347826,0.002150516
2022-04-07,33,72,14142299.0,678192802.0,0.458333333,0.020852918
2022-04-08,28,95,37162805.83,164323910.5,0.294736842,0.226155802
2022-04-11,31,56,7966213.87,67088458.82,0.553571429,0.118741942
2022-04-12,21,66,3562293.276,128456056.1,0.318181818,0.02773161
2022-04-13,31,87,24284862.57,842868428.8,0.356321839,0.028812163
2022-04-14,27,76,44012390.66,759116437.0,0.355263158,0.057978445
2022-04-15,7,51,725070.0,238975109.6,0.137254902,0.003034082
2022-04-18,45,45,12997757.38,100865404.4,1.0,0.128862393
2022-04-19,25,69,2665051.368,37092212.82,0.362318841,0.07184935
2022-04-20,53,134,20314084.71,208554400.6,0.395522388,0.097404249
2022-04-21,20,86,4211231.982,229703378.5,0.23255814,0.018333348
2022-04-22,20,89,2456098.26,139900963.5,0.224719101,0.017555978
2022-04-25,19,64,4374665.65,49110110.79,0.296875,0.089078717
2022-04-26,27,50,7701602.236,53221669.78,0.54,0.144708016
2022-04-27,50,51,6046274.161,151245507.6,0.980392157,0.039976554
2022-04-28,36,39,196326790.5,4024850376.0,0.923076923,0.048778656
2022-04-29,32,50,27071005.22,4681342406.0,0.64,0.005782744
2022-05-02,53,57,41227775.96,58778144.55,0.929824561,0.701413362
2022-05-03,109,98,150771151.8,35778499.28,1.112244898,4.214015535
2022-05-04,72,167,23657899.96,136284039.4,0.431137725,0.173592594
2022-05-05,59,108,9160160.087,135870815.3,0.546296296,0.067418158
2022-05-06,67,106,10399350.54,176071939.1,0.632075472,0.059063077
2022-05-09,82,77,37427625.77,106191453.8,1.064935065,0.352454218
2022-05-10,77,98,81995750.47,108674101.1,0.785714286,0.754510501
2022-05-11,97,109,34211310.29,62961778.16,0.889908257,0.543366329
2022-05-12,128,116,8355700000000.0,116656776.4,1.103448276,71626.32233
2022-05-13,110,97,36186756.16,185725042.3,1.134020619,0.194840479
2022-05-16,187,92,116079816.9,83750531.64,2.032608696,1.386018866
2022-05-17,139,200,116374830.1,172995104.7,0.695,0.672705914
2022-05-18,148,207,70923157.7,324762158.8,0.714975845,0.218384919
2022-05-19,146,191,82300921.97,405254029.2,0.764397906,0.203084772
2022-05-20,124,120,35364680.2,131313725.9,1.033333333,0.269314422
2022-05-23,160,118,171066000.4,69084864.17,1.355932203,2.476171915
2022-05-24,92,135,11823879.13,282078348.8,0.681481481,0.041917003
2022-05-25,113,132,32337980.18,451308975.0,0.856060606,0.071653749
2022-05-26,96,106,25548160.08,109445805.9,0.905660377,0.233432061
2022-05-27,89,145,15812555.6,238873748.9,0.613793103,0.066196288
2022-05-31,85,154,49682899.47,363517281.9,0.551948052,0.13667273
2022-06-01,77,142,21539463.53,243352901.7,0.542253521,0.088511225
2022-06-02,93,178,31280121.16,212924823.5,0.52247191,0.146906878
2022-06-03,94,257,110948627.7,217250530.5,0.365758755,0.510694393
2022-06-06,67,166,14073223.1,679710389.9,0.403614458,0.020704734
2022-06-07,60,142,23806407.11,139920926.0,0.422535211,0.170141864
2022-06-08,64,147,12805107.55,202832601.1,0.43537415,0.063131407
2022-06-09,49,115,8338122.143,272593834.3,0.426086957,0.03058808
2022-06-10,69,132,3851596.889,123040131.9,0.522727273,0.031303582
2022-06-13,76,101,53066983.22,78151310.15,0.752475248,0.679028709
2022-06-14,122,109,151273080.9,508006320.2,1.119266055,0.29777795
2022-06-15,110,93,84226774.94,79792692.13,1.182795699,1.055570036
2022-06-16,115,107,42517182.81,83340254.1,1.074766355,0.510163825
2022-06-17,109,167,38879233.45,81943373.33,0.652694611,0.474464644
2022-06-21,98,98,60005371.08,47110734.86,1.0,1.273709087
2022-06-22,55,103,18324359.91,267632887.0,0.533980583,0.068468267
2022-06-23,36,74,2672148.8,54046061.84,0.486486486,0.049442063
2022-06-24,35,67,15290244.35,180179289.5,0.52238806,0.084861276
2022-06-27,33,45,3512073.13,29353869.08,0.733333333,0.119646004
2022-06-28,32,63,1984021.871,51918007.32,0.507936508,0.038214523
2022-06-29,29,70,9940962.27,181256323.5,0.414285714,0.054844775
2022-06-30,34,48,4355068.68,81379053.17,0.708333333,0.053515844
2022-07-01,65,50,25746074.81,40203553.35,1.3,0.640393017
2022-07-05,76,91,20467731.19,33474100.49,0.835164835,0.611449774
2022-07-06,28,132,15059694.74,58866440.7,0.212121212,0.255828186
2022-07-07,22,92,15295841.05,152560065.8,0.239130435,0.100261107
2022-07-08,22,73,1077242.762,71360491.19,0.301369863,0.015095787
2022-07-11,18,49,10173572.47,35445929.8,0.367346939,0.287016662
2022-07-12,13,70,5976528.561,98694027.64,0.185714286,0.060556132
2022-07-13,25,36,7363286.005,16622720.08,0.694444444,0.442965169
2022-07-14,23,30,28418913.96,14984639.57,0.766666667,1.896536371
2022-07-15,39,54,3741651.22,73890553.23,0.722222222,0.050637748
2022-07-18,29,41,55195526.77,73709467.82,0.707317073,0.748825468
2022-07-19,24,90,1476670.772,902292271.0,0.266666667,0.001636577
2022-07-20,34,70,6591500.105,39333970.47,0.485714286,0.167577797
2022-07-21,19,66,912519.558,37032499.58,0.287878788,0.024641047
2022-07-22,18,49,1871638.35,66360984.54,0.367346939,0.028203897
2022-07-25,19,55,14256070.57,23127005.77,0.345454545,0.616425261
2022-07-26,32,50,12444788.7,21806437.1,0.64,0.570693353
2022-07-27,24,54,13953379.13,112014177.3,0.444444444,0.124567974
2022-07-28,30,49,3209704.396,75832229.57,0.612244898,0.042326388
2022-07-29,22,76,1339291.591,133778033.1,0.289473684,0.010011297
2022-08-01,48,96,46906454.99,128835475.1,0.5,0.364080273
2022-08-02,68,149,36912949.83,144723210.3,0.456375839,0.255058948
2022-08-03,52,210,12917302.46,169504611.9,0.247619048,0.076206201
2022-08-04,48,114,12718876.62,128460897.2,0.421052632,0.099009713
2022-08-05,44,140,9269080.38,193637605.4,0.314285714,0.047868183
2022-08-08,58,148,99102974.26,222189507.8,0.391891892,0.446029046
2022-08-09,66,184,73101956.94,7118864189.0,0.358695652,0.010268767
2022-08-10,70,208,35667283.54,701774010.8,0.336538462,0.050824458
2022-08-11,54,181,64587776.0,294334543.0,0.298342541,0.219436616
2022-08-12,57,208,15358251.94,942735601.7,0.274038462,0.016291155
2022-08-15,68,134,69448870.55,170076320.8,0.507462687,0.408339446
2022-08-16,64,207,37266484.76,400410257.7,0.309178744,0.093070754
2022-08-17,75,328,27298523.12,805869835.0,0.228658537,0.033874606
2022-08-18,75,225,174559818.1,215232095.9,0.333333333,0.81103061
2022-08-19,59,194,33960333.53,550154717.9,0.304123711,0.061728696
2022-08-22,95,127,31689785.37,158040858.0,0.748031496,0.200516409
2022-08-23,52,111,54620278.95,325430306.1,0.468468468,0.167840173
2022-08-24,70,139,362496859.5,311718799.1,0.503597122,1.16289701
2022-08-25,56,96,5798684.503,103793248.4,0.583333333,0.055867646
2022-08-26,45,118,4752678.53,203804570.2,0.381355932,0.023319784
2022-08-29,77,118,17618560.01,157746329.2,0.652542373,0.111689192
2022-08-30,68,79,4857314.486,163098201.0,0.860759494,0.029781533
2022-08-31,60,72,9911358.04,72621639.06,0.833333333,0.136479404
2022-09-01,86,87,30521616.58,102415289.0,0.988505747,0.298018166
2022-09-02,67,140,9360877.154,125794414.2,0.478571429,0.074414092
2022-09-06,90,204,46196347.35,149804762.7,0.441176471,0.308377027
2022-09-07,73,118,9178124.764,107076010.6,0.618644068,0.085715976
2022-09-08,58,131,25414546.9,78739280.04,0.442748092,0.322768342
2022-09-09,71,133,378794866.0,441898026.0,0.533834586,0.857199724
2022-09-12,48,102,52794432.45,150820973.4,0.470588235,0.350047021
2022-09-13,55,127,16611849.8,463907185.8,0.433070866,0.035808563
2022-09-14,61,115,55263716.2,66210930.97,0.530434783,0.834661519
2022-09-15,53,117,12132647.92,425696365.8,0.452991453,0.028500708
2022-09-16,96,126,98296830.61,200926186.5,0.761904762,0.489218615
2022-09-19,69,150,12374364.16,94413826.27,0.46,0.13106517
2022-09-20,68,87,42854958828.0,309016189.9,0.781609195,138.681921
2022-09-21,52,67,24886491.85,214090463.4,0.776119403,0.116242879
2022-09-22,40,72,44952829.0,92591358.16,0.555555556,0.485497026
2022-09-23,61,78,45743545.95,109022159.8,0.782051282,0.419580258
2022-09-26,40,51,10107373.18,28260711.13,0.784313725,0.357647517
2022-09-27,56,45,9971621.45,25149290.07,1.244444444,0.396497135
2022-09-28,47,39,15384221.31,14462758.19,1.205128205,1.063712821
2022-09-29,33,32,3227376.93,61020898.85,1.03125,0.052889698
2022-09-30,38,51,12519803313.0,52744925.41,0.745098039,237.3650776
2022-10-03,61,59,106671367.7,45311087.95,1.033898305,2.354200098
2022-10-04,60,142,15628009.75,164392180.8,0.422535211,0.095065408
2022-10-05,33,137,4553605.108,72772209.11,0.240875912,0.062573408
2022-10-06,39,77,446685952.6,583006875.2,0.506493506,0.766176132
2022-10-07,26,70,975583.12,93349276.32,0.371428571,0.010450891
2022-10-11,55,80,24988774.79,142007141.0,0.6875,0.175968438
2022-10-12,42,51,59613975861.0,72920476.04,0.823529412,817.5203879
2022-10-13,20,30,3271756.564,31939090.14,0.666666667,0.102437375
2022-10-14,31,50,10831554.25,65561346.93,0.62,0.165212503
2022-10-17,25,60,1900264.177,44754711.27,0.416666667,0.042459534
2022-10-18,39,90,3557998.923,53267894.13,0.433333333,0.066794436
2022-10-19,29,85,68936076.79,51563917.13,0.341176471,1.336905352
2022-10-20,19,58,10901868.76,21460361.09,0.327586207,0.508000248
2022-10-21,24,60,2514746.913,57214668.28,0.4,0.043952836
2022-10-24,15,54,2591211.41,55713128.35,0.277777778,0.046509889
2022-10-25,27,81,2721684.094,47519242.43,0.333333333,0.05727541
2022-10-26,26,72,75588803.09,61814964.86,0.361111111,1.222823685
2022-10-27,34,68,4265407.022,137936250.5,0.5,0.030923032
2022-10-28,22,80,2878360.88,81767510.67,0.275,0.035201767
2022-10-31,54,97,23120316.27,133962197.0,0.556701031,0.172588363
2022-11-01,35,152,4901063.72,286287312.0,0.230263158,0.017119389
2022-11-02,44,168,9728027.975,513948704.1,0.261904762,0.018928013
2022-11-03,62,200,45626650.3,228315467.7,0.31,0.199840382
2022-11-04,36,134,3082515.189,177715679.5,0.268656716,0.017345207
2022-11-07,57,114,33423314.4,468113661.7,0.5,0.071399998
2022-11-08,57,146,42682835.02,4487080756.0,0.390410959,0.009512384
2022-11-09,63,166,71276442.85,225745764.5,0.379518072,0.315737675
2022-11-10,61,176,38971661.06,276156293.0,0.346590909,0.141121756
2022-11-14,107,316,87568954.58,547872842.6,0.338607595,0.15983445
2022-11-15,70,199,32123964.51,274614398.0,0.351758794,0.116978442
2022-11-16,91,215,20435008.83,381007048.9,0.423255814,0.053634201
2022-11-17,82,287,107936221.1,3130983304.0,0.285714286,0.034473586
2022-11-18,89,213,56568643.78,777357411.8,0.417840376,0.072770444
2022-11-21,110,148,83144583.46,360067239.4,0.743243243,0.230914047
2022-11-22,88,193,26386645.46,448405714.5,0.455958549,0.058845471
2022-11-23,81,228,60118088.86,619245243.8,0.355263158,0.097082843
2022-11-25,31,63,22728351.83,97675640.48,0.492063492,0.23269212
2022-11-28,81,135,22122741.14,144016147.1,0.6,0.153612922
2022-11-29,53,95,18241871.47,395207687.4,0.557894737,0.046157684
2022-11-30,70,112,159981717.4,2095731397.0,0.625,0.076336938
2022-12-01,79,133,13481136.83,211425934.9,0.593984962,0.063762929
2022-12-02,78,236,3398415569.0,660797267.1,0.330508475,5.142901974
2022-12-05,75,261,159695420.5,304983156.3,0.287356322,0.52362046
2022-12-06,67,157,106688967.8,111791251.0,0.426751592,0.954358833
2022-12-07,72,124,97342842.38,153032543.2,0.580645161,0.636092431
2022-12-08,67,120,1137687791.0,119066935.7,0.558333333,9.555027046
2022-12-09,54,137,31922676.57,316652128.6,0.394160584,0.100813081
2022-12-12,83,96,18562504.26,114688845.0,0.864583333,0.161851
2022-12-13,94,155,14504143.18,141026567.1,0.606451613,0.102846885
2022-12-14,85,181,18769059.46,4225158753.0,0.46961326,0.004442214
2022-12-15,98,179,13271877.74,266548269.5,0.547486034,0.049791649
2022-12-16,91,170,14237561.38,287097757.9,0.535294118,0.049591336
2022-12-19,91,166,24776561.17,133129648.7,0.548192771,0.186108515
2022-12-20,89,141,4127180000000.0,66670871.53,0.631205674,61903.75906
2022-12-21,57,93,53580111.45,91836152.83,0.612903226,0.583431577
2022-12-22,49,114,56013800.3,115413783.8,0.429824561,0.485330248
2022-12-23,34,98,8954547.513,80171033.41,0.346938776,0.111693053
2022-12-27,26,51,917517512.2,348765707.3,0.509803922,2.6307561
2022-12-28,47,53,4730597.653,56512123.53,0.886792453,0.08370943
2022-12-29,41,59,42937397.08,37210517.17,0.694915254,1.153904873
2022-12-30,29,54,3136827.96,87243991.26,0.537037037,0.035954659
2023-01-03,69,72,9940669.693,27017123.48,0.958333333,0.367939603
2023-01-04,49,164,3064695218.0,87190011.94,0.298780488,35.14961347
2023-01-05,37,206,4425647.444,124469057.9,0.17961165,0.035556206
2023-01-06,19,148,5943037.176,448663495.8,0.128378378,0.01324609
2023-01-09,32,110,3234085.84,75297635.55,0.290909091,0.042950696
2023-01-10,18,84,7380190.67,87517420.98,0.214285714,0.084328247
2023-01-11,24,114,2365054.998,375228068.5,0.210526316,0.00630298
2023-01-12,24,90,8606431.017,1782030000000.0,0.266666667,4.83e-06
2023-01-13,13,109,12575810.84,128819185.4,0.119266055,0.097623741
2023-01-17,26,88,4481985.78,66013620.47,0.295454545,0.067894864
2023-01-18,32,131,894191.42,79011208.71,0.244274809,0.011317273
2023-01-19,33,168,4160351.82,184936947.4,0.196428571,0.022496055
2023-01-20,24,89,7995235.543,127565743.6,0.269662921,0.062675412
2023-01-23,26,65,1681795.219,43801123.32,0.4,0.038396166
2023-01-24,19,83,1832822.65,159430149.0,0.228915663,0.011496086
2023-01-25,19,85,2686209.21,168943594.6,0.223529412,0.015900036
2023-01-26,26,65,20535936.19,49526809.11,0.4,0.414642828
2023-01-27,28,80,4678463.552,159581938.9,0.35,0.029316999
2023-01-30,52,78,17446415.86,64610284.99,0.666666667,0.270025366
2023-01-31,51,109,25732781.07,90590065.38,0.467889908,0.284057429
2023-02-01,27,109,7193871.21,137453332.9,0.247706422,0.052336826
2023-02-02,64,167,34890045.16,202491595.0,0.383233533,0.172303671
2023-02-03,48,343,36082639.29,404535921.3,0.139941691,0.089195143
2023-02-06,39,186,1982816.499,272666476.7,0.209677419,0.007271948
2023-02-07,39,177,1880618.473,329147865.5,0.220338983,0.005713598
2023-02-08,32,177,19733602.75,646859233.3,0.18079096,0.030506796
2023-02-09,38,143,15284034.46,251542420.0,0.265734266,0.06076126
2023-02-10,31,131,1132812194.0,220311560.2,0.236641221,5.141864515
2023-02-13,34,160,11507653.47,573107038.3,0.2125,0.020079414
2023-02-14,77,171,77999034.87,174202682.1,0.450292398,0.44774876
2023-02-15,30,156,2475816.737,269911284.1,0.192307692,0.009172706
2023-02-16,24,206,67798827.16,505893709.8,0.116504854,0.134017929
2023-02-17,58,297,15008364.27,441814538.5,0.195286195,0.033969829
2023-02-21,53,232,10857811.8,198486535.4,0.228448276,0.054703014
2023-02-22,37,207,4116919.28,214303795.8,0.178743961,0.019210669
2023-02-23,34,244,32278431.31,205725323.9,0.139344262,0.156900622
2023-02-24,28,174,2423554.6,500746605.8,0.16091954,0.004839882
2023-02-27,38,162,58689434.27,243971306.3,0.234567901,0.240558757
2023-02-28,45,212,1804269.233,235801071.8,0.212264151,0.007651658
2023-03-01,40,290,10950630.08,1540641791.0,0.137931034,0.007107837
2023-03-02,39,269,27195301.83,225774399.6,0.144981413,0.120453434
2023-03-03,50,421,3307860.93,851849717.4,0.118764846,0.003883151
2023-03-06,38,264,922710869.4,327815642.1,0.143939394,2.814724958
2023-03-07,49,265,10820206.44,671649911.3,0.18490566,0.01610989
2023-03-08,61,285,448764033.1,1889678475.0,0.214035088,0.237481688
2023-03-09,49,175,10902185.55,180061014.6,0.28,0.060547174
2023-03-10,83,180,26172966.37,230392319.2,0.461111111,0.113601731
2023-03-13,157,160,156821040.3,211357974.8,0.98125,0.741968882
2023-03-14,173,130,36073828.4,911096633.0,1.330769231,0.039593855
2023-03-15,163,156,44221566.47,631283446.9,1.044871795,0.070050255
2023-03-16,123,175,11227425.75,344386190.0,0.702857143,0.032601266
2023-03-17,115,266,25026720.08,187601339.1,0.432330827,0.133403739
2023-03-20,115,107,58438624.19,192794424.3,1.074766355,0.303113663
2023-03-21,71,121,8610841.14,60336250.41,0.58677686,0.142714224
2023-03-22,54,120,46266679.77,518036260.4,0.45,0.089311663
2023-03-23,38,93,22647426.32,67147399.4,0.408602151,0.337279277
2023-03-24,42,79,8758611.641,384354589.7,0.53164557,0.022787842
2023-03-27,54,59,32163597.52,54782137.32,0.915254237,0.58711834
2023-03-28,27,65,2335197.76,44810856.16,0.415384615,0.052112322
2023-03-29,43,85,12452689.68,541917633.3,0.505882353,0.022978934
2023-03-30,47,65,61293893.94,561399476.3,0.723076923,0.109180533
2023-03-31,37,81,4273712.278,120464973.5,0.456790123,0.035476804
2023-04-03,50,89,20208078.77,244650286.2,0.561797753,0.082599858
2023-04-04,34,160,19927211.26,185443467.9,0.2125,0.107457068
2023-04-05,33,214,15562432.12,133252414.1,0.154205607,0.11678912
2023-04-06,28,96,20629887.59,86576390.5,0.291666667,0.238285374
2023-04-07,20,74,3253389.167,66621965.21,0.27027027,0.048833581
2023-04-10,25,43,5623676.94,40909087.48,0.581395349,0.13746767
2023-04-11,20,43,1575316.917,14117114.17,0.465116279,0.11158916
2023-04-12,23,81,7964975.88,401800007.5,0.283950617,0.019823235
2023-04-13,19,58,825911.4568,275821507.0,0.327586207,0.002994369
2023-04-14,28,85,1131974.62,80477741.5,0.329411765,0.014065686
2023-04-17,25,49,1411963.673,65641934.02,0.510204082,0.021510086
2023-04-18,20,73,752625.64,58288861.95,0.273972603,0.012911998
2023-04-19,22,94,198493.8684,69210603.61,0.234042553,0.002867969
2023-04-20,10,66,525532.8074,88812771.11,0.151515152,0.005917311
2023-04-21,30,58,8931094.46,42538270.22,0.517241379,0.20995434
2023-04-24,31,70,2618476.12,81030688.02,0.442857143,0.032314623
2023-04-25,29,60,18453737.86,69428447.89,0.483333333,0.265795051
2023-04-26,46,46,13010405.31,61394909.66,1.0,0.211913421
2023-04-27,49,45,9360924.2,42882212.98,1.088888889,0.218293869
2023-04-28,39,56,2657781.74,76860947.01,0.696428571,0.034579092
2023-05-01,65,74,10492017.97,133331191.8,0.878378378,0.078691399
2023-05-02,103,143,16901368.48,228844738.8,0.72027972,0.073855176
2023-05-03,114,177,13058350.69,198397000.2,0.644067797,0.065819295
2023-05-04,139,98,68632809.07,278973063.1,1.418367347,0.246019484
2023-05-05,123,159,15078373.45,247778919.9,0.773584906,0.060854141
2023-05-08,124,95,21752391.46,276891286.3,1.305263158,0.078559321
2023-05-09,96,132,7603290.589,177174428.1,0.727272727,0.042914153
2023-05-10,87,150,102417035.4,809284027.7,0.58,0.126552646
2023-05-11,97,122,93510759.78,197537187.5,0.795081967,0.473383068
2023-05-12,106,139,16195656.91,1891041361.0,0.762589928,0.008564412
2023-05-15,133,123,64543180.62,326316879.4,1.081300813,0.197792957
2023-05-16,147,181,45865236.63,209236502.5,0.812154696,0.219202845
2023-05-17,125,217,44207066.7,210854623.2,0.576036866,0.209656616
2023-05-18,133,198,13126441.56,588107030.3,0.671717172,0.022319817
2023-05-19,103,214,25719668.18,567873691.9,0.481308411,0.045291178
2023-05-22,116,123,11931135.92,662388639.8,0.943089431,0.018012289
2023-05-23,75,133,40501924.01,269202770.6,0.563909774,0.150451364
2023-05-24,97,177,84095534.77,229693317.9,0.548022599,0.366120946
2023-05-25,97,143,11940772.42,4712720000000.0,0.678321678,2.53e-06
2023-05-26,71,111,8020650.124,127433171.8,0.63963964,0.062940049
2023-05-30,107,122,55544435850.0,81859620.01,0.87704918,678.5327838
2023-05-31,75,119,400014000000.0,249949149.9,0.630252101,1600.37981
2023-06-01,95,136,14440067.56,170012541.2,0.698529412,0.084935308
2023-06-02,94,180,43180377.87,351211262.4,0.522222222,0.122947019
2023-06-05,78,220,83249288.77,297477031.0,0.354545455,0.279851148
2023-06-06,71,186,13451175.64,388251067.2,0.38172043,0.03464556
2023-06-07,53,207,4793793.84,13936919398.0,0.256038647,0.000343964
2023-06-08,53,166,25263780.96,393789304.2,0.319277108,0.064155579
2023-06-09,58,186,34653167.74,247995233.9,0.311827957,0.139733201
2023-06-12,65,134,22690074.14,380145015.8,0.485074627,0.059687943
2023-06-13,45,158,15661023.61,192530647.8,0.284810127,0.081343016
2023-06-14,58,188,25186745.92,420229170.8,0.308510638,0.059935739
2023-06-15,68,209,33421737.04,394750568.4,0.325358852,0.084665456
2023-06-16,50,192,4912736.86,534205110.3,0.260416667,0.009196349
2023-06-20,61,230,10774109.07,220842877.7,0.265217391,0.04878631
2023-06-21,31,141,1516347.978,295125219.2,0.219858156,0.005137982
2023-06-22,28,111,11555810.75,885232800.2,0.252252252,0.013053979
2023-06-23,41,109,9231743.108,535019733.5,0.376146789,0.017254958
2023-06-26,42,44,1824967807.0,49028580.81,0.954545455,37.22252974
2023-06-27,40,63,13597451.69,24077711.62,0.634920635,0.564731894
2023-06-28,21,81,5463721.033,611985545.5,0.259259259,0.00892786
2023-06-29,24,65,14407309.08,529464314.9,0.369230769,0.027211105
2023-06-30,36,97,65483001.32,137408251.3,0.371134021,0.476557999
2023-07-03,20,62,1291608.515,189012431.0,0.322580645,0.006833458
2023-07-05,68,191,13849985.98,149439068.7,0.356020942,0.09267982
2023-07-06,40,201,6568564.85,172862070.2,0.199004975,0.037998879
2023-07-07,15,119,5488412.661,100387397.1,0.12605042,0.054672328
2023-07-10,22,68,3879702.4,46111916.46,0.323529412,0.084136655
2023-07-11,19,65,384262.6381,80983935.57,0.292307692,0.004744924
2023-07-12,9,99,3601453.497,95873772.5,0.090909091,0.037564533
2023-07-13,23,103,1775867.35,518397091.0,0.223300971,0.003425689
2023-07-14,21,98,3293256.072,141754949.8,0.214285714,0.023232036
2023-07-17,21,86,83087816.48,213083206.5,0.244186047,0.389931322
2023-07-18,18,81,1772365.516,84527788.49,0.222222222,0.020967844
2023-07-19,25,120,4165303.112,144196840.6,0.208333333,0.02888623
2023-07-20,24,76,2054233.691,99722887.44,0.315789474,0.02059942
2023-07-21,22,90,41825812.09,72955505.63,0.244444444,0.573305767
2023-07-24,19,71,11837028.04,46466818.3,0.267605634,0.254741523
2023-07-25,22,58,44379136.51,86096648.71,0.379310345,0.515457189
2023-07-26,17,58,8584091.879,89745249.98,0.293103448,0.09564954
2023-07-27,18,72,10038997.46,593764046.6,0.25,0.016907385
2023-07-28,22,70,8315254.304,84138255.17,0.314285714,0.098828461
2023-07-31,28,109,2521465.21,290383158.5,0.256880734,0.008683235
2023-08-01,42,143,17019130.28,673601435.6,0.293706294,0.025265876
2023-08-02,33,178,73731410.05,247473512.7,0.185393258,0.297936572
2023-08-03,45,220,519981199.5,1039056825.0,0.204545455,0.500435767
2023-08-04,37,155,4135881.649,211397669.3,0.238709677,0.019564462
2023-08-07,40,167,11351108.12,186856610.2,0.239520958,0.060747694
2023-08-08,50,155,6684984.061,242664791.2,0.322580645,0.027548224
2023-08-09,46,184,22044331.39,1220665172.0,0.25,0.018059278
2023-08-10,41,164,22891850.83,271611073.6,0.25,0.084281729
2023-08-11,36,164,13481761.72,568050660.5,0.219512195,0.023733379
2023-08-14,72,166,10720721.43,210835862.7,0.43373494,0.050848662
2023-08-15,67,172,28217312.3,194545749.1,0.389534884,0.14504204
2023-08-16,76,189,11340786.26,159837393.4,0.402116402,0.070952022
2023-08-17,98,230,30988356.81,684151537.1,0.426086957,0.04529458
2023-08-18,66,201,17210175.14,110229128.7,0.328358209,0.156130919
2023-08-21,87,144,66367414.62,107355545.8,0.604166667,0.618202014
2023-08-22,81,154,12110785.44,165356523.9,0.525974026,0.073240445
2023-08-23,70,169,7155311.7,318272430.9,0.414201183,0.02248172
2023-08-24,69,131,14329241.76,126475050.0,0.526717557,0.113296984
2023-08-25,55,167,18219367.85,188555132.4,0.329341317,0.09662621
2023-08-28,51,90,2506153.031,89976441.49,0.566666667,0.027853436
2023-08-29,58,108,14638965.98,81827107.82,0.537037037,0.178901178
2023-08-30,63,129,28258405.97,174875226.1,0.488372093,0.161591819
2023-08-31,65,134,47184273.93,303100075.3,0.485074627,0.155672261
2023-09-01,47,172,14632387.49,268483484.8,0.273255814,0.05450014
2023-09-05,61,198,11605621.45,157450585.7,0.308080808,0.073709611
2023-09-06,64,251,18967061.39,247934905.6,0.25498008,0.076500166
2023-09-07,61,198,13169858.71,354706563.6,0.308080808,0.037128884
2023-09-08,53,136,19180782.75,419961004.0,0.389705882,0.045672771
2023-09-11,49,95,13787368.04,180984361.3,0.515789474,0.076179886
2023-09-12,49,109,15010754.53,468709185.0,0.449541284,0.032025732
2023-09-13,73,160,14787032.29,604442792.5,0.45625,0.024463907
2023-09-14,78,140,20844751.19,185181067.0,0.557142857,0.11256416
2023-09-15,68,127,43049265.28,181989029.5,0.535433071,0.236548683
2023-09-18,75,127,45215202.25,159257556.8,0.590551181,0.283912445
2023-09-19,70,194,27258628.95,703856744.0,0.360824742,0.038727524
2023-09-20,47,124,46475518.11,141823840.4,0.379032258,0.327698911
2023-09-21,39,67,45209930.45,97385714.08,0.582089552,0.464235754
2023-09-22,35,89,15392979.51,62001778.61,0.393258427,0.248266741
2023-09-25,54,59,559029150.1,543826079.9,0.915254237,1.027955758
2023-09-26,23,46,736997.36,26014367.09,0.5,0.028330397
2023-09-27,47,47,23798240.15,72214562.85,1.0,0.329549044
2023-09-28,30,52,9355323.89,80384439.89,0.576923077,0.116382274
2023-09-29,36,76,16145259.59,54363205.65,0.473684211,0.296988733
2023-10-02,49,81,10924254.5,274972722.8,0.604938272,0.039728502
2023-10-03,38,128,11658268.55,802645000000.0,0.296875,1.45e-05
2023-10-04,26,174,60422519.24,153415693.1,0.149425287,0.393848361
2023-10-05,31,93,22313793.31,42164175.81,0.333333333,0.52921213
2023-10-06,25,82,9581427.302,52618473.36,0.304878049,0.182092461
2023-10-10,28,87,42720030.26,138928255.2,0.32183908,0.307497062
2023-10-11,34,70,7438103.092,86277021.67,0.485714286,0.086211867
2023-10-12,30,65,16313320.64,72835286.75,0.461538462,0.223975512
2023-10-13,17,47,3271885.67,60357500.55,0.361702128,0.054208435
2023-10-16,39,49,80592723.28,35707744.67,0.795918367,2.257009622
2023-10-17,20,81,20569174.2,134275039.8,0.24691358,0.153186878
2023-10-18,30,98,278103213.1,96921107.0,0.306122449,2.869377184
2023-10-19,25,52,35391345.86,110637955.9,0.480769231,0.319884307
2023-10-20,14,37,457515.087,20192505.72,0.378378378,0.022657668
2023-10-23,15,42,2433573.877,76250428.22,0.357142857,0.031915544
2023-10-24,17,42,10061572.94,29357288.21,0.404761905,0.342728282
2023-10-25,21,29,6116180.75,13578138.54,0.724137931,0.450443242
2023-10-26,46,41,1942475.234,63883153.95,1.12195122,0.03040669
2023-10-27,27,29,22805296.12,18511306.16,0.931034483,1.231965801
2023-10-30,30,47,7094895.738,49004784.12,0.638297872,0.144779655
2023-10-31,47,55,1521155.676,44211162.02,0.854545455,0.034406598
2023-11-01,38,63,14877892.01,109364376.9,0.603174603,0.136039654
2023-11-02,74,85,25402565.68,90217167.98,0.870588235,0.281571305
2023-11-03,39,189,8378308.284,145356367.3,0.206349206,0.057639775
2023-11-06,67,130,30582918.6,251452694.1,0.515384615,0.121624939
2023-11-07,51,101,6098954.165,135803669.9,0.504950495,0.044910084
2023-11-08,62,94,64883771.33,202910594.6,0.659574468,0.319765321
2023-11-09,72,137,38049141.34,708191442.4,0.525547445,0.053727197
2023-11-13,132,199,61716496.25,550458024.3,0.663316583,0.112118442
2023-11-14,86,133,38500373.61,1173270757.0,0.646616541,0.032814568
2023-11-15,93,148,48531457.94,4143416940.0,0.628378378,0.011712907
2023-11-16,76,229,14396274.68,469343966.2,0.331877729,0.030673186
2023-11-17,90,281,22003142.45,642392157.7,0.320284698,0.034251885
2023-11-20,92,170,42412340.24,790205488.1,0.541176471,0.053672546
2023-11-21,108,229,78709283.84,95319077888.0,0.471615721,0.000825745
2023-11-22,82,222,28609625.91,299107601.2,0.369369369,0.095649946
2023-11-24,32,103,15928886.23,231191810.2,0.310679612,0.068899007
2023-11-27,55,139,2209434.499,139620539.6,0.395683453,0.015824566
2023-11-28,49,101,156111837.5,149140358.5,0.485148515,1.046744416
2023-11-29,49,143,9737872.62,411555560.7,0.342657343,0.023661137
2023-11-30,49,146,11834961.77,412179678.7,0.335616438,0.028713113
2023-12-01,49,209,22149583.32,275960066.1,0.234449761,0.080263727
2023-12-04,64,177,5207003.325,169724901.4,0.361581921,0.030679077
2023-12-05,47,315,29030774.91,494585080.0,0.149206349,0.058697231
2023-12-06,57,190,5974473.59,290040203.6,0.3,0.020598777
2023-12-07,41,156,6940788.304,355400360.2,0.262820513,0.019529491
2023-12-08,38,157,5942771.574,279476969.4,0.242038217,0.021263904
2023-12-11,52,138,12035265.62,164921867.8,0.376811594,0.07297556
2023-12-12,50,189,31723907.27,444707652.5,0.264550265,0.071336545
2023-12-13,65,167,21990915.87,409130840.0,0.389221557,0.053750326
2023-12-14,74,192,47079943.2,406915740.4,0.385416667,0.115699489
2023-12-15,65,270,287942507.1,737125455.5,0.240740741,0.390628902
2023-12-18,80,253,16912335.61,700452789.0,0.316205534,0.024144862
2023-12-19,57,251,7432509.355,351121109.3,0.227091633,0.021167937
2023-12-20,25,185,2341308.601,301743160.7,0.135135135,0.007759276
2023-12-21,27,179,101050757.8,1387904003.0,0.150837989,0.072808175
2023-12-22,27,157,24832910.61,190492844.8,0.171974522,0.130361383
2023-12-26,38,95,14521855.07,129309799.2,0.4,0.11230282
2023-12-27,33,96,3760907.931,171828139.1,0.34375,0.021887614
2023-12-28,26,93,2639508.439,240637272.1,0.279569892,0.010968826
2023-12-29,22,102,8746076.824,774446377.7,0.215686275,0.011293328
2024-01-02,59,77,3018851.332,146997450.5,0.766233766,0.02053676
2024-01-03,27,150,503231.4377,101029175.6,0.18,0.004981051
2024-01-04,50,278,6940421.304,442940260.5,0.179856115,0.015668978
2024-01-05,20,154,1084439.127,138120726.9,0.12987013,0.007851386
2024-01-08,37,106,18639468.72,159624297.3,0.349056604,0.116770874
2024-01-09,25,119,683681.74,254032202.5,0.210084034,0.002691319
2024-01-10,25,110,32580109.57,1071183148.0,0.227272727,0.030415069
2024-01-11,15,85,31469520.15,110514590.2,0.176470588,0.284754439
2024-01-12,26,87,24240229.95,305942620.5,0.298850575,0.079231295
2024-01-16,22,63,1484686.78,172557371.2,0.349206349,0.008604018
2024-01-17,24,146,6656371.381,682517408.1,0.164383562,0.009752676
2024-01-18,26,181,1111104.362,273347196.8,0.143646409,0.00406481
2024-01-19,36,87,7220000000000.0,77499146.27,0.413793103,93162.37914
2024-01-22,13,66,175877.3605,177648178.0,0.196969697,0.000990032
2024-01-23,14,105,77817.4187,164253474.5,0.133333333,0.000473764
2024-01-24,24,93,11223666.0,151002351.9,0.258064516,0.074327756
2024-01-25,36,71,12971920.84,122031148.3,0.507042254,0.10630008
2024-01-26,23,76,15818422.55,211513712.3,0.302631579,0.074786747
2024-01-29,25,66,851767.5705,75891063.74,0.378787879,0.011223556
2024-01-30,37,82,1572912.134,259866244.2,0.451219512,0.006052776
2024-01-31,46,118,36418786.25,184176074.5,0.389830508,0.197738964
2024-02-01,32,78,8942632.39,92826228.02,0.41025641,0.096337345
2024-02-02,28,201,6628146.591,241859627.2,0.139303483,0.027404932
2024-02-05,47,199,42871949.98,258131069.9,0.236180905,0.166085973
2024-02-06,38,148,2824063.6,349910182.5,0.256756757,0.008070824
2024-02-07,47,169,7653603.032,461502319.0,0.278106509,0.016584105
2024-02-08,34,141,20836173.59,671196402.4,0.241134752,0.031043333
2024-02-09,41,156,17519108.95,2512331710.0,0.262820513,0.006973247
2024-02-12,42,170,15318364.13,457021314.4,0.247058824,0.033517833
2024-02-13,49,176,94811963.16,2436433515.0,0.278409091,0.038914242
2024-02-14,68,183,66782651.33,383244485.5,0.371584699,0.174256001
2024-02-15,29,154,3063047.37,2254152850.0,0.188311688,0.001358846
2024-02-16,29,240,136968912.9,584821125.5,0.120833333,0.234206507
2024-02-20,44,265,83319106.24,2938350130.0,0.166037736,0.028355745
2024-02-21,49,257,4244573.877,339024980.4,0.190661479,0.012519944
2024-02-22,45,280,66708805.96,509885930.1,0.160714286,0.130830843
2024-02-23,37,254,2948240.766,2108141300.0,0.145669291,0.001398502
2024-02-26,41,190,4532531.141,488464782.9,0.215789474,0.009279136
2024-02-27,58,266,8937166.101,525897065.0,0.218045113,0.016994136
2024-02-28,56,222,23900610.02,956043434.2,0.252252252,0.024999502
2024-02-29,42,251,19764658.64,1377518583.0,0.167330677,0.014348016
2024-03-01,49,266,20283220.64,904180577.0,0.184210526,0.02243271
2024-03-04,50,280,8321559.435,466634824.1,0.178571429,0.01783313
2024-03-05,62,498,14488148.88,1633984324.0,0.124497992,0.008866761
2024-03-06,53,328,61247890.53,4175315439.0,0.161585366,0.014669045
2024-03-07,49,283,14667561.52,300249365.3,0.173144876,0.048851266
2024-03-08,46,257,15036696.49,1827386915.0,0.178988327,0.008228524
2024-03-11,46,242,6319607.685,415392212.7,0.190082645,0.015213592
2024-03-12,47,238,5614186.821,605676096.2,0.197478992,0.009269289
2024-03-13,49,262,7273178.716,597753304.6,0.187022901,0.012167526
2024-03-14,61,223,10125533.43,797392479.6,0.273542601,0.012698306
2024-03-15,46,224,5440846.668,401985132.7,0.205357143,0.013534945
2024-03-18,112,198,22293902.08,700181171.8,0.565656566,0.031840191
2024-03-19,62,282,24850028.82,405520645.9,0.219858156,0.061279318
2024-03-20,31,189,1984934.97,1539289986.0,0.164021164,0.001289513
2024-03-21,19,172,1085566.185,660736804.6,0.110465116,0.001642963
2024-03-22,29,155,4134836.932,894605746.7,0.187096774,0.004621966
2024-03-25,36,112,21668093.66,437850253.9,0.321428571,0.049487453
2024-03-26,22,118,13187026.89,335290256.0,0.186440678,0.039330182
2024-03-27,39,123,22271313.42,636263386.4,0.317073171,0.035003292
2024-03-28,16,100,26439112.1,243244832.0,0.16,0.108693418
2024-03-29,15,93,32526935.69,156172287.5,0.161290323,0.208275977
2024-04-01,51,87,18062134.81,128117877.6,0.586206897,0.140980597
2024-04-02,29,127,886949.5693,230532640.5,0.228346457,0.003847393
2024-04-03,26,292,2226148.132,387226731.6,0.089041096,0.005748953
2024-04-04,28,132,4535301.775,470833982.1,0.212121212,0.009632486
2024-04-05,25,108,1564888.7,339826469.9,0.231481481,0.004604964
2024-04-08,24,84,5243720.035,122169891.1,0.285714286,0.042921541
2024-04-09,20,79,13735721.75,476812437.8,0.253164557,0.02880739
2024-04-10,27,81,3072863.356,117844267.2,0.333333333,0.026075629
2024-04-11,18,67,147084609.6,923423536.9,0.268656716,0.15928185
2024-04-12,24,48,1299381.605,103526664.5,0.5,0.012551178
2024-04-15,18,63,2546938.872,182568871.1,0.285714286,0.013950565
2024-04-16,24,84,9711065.777,236373834.6,0.285714286,0.041083506
2024-04-17,23,106,5496847.843,106284285.5,0.216981132,0.05171835
2024-04-18,41,68,17673983.14,141320953.2,0.602941176,0.125062722
2024-04-19,15,74,645574.7631,110104030.6,0.202702703,0.005863316
2024-04-22,27,53,11127915.89,129816742.0,0.509433962,0.085720191
2024-04-23,22,72,18127473.14,148385686.4,0.305555556,0.122164567
2024-04-24,25,58,7038103.846,148684191.3,0.431034483,0.047335926
2024-04-25,23,60,4808582.78,85754105.44,0.383333333,0.056074082
2024-04-26,30,45,14160893.18,146779699.7,0.666666667,0.096477191
2024-04-29,29,64,10292928.61,102324553.6,0.453125,0.100590994
2024-04-30,40,91,5207248.756,478139542.0,0.43956044,0.010890647
2024-05-01,52,109,5915615.268,200641570.7,0.47706422,0.029483498
2024-05-02,46,120,6328250.068,118500764.3,0.383333333,0.05340261
2024-05-03,50,217,11232232.06,366955588.4,0.230414747,0.030609241
2024-05-06,53,140,16519928.09,149887850.4,0.378571429,0.110215258
2024-05-07,62,160,39066647.5,280633432.0,0.3875,0.139208815
2024-05-08,58,150,14919464.05,346925638.1,0.386666667,0.04300479
2024-05-09,46,142,6696210.493,454982612.6,0.323943662,0.014717509
2024-05-10,47,172,3052918.47,492474933.8,0.273255814,0.006199135
2024-05-13,44,172,7854267.894,262524299.3,0.255813953,0.029918251
2024-05-14,73,178,41922771.91,340446823.3,0.41011236,0.123140441
2024-05-15,60,192,49142607.59,1030790499.0,0.3125,0.04767468
2024-05-16,59,194,7400208.238,755344365.5,0.304123711,0.009797132
2024-05-17,62,298,51084536.0,553753657.5,0.208053691,0.092251374
2024-05-20,76,168,12110328.87,196340238.4,0.452380952,0.061680321
2024-05-21,58,220,5016031.627,455467637.5,0.263636364,0.011012927
2024-05-22,65,211,11342495.98,318747337.8,0.308056872,0.035584598
2024-05-23,72,186,42770536.03,258155176.7,0.387096774,0.165677623
2024-05-24,54,159,5438398.907,412429639.0,0.339622642,0.013186247
2024-05-28,55,119,20081350.08,426757836.8,0.462184874,0.047055609
2024-05-29,55,137,60089637.44,206196657.3,0.401459854,0.291419067
2024-05-30,68,132,18781240.52,601060968.9,0.515151515,0.031246814
2024-05-31,64,120,14574833.23,350189711.5,0.533333333,0.041619821
2024-06-03,52,133,6039730.136,2454479914.0,0.390977444,0.002460697
2024-06-04,51,240,7333784.1,371879623.1,0.2125,0.019720855
2024-06-05,44,245,104997426.3,523425331.6,0.179591837,0.200596761
2024-06-06,48,155,5992795.37,286592990.0,0.309677419,0.020910474
2024-06-07,57,176,4934764.967,1383501971.0,0.323863636,0.003566865
2024-06-10,66,130,26022508.57,603420830.4,0.507692308,0.043124976
2024-06-11,57,166,141611924.4,358500094.3,0.343373494,0.395012238
2024-06-12,67,166,8451775.883,659618995.6,0.403614458,0.012813118
2024-06-13,53,174,7412803.53,1176135770.0,0.304597701,0.006302677
2024-06-14,58,167,70705490.5,426162890.3,0.347305389,0.16591189
2024-06-17,67,121,9030598.638,577992925.0,0.553719008,0.015624064
2024-06-18,72,216,7575233.543,234478947.8,0.333333333,0.032306668
2024-06-20,41,238,20283402.02,918511250.9,0.172268908,0.022082911
2024-06-21,22,101,22750356.2,132182555.8,0.217821782,0.172113151
2024-06-24,45,111,41526900.58,393258212.1,0.405405405,0.105597033
2024-06-25,17,100,5461886.15,303805608.8,0.17,0.017978227
2024-06-26,17,87,1412783.202,167540697.1,0.195402299,0.008432478
2024-06-27,24,84,11972514.37,265139400.2,0.285714286,0.045155546
2024-06-28,38,74,33632318.82,176801738.8,0.513513514,0.190226177
2024-07-01,35,68,57336127.76,1237386879.0,0.514705882,0.04633646
2024-07-02,58,160,2321151.546,203478128.0,0.3625,0.011407376
2024-07-03,13,266,43827779.72,250903011.6,0.04887218,0.174680166
2024-07-05,12,45,789015.22,395733844.3,0.266666667,0.001993803
2024-07-08,20,76,1946307.32,99548438.74,0.263157895,0.01955136
2024-07-09,12,87,332553.9832,1017618413.0,0.137931034,0.000326796
2024-07-10,15,80,1958805.78,794200511.2,0.1875,0.002466387
2024-07-11,26,71,985004.77,739211023.4,0.366197183,0.001332508
2024-07-12,25,71,7470190.088,50043118.15,0.352112676,0.149275072
2024-07-15,14,98,1410521.88,666908460.0,0.142857143,0.002115016
2024-07-16,15,110,762070.0243,138768073.6,0.136363636,0.005491681
2024-07-17,41,147,1453446.002,470063499.9,0.278911565,0.003092021
2024-07-18,13,99,709170.972,118648253.7,0.131313131,0.005977087
2024-07-19,22,89,23730274.08,178244332.5,0.247191011,0.1331334
2024-07-22,25,67,26936899.62,51132043.7,0.373134328,0.526810541
2024-07-23,13,71,5395600.793,110282843.5,0.183098592,0.048925115
2024-07-24,12,91,101447542.0,510019339.7,0.131868132,0.198909206
2024-07-25,17,56,4919181.464,62149973.35,0.303571429,0.079150178
2024-07-26,12,80,755057.7344,65947159.48,0.15,0.011449435
2024-07-29,36,102,5664277.07,389714166.3,0.352941176,0.01453444
2024-07-30,22,115,2487795.21,274278538.8,0.191304348,0.009070324
2024-07-31,34,123,77005702.66,216233412.5,0.276422764,0.356123051
2024-08-01,28,135,2750959.776,178144402.0,0.207407407,0.015442303
2024-08-02,22,174,3248317.416,271740584.4,0.126436782,0.011953744
2024-08-05,66,198,57821664.54,113079261.0,0.333333333,0.511337482
2024-08-06,46,111,22368498.99,141862912.3,0.414414414,0.157676863
2024-08-07,40,154,14763046.81,203308815.4,0.25974026,0.072613904
2024-08-08,59,111,31750665.93,281044484.6,0.531531532,0.112973809
2024-08-09,43,141,22620874.39,408897072.5,0.304964539,0.055321683
2024-08-12,65,126,46931535.34,1043735284.0,0.515873016,0.044964979
2024-08-13,61,140,81474464.0,120549132.1,0.435714286,0.675861058
2024-08-14,59,162,30861091.49,327235530.9,0.364197531,0.094308498
2024-08-15,56,163,6115540000000.0,249421258.2,0.343558282,24518.90048
2024-08-16,45,213,153192367.6,672337168.9,0.211267606,0.227850511
2024-08-19,63,248,5926322.644,333713929.8,0.254032258,0.017758691
2024-08-20,74,221,20721594.08,192778351.5,0.334841629,0.107489217
2024-08-21,50,199,7325783.922,210476101.9,0.251256281,0.034805775
2024-08-22,40,225,6977519.405,422572889.5,0.177777778,0.01651199
2024-08-23,38,185,8928860.716,309362556.7,0.205405405,0.028862125
2024-08-26,65,186,11293206.92,351290141.5,0.349462366,0.032147805
2024-08-27,46,187,29016656.83,325357818.6,0.245989305,0.089183831
2024-08-28,36,172,5226909.989,1039364663.0,0.209302326,0.005028947
2024-08-29,38,184,7016262.37,188042840.0,0.206521739,0.037312042
2024-08-30,41,154,4578384.71,250405235.6,0.266233766,0.018283902
2024-09-03,57,148,7243780.691,165214395.7,0.385135135,0.043844731
2024-09-04,43,224,4821138511.0,397377266.7,0.191964286,12.13239638
2024-09-05,60,258,11369524.89,259800935.9,0.23255814,0.043762448
2024-09-06,45,137,4310690438.0,227853194.2,0.328467153,18.91871849
2024-09-09,56,113,6045794.65,691482960.2,0.495575221,0.00874323
2024-09-10,57,147,6618160048.0,1224184030.0,0.387755102,5.406180679
2024-09-11,62,152,9897057.147,355676032.3,0.407894737,0.027826045
2024-09-12,48,141,4024829231.0,195776803.0,0.340425532,20.55825393
2024-09-13,37,179,28981284.37,728393534.1,0.206703911,0.039787948
2024-09-16,59,141,8564660000000.0,271510728.6,0.418439716,31544.46824
2024-09-17,40,202,99026727.17,743217786.5,0.198019802,0.133240524
2024-09-18,34,223,34479843.87,559835408.8,0.152466368,0.061589252
2024-09-19,27,128,554329952.2,196684095.5,0.2109375,2.818377107
2024-09-20,29,127,1306035377.0,615189186.5,0.228346457,2.122981688
2024-09-23,30,100,4747217.01,1698482637.0,0.3,0.002794975
2024-09-24,18,87,12674816.22,221973582.9,0.206896552,0.057100562
2024-09-25,17,82,2217471.52,465659726.9,0.207317073,0.004762
2024-09-26,13,71,5532924.2,787774033.1,0.183098592,0.007023491
2024-09-27,23,63,36129515.51,149354363.5,0.365079365,0.241904653
2024-09-30,44,68,7546948.627,1286080887.0,0.647058824,0.005868176
2024-10-01,63,73,155807303.8,519006898.4,0.863013699,0.300202761
2024-10-02,32,142,108445667.6,211731369.5,0.225352113,0.51218517
2024-10-03,31,230,618993599.4,268773363.2,0.134782609,2.303031789
2024-10-04,14,87,102755872.1,83058040.47,0.16091954,1.237157433
2024-10-07,31,70,664024377.1,121825518.8,0.442857143,5.450618096
2024-10-08,8,88,243522.6,284459533.1,0.090909091,0.000856089
2024-10-09,15,51,1231420.513,69452871.57,0.294117647,0.017730304
2024-10-10,11,69,331957.17,165792870.0,0.15942029,0.00200224
2024-10-11,16,61,2734299.892,118320504.7,0.262295082,0.023109265
2024-10-15,30,111,78173063.67,157985883.9,0.27027027,0.494810433
2024-10-16,17,117,5140108.58,141402134.6,0.145299145,0.036350997
2024-10-17,31,96,28825731.82,791013752.7,0.322916667,0.036441505
2024-10-18,14,85,84267947.53,233955754.4,0.164705882,0.360187539
2024-10-21,23,58,2280318.895,180932735.4,0.396551724,0.012603131
2024-10-22,12,72,55530533.26,85118941.95,0.166666667,0.652387494
2024-10-23,15,65,3215268.68,89009880.53,0.230769231,0.036122604
2024-10-24,27,55,27281549.83,319484507.4,0.490909091,0.085392403
2024-10-25,30,60,15047538.11,75513908.9,0.5,0.199268431
2024-10-28,21,46,9374279.47,76286117.1,0.456521739,0.122883164
2024-10-29,26,92,2710605.52,597196257.1,0.282608696,0.004538886
2024-10-30,38,98,77070338.97,126756632.0,0.387755102,0.608018198
2024-10-31,17,80,592471.86,293528408.2,0.2125,0.002018448
2024-11-01,22,107,1481591.158,158170849.7,0.205607477,0.00936703
2024-11-04,46,127,1037282233.0,170594776.3,0.362204724,6.080386843
2024-11-05,55,225,4692027.167,671459699.5,0.244444444,0.006987802
2024-11-06,35,167,11991336.69,367683707.7,0.209580838,0.032613185
2024-11-07,16,239,1181630.9,1350312980.0,0.066945607,0.000875079
2024-11-08,19,356,4782252.42,2451658480.0,0.053370787,0.001950619
2024-11-12,61,426,67761442.4,2326646986.0,0.143192488,0.029124075
2024-11-13,54,305,64084113.65,1415142455.0,0.17704918,0.045284567
2024-11-14,56,225,70402082.86,1397557244.0,0.248888889,0.050375098
2024-11-15,43,217,84038986.97,1104282419.0,0.198156682,0.076102803
2024-11-18,79,164,33891950.45,491715248.2,0.481707317,0.06892597
2024-11-19,86,283,42240937.65,946632758.7,0.303886926,0.044622307
2024-11-20,54,253,17396117.9,1863713904.0,0.213438735,0.009334114
2024-11-21,77,153,14315033.53,498332297.5,0.503267974,0.028725879
2024-11-22,71,281,36052761.56,1094299597.0,0.252669039,0.03294597
2024-11-25,62,208,14273928.75,528788751.9,0.298076923,0.026993632
2024-11-26,62,290,12661775.69,850650661.4,0.213793103,0.014884813
2024-11-27,39,265,9123433.793,784314672.9,0.147169811,0.011632364
2024-11-29,25,82,4313474.937,286088021.4,0.304878049,0.01507744
2024-12-02,51,155,4461929.539,219431040.2,0.329032258,0.020334086
2024-12-03,36,280,2360012.557,860363706.3,0.128571429,0.002743041
2024-12-04,42,332,14521760.79,1169454039.0,0.126506024,0.012417556
2024-12-05,49,160,6646330.21,329794483.2,0.30625,0.020152945
2024-12-06,37,183,5278361.534,902683296.5,0.202185792,0.005847412
2024-12-09,63,163,94048987.9,793845067.1,0.386503067,0.118472724
2024-12-10,54,198,5723057.448,537285486.3,0.272727273,0.0106518
2024-12-11,36,198,4873833.79,885855960.1,0.181818182,0.005501836
2024-12-12,45,193,11001299.48,425371783.1,0.233160622,0.025862786
2024-12-13,52,181,111220675.1,807070276.8,0.287292818,0.137807919
2024-12-16,100,165,34571613.78,712718730.2,0.606060606,0.048506672
2024-12-17,68,210,1928770000000.0,343260691.7,0.323809524,5618.962114
2024-12-18,49,240,178566902.0,536006204.5,0.204166667,0.333143349
2024-12-19,45,122,99372569.8,186039941.7,0.368852459,0.534146425
2024-12-20,42,130,4109838.555,1076603561.0,0.323076923,0.003817411
2024-12-23,61,104,908273948.3,208399704.2,0.586538462,4.358326475
2024-12-26,49,154,45974410.1,279054880.0,0.318181818,0.164750425
2024-12-27,14,70,11347522.17,88113557.1,0.2,0.128782931
2024-12-30,28,71,4665349.167,124664256.5,0.394366197,0.03742331
2024-12-31,19,45,2013077.897,50495762.18,0.422222222,0.039866274
2025-01-02,43,73,11012972.75,151934678.8,0.589041096,0.072484918
2025-01-03,36,190,5689463.284,204844505.8,0.189473684,0.027774547
2025-01-06,39,269,16015883.73,435904074.4,0.144981413,0.036741762
2025-01-07,13,156,1103649.59,137092751.0,0.083333333,0.008050386
2025-01-08,24,161,2186058.458,709261465.8,0.149068323,0.003082162
2025-01-10,26,130,15978124.31,106726822.0,0.2,0.149710485
2025-01-13,23,63,2320745.021,96679096.11,0.365079365,0.024004621
2025-01-14,17,105,2597760.04,79589416.31,0.161904762,0.032639516
2025-01-15,27,100,341844153.9,257902976.2,0.27,1.325475801
2025-01-16,30,88,974305.835,146679064.6,0.340909091,0.006642433
2025-01-17,26,152,2889285.352,155112001.2,0.171052632,0.018627091
2025-01-21,12,94,4052825.58,117325553.7,0.127659574,0.034543417
2025-01-22,32,98,105794820.5,196344083.6,0.326530612,0.538823572
2025-01-23,17,145,630668.1664,299837819.9,0.117241379,0.002103364
2025-01-24,15,58,341740.6032,859988301.6,0.25862069,0.000397378
2025-01-27,28,77,101178541.5,160905744.1,0.363636364,0.628806274
2025-01-28,25,68,22257419.83,58428949.36,0.367647059,0.380931372
2025-01-29,20,105,13849946.73,171230041.4,0.19047619,0.080885028
2025-01-30,42,91,151468695.5,142433244.6,0.461538462,1.06343639
2025-01-31,27,95,51534594.75,144435892.8,0.284210526,0.356799087
2025-02-03,30,109,110720472.3,810291680.9,0.275229358,0.136642736
2025-02-04,33,204,428074888.6,570016812.8,0.161764706,0.750986425
2025-02-05,24,236,6099146.88,613047247.8,0.101694915,0.009948902
2025-02-06,33,123,9062500.728,195437333.4,0.268292683,0.046370366
2025-02-07,34,134,171753532.2,267767180.0,0.253731343,0.641428618
2025-02-10,75,93,134853319.9,253370747.8,0.806451613,0.532237131
2025-02-11,22,149,3578700.229,709342656.9,0.147651007,0.005045094
2025-02-12,37,195,140919950.1,236466126.4,0.18974359,0.595941382
2025-02-13,42,131,1556968.458,358347206.5,0.320610687,0.00434486
2025-02-14,44,178,36660225.13,364247115.5,0.247191011,0.100646576
2025-02-18,37,157,25935532.46,298264744.2,0.23566879,0.086954737
2025-02-19,45,264,37060656.56,651716122.0,0.170454545,0.056866257
2025-02-20,38,278,2459741.893,826345416.7,0.136690647,0.002976651
2025-02-21,34,220,35437135.91,321131720.2,0.154545455,0.11035078
2025-02-24,53,180,9701340.17,422958370.8,0.294444444,0.022936868
2025-02-25,48,172,13168743.19,375337808.7,0.279069767,0.035085043
2025-02-26,45,192,22994321.72,506193239.6,0.234375,0.045425976
2025-02-27,48,180,2701179779.0,557077605.2,0.266666667,4.848839289
2025-02-28,42,164,3197598.83,470719321.6,0.256097561,0.006793005
2025-03-03,74,170,13618179.73,390179665.3,0.435294118,0.034902331
2025-03-04,66,400,41214421.79,2276644887.0,0.165,0.01810314
2025-03-05,84,375,30862718.87,2178179207.0,0.224,0.014169045
2025-03-06,82,244,16658700.42,812068533.5,0.336065574,0.02051391
2025-03-07,61,226,57880570.57,334505782.6,0.269911504,0.173033094
2025-03-10,89,171,16129483.66,256989289.6,0.520467836,0.062763252
2025-03-11,61,183,41725730.57,247747691.3,0.333333333,0.16842026
2025-03-12,63,201,25879345.45,1890355725.0,0.313432836,0.013690199
2025-03-13,94,146,77998972.3,208800802.8,0.643835616,0.37355686
2025-03-14,60,160,14062198.97,479868104.4,0.375,0.0293043
2025-03-17,84,146,58559048.05,138427850.0,0.575342466,0.423029384
2025-03-18,78,242,13544696.3,196027889.8,0.32231405,0.069095761
2025-03-19,44,219,34644536.67,265014875.4,0.200913242,0.130726762
2025-03-20,38,129,15632711.91,98413596.11,0.294573643,0.158847075
2025-03-21,31,129,2580581.333,176166272.6,0.240310078,0.014648555
2025-03-24,50,109,12694815.72,133735000.3,0.458715596,0.094925156
2025-03-25,33,82,4061374.968,94814302.33,0.402439024,0.042835046
2025-03-26,19,112,5636145.502,181006415.1,0.169642857,0.031137822
2025-03-27,40,78,33288707.37,244751136.6,0.512820513,0.13601043
2025-03-28,31,63,19316130.08,248566883.0,0.492063492,0.07770999
2025-03-31,32,50,17864356.48,111339345.6,0.64,0.160449627
2025-04-01,50,66,22836400.46,31589191.55,0.757575758,0.722918167
2025-04-02,53,135,21939058.11,376158113.1,0.392592593,0.058324033
2025-04-03,33,235,4223868.014,360518084.4,0.140425532,0.011716106
2025-04-04,27,103,23558864.26,54870050.38,0.262135922,0.429357438
2025-04-07,38,64,59434923.1,67144744.66,0.59375,0.885176098
2025-04-08,34,74,2915811.066,62529379.7,0.459459459,0.046631057
2025-04-09,31,51,21053186.61,161600002.7,0.607843137,0.130279618
2025-04-10,42,58,13690497.61,153073564.4,0.724137931,0.089437374
2025-04-11,26,61,4949988.864,56153802.61,0.426229508,0.088150555
2025-04-14,20,43,1959877.345,152907605.5,0.465116279,0.012817396
2025-04-15,12,45,1319077.038,61279737.36,0.266666667,0.021525501
2025-04-16,19,64,1847002.063,80137467.39,0.296875,0.023047922
2025-04-17,19,82,5457108.108,202802946.4,0.231707317,0.026908426
2025-04-18,13,19,2234435.79,26985219.04,0.684210526,0.082802211
2025-04-21,16,32,716393.4662,21120273.67,0.5,0.033919706
2025-04-22,21,40,1019572.937,28361337.78,0.525,0.035949395
2025-04-23,26,65,2483105.553,79434207.68,0.4,0.031259902
2025-04-24,27,62,7431847.79,60640159.85,0.435483871,0.122556534
2025-04-25,34,51,7773876.261,26161007.87,0.666666667,0.297155075
2025-04-28,45,42,9731212.86,58196230.01,1.071428571,0.167213802
2025-04-29,36,57,12039569.97,299286528.0,0.631578947,0.040227571
2025-04-30,34,61,3185970.95,44319659.55,0.557377049,0.071886178
2025-05-01,30,78,1665685.385,183336800.1,0.384615385,0.009085385
2025-05-02,39,104,8322741.905,194793388.6,0.375,0.042725998
2025-05-05,50,206,6699971.267,341212666.1,0.242718447,0.019635764
2025-05-06,50,142,5771786.971,475144019.2,0.352112676,0.012147447
2025-05-07,43,112,9087959.026,335907303.4,0.383928571,0.027054961
2025-05-08,53,84,11294333.27,243406707.5,0.630952381,0.046401077
2025-05-09,65,145,126890664.3,264874396.2,0.448275862,0.479059759
2025-05-12,88,132,97499793.97,646532628.6,0.666666667,0.150804135
2025-05-13,75,200,111414864.0,1876965420.0,0.375,0.059359039
2025-05-14,77,222,20950827.47,691493568.3,0.346846847,0.030297935
2025-05-15,68,167,55272227.14,756068742.2,0.407185629,0.073104764
2025-05-16,63,227,89126884.57,743453757.0,0.27753304,0.119882217
2025-05-19,78,203,25593006.59,2017790259.0,0.384236453,0.01268368
2025-05-20,66,195,7547069.233,603354996.1,0.338461538,0.012508505
2025-05-21,56,146,12734843.27,1002327296.0,0.383561644,0.012705274
2025-05-22,67,221,51255275.61,1471166712.0,0.303167421,0.034839883
2025-05-23,72,158,16746464.43,241737088.7,0.455696203,0.069275528
2025-05-27,83,105,268312052.3,185210189.7,0.79047619,1.448689474
2025-05-28,71,149,10032871.65,573840322.2,0.476510067,0.017483734
2025-05-29,38,153,193023165.8,926431620.5,0.248366013,0.208351228
2025-05-30,50,146,6895031.185,260349026.2,0.342465753,0.026483799
2025-06-02,59,128,4371794.69,578235112.5,0.4609375,0.007560583
2025-06-03,47,193,2138549.631,596883706.2,0.243523316,0.003582858
2025-06-04,48,252,257259294.3,456161181.8,0.19047619,0.563965775
2025-06-05,34,196,3351418.93,616091713.7,0.173469388,0.005439805
2025-06-06,52,171,23629034.91,391060999.7,0.304093567,0.060422888
2025-06-09,57,182,49121818.86,959578748.9,0.313186813,0.051191024
2025-06-10,40,168,17549762.83,1495689294.0,0.238095238,0.011733562
2025-06-11,43,194,10086171.88,506637440.9,0.221649485,0.019908067
2025-06-12,38,181,19676252.16,409025052.5,0.209944751,0.048105249
2025-06-13,56,166,7075106.02,517559543.2,0.337349398,0.01367013
2025-06-16,70,128,7713091.32,312411760.6,0.546875,0.024688864
2025-06-17,42,174,484519130.1,336245908.3,0.24137931,1.44096662
2025-06-18,46,229,8036909.273,534708632.3,0.200873362,0.015030446
2025-06-20,28,137,52494982.24,393120143.8,0.204379562,0.133534196
2025-06-23,31,91,9027763.031,224272828.6,0.340659341,0.040253485
2025-06-24,25,116,6802563.317,867763642.0,0.215517241,0.007839189
2025-06-25,21,82,8880877.166,211295317.7,0.256097561,0.042030639
2025-06-26,22,93,5158430.107,985712854.2,0.23655914,0.005233198
2025-06-27,25,80,3324137.152,1666296639.0,0.3125,0.001994925
2025-06-30,25,72,132365921.4,570658793.5,0.347222222,0.231952829
2025-07-01,38,80,26109879.01,1147499919.0,0.475,0.022753709
2025-07-02,49,197,10990027.33,525007215.5,0.248730964,0.020933098
2025-07-03,21,198,9874863.096,319120763.8,0.106060606,0.030943969
2025-07-07,25,97,3895082.561,199675125.3,0.257731959,0.0195071
2025-07-08,11,85,696139.4015,781691571.2,0.129411765,0.000890555
2025-07-09,14,92,13290689.55,217415971.1,0.152173913,0.061130236
2025-07-10,7,74,139944.0808,287359718.1,0.094594595,0.000487
2025-07-11,9,76,301042.1186,260394499.0,0.118421053,0.0011561
2025-07-14,32,59,35144240.77,202993488.5,0.542372881,0.173129892
2025-07-15,24,72,8172485.1,1721301513.0,0.333333333,0.004747852
2025-07-16,12,86,2914460.392,142368600.0,0.139534884,0.02047123
2025-07-17,24,101,58306095.68,517187193.7,0.237623762,0.112736928
2025-07-18,14,74,2757103.901,177893273.0,0.189189189,0.015498641
2025-07-21,15,53,8482150.687,110938626.6,0.283018868,0.076458047
2025-07-22,12,84,563065.7498,128797075.8,0.142857143,0.004371728
2025-07-23,8,87,7584805.0,1658830489.0,0.091954023,0.004572381
2025-07-24,30,73,32134014.68,213598948.5,0.410958904,0.150440884
2025-07-25,19,69,9074567.05,1130869615.0,0.275362319,0.008024415
2025-07-28,23,58,8491733.415,176479708.8,0.396551724,0.048117336
2025-07-29,37,94,24971751.37,531293963.9,0.393617021,0.04700176
2025-07-30,29,90,177474947.6,355284703.5,0.322222222,0.499528817
2025-07-31,28,88,9930565.14,315802774.6,0.318181818,0.031445465
2025-08-01,45,86,15210043.9,142493973.6,0.523255814,0.106741664
2025-08-04,42,121,35739621.36,454106444.6,0.347107438,0.07870318
2025-08-05,57,213,51294761.52,1094745285.0,0.267605634,0.04685543
2025-08-06,38,175,6133560.053,326676904.3,0.217142857,0.018775616
2025-08-07,60,102,14947593.86,427696831.7,0.588235294,0.03494904
2025-08-08,45,139,19019180.67,1672359935.0,0.323741007,0.01137266
2025-08-11,107,133,37335210.97,435066992.8,0.804511278,0.085814855
2025-08-12,74,161,73818852.17,329291647.7,0.459627329,0.224174687
2025-08-13,76,163,107221923.1,478457552.5,0.466257669,0.224099134
2025-08-14,67,198,326258284.8,598352323.4,0.338383838,0.545261165
2025-08-15,55,187,80968582.69,457770193.2,0.294117647,0.176876048
2025-08-18,54,175,54781206.75,885161720.7,0.308571429,0.061888359
2025-08-19,64,217,93204761.27,330219966.7,0.294930876,0.282250532
2025-08-20,62,244,75097803.82,570429807.7,0.254098361,0.131651262
2025-08-21,62,167,52285632.88,224429775.1,0.371257485,0.232971017
2025-08-22,37,207,307763000000000.0,815939234.2,0.178743961,377189.1731
2025-08-25,66,171,9353896.9,438800410.0,0.385964912,0.021316974
2025-08-26,49,195,13576275.74,407197125.6,0.251282051,0.033340795
2025-08-27,42,140,6485579.177,134239680.9,0.3,0.048313428
2025-08-28,51,162,7759671.4,491792979.7,0.314814815,0.015778329
2025-08-29,31,146,4878575.453,671766180.7,0.212328767,0.007262312
2025-09-02,42,149,16674140.06,262369344.0,0.281879195,0.063552166
2025-09-03,45,202,6255842.797,290673093.2,0.222772277,0.021521919
2025-09-04,30,271,3180022.261,774023296.1,0.110701107,0.004108432
2025-09-05,37,154,3180661.13,336732930.7,0.24025974,0.009445649
2025-09-08,39,143,49225761.06,349368199.8,0.272727273,0.140899375
2025-09-09,40,155,45245641.79,1025679496.0,0.258064516,0.044112846
2025-09-10,27,149,7399944.57,335895969.0,0.181208054,0.022030466
2025-09-11,35,157,19265026.2,468493723.5,0.222929936,0.041121204
2025-09-12,36,172,5275533.829,778105354.2,0.209302326,0.006779974
2025-09-15,46,146,1095922139.0,919324302.4,0.315068493,1.192095256
2025-09-16,37,184,22493669.32,1337871007.0,0.201086957,0.016813033
2025-09-17,39,206,21497123.93,702887326.9,0.189320388,0.030584026
2025-09-18,43,138,12682144.21,405421327.3,0.311594203,0.031281394
2025-09-19,27,119,4820084.534,783854408.1,0.226890756,0.006149209
2025-09-22,24,102,47260297.95,368757159.3,0.235294118,0.128161032
2025-09-23,20,75,2620392.23,783235205.7,0.266666667,0.003345601
2025-09-24,18,137,3751791.293,36304083713.0,0.131386861,0.000103344
2025-09-25,23,60,4049775.27,253437775.8,0.383333333,0.015979367
2025-09-26,13,73,7494635.305,677725861.9,0.178082192,0.011058506
2025-09-29,19,57,4799241.82,116635245.2,0.333333333,0.041147441
2025-09-30,37,61,97887476.61,89761569.46,0.606557377,1.090527686
2025-10-01,48,109,4778539.241,423654920.5,0.440366972,0.01127932
2025-10-02,26,144,2922970.126,482386240.2,0.180555556,0.006059398
2025-10-03,21,206,1916666.139,640833787.5,0.101941748,0.002990894
2025-10-06,30,117,252831826.8,302375503.5,0.256410256,0.836151818
2025-10-07,13,84,28080374.55,331231327.3,0.154761905,0.084775721
2025-10-08,6,114,281810.816,922990187.7,0.052631579,0.000305324
2025-10-09,27,48,16818204.37,176297188.2,0.5625,0.095396895
2025-10-10,3,76,12727.24,1632806944.0,0.039473684,7.79e-06
2025-10-14,41,84,18930314.61,727701882.7,0.488095238,0.026013832
2025-10-15,10,88,924784.79,194428264.6,0.113636364,0.004756432
2025-10-16,23,86,2765226.928,143362585.5,0.26744186,0.019288344
2025-10-17,21,108,555994.7224,674433363.0,0.194444444,0.000824388
2025-10-20,17,58,3743711.825,134438555.3,0.293103448,0.02784701
2025-10-21,16,56,3579895.189,90650105.61,0.285714286,0.039491352
2025-10-22,17,67,5113351.081,119762367.2,0.253731343,0.042695808
2025-10-23,15,41,11478857.69,342669069.7,0.365853659,0.033498377
2025-10-24,13,50,700088.951,98141737.53,0.26,0.007133448
2025-10-27,21,48,16050650.09,217135196.5,0.4375,0.073920075
2025-10-28,28,82,37708153.67,375167001.0,0.341463415,0.100510316
2025-10-29,29,76,8757367.646,228416908.3,0.381578947,0.038339402
2025-10-30,25,61,11430468.38,138024302.8,0.409836066,0.082814897
2025-10-31,22,84,9911389.681,687918685.9,0.261904762,0.014407792
2025-11-03,55,87,31232629.45,228479644.5,0.632183908,0.136697645
2025-11-04,47,145,9031498.499,464688704.7,0.324137931,0.019435589
2025-11-05,49,198,41104816.09,324061350.2,0.247474747,0.126842698
2025-11-06,49,104,10783865.54,176773901.5,0.471153846,0.06100372
2025-11-07,40,127,103829772.6,790340404.3,0.31496063,0.131373484
2025-11-10,91,138,39817353.15,571773769.4,0.65942029,0.0696383
2025-11-12,109,291,89999941.57,2049241026.0,0.374570447,0.043918671
2025-11-13,65,212,18812935.07,894521450.4,0.306603774,0.021031284
2025-11-14,55,154,10112806.09,601571070.6,0.357142857,0.016810659
2025-11-17,69,104,61102295.93,279597608.7,0.663461538,0.218536547
2025-11-18,79,184,15107750.81,281047792.2,0.429347826,0.053755095
2025-11-19,89,221,25686312.89,591790506.2,0.402714932,0.043404402
2025-11-20,80,149,68964600.88,427716305.2,0.536912752,0.161239121
2025-11-21,70,166,16550243.85,1209698959.0,0.421686747,0.013681291
2025-11-24,83,157,10861448.88,655807286.4,0.52866242,0.016561952
2025-11-25,107,214,56923859.45,230727166.4,0.5,0.246715029
2025-11-26,53,225,17340894.18,859081728.7,0.235555556,0.020185384
2025-11-28,28,66,101878804.9,114294604.5,0.424242424,0.891370204
2025-12-01,68,143,9506992.415,265140397.8,0.475524476,0.035856446
2025-12-02,43,182,12343288.3,387733807.9,0.236263736,0.031834439
2025-12-03,63,281,34572342.94,520450695.6,0.224199288,0.066427701
2025-12-04,42,166,13010467.33,218193730.9,0.253012048,0.059628053
2025-12-05,57,194,32061072.44,1191829095.0,0.293814433,0.02690073
2025-12-08,62,147,57098284.98,238159594.2,0.421768707,0.239747994
2025-12-09,42,155,15800040.53,519201256.9,0.270967742,0.030431437
2025-12-10,52,207,14751450.45,488330896.1,0.251207729,0.030207899
2025-12-11,50,147,195887497.9,445289190.8,0.340136054,0.439910741
2025-12-12,45,231,371378818.6,532924099.5,0.194805195,0.696870003
2025-12-15,62,178,153319144.2,337840679.3,0.348314607,0.45382085
2025-12-16,61,198,17000911.75,551621633.0,0.308080808,0.030819879
2025-12-17,49,238,24981700.98,365053298.3,0.205882353,0.068433024
2025-12-18,42,143,8125845.904,356702922.7,0.293706294,0.02278043
2025-12-19,33,136,77794002.17,179146032.8,0.242647059,0.434249092
2025-12-22,43,93,156491279.2,258437847.4,0.462365591,0.605527715
2025-12-23,42,180,6896670.281,473334712.0,0.233333333,0.014570388
2025-12-29,44,143,29401938.36,211465690.9,0.307692308,0.139038812
2025-12-30,34,83,13277102.74,171682730.7,0.409638554,0.077335109
2025-12-31,20,61,60273508.91,168364586.3,0.327868852,0.357993983
2026-01-02,41,72,32111602.31,72302497.32,0.569444444,0.444128536
2026-01-05,37,169,4810156.02,234353479.8,0.218934911,0.020525217
2026-01-06,31,275,18186658.63,542502918.8,0.112727273,0.033523614
2026-01-07,31,175,5017506.612,403448908.3,0.177142857,0.012436535
2026-01-08,13,140,648894.8356,219257221.1,0.092857143,0.002959514
2026-01-09,18,112,4444255.259,292708317.9,0.160714286,0.015183222
2026-01-12,34,84,65634173.42,112215306.7,0.404761905,0.584895014
2026-01-13,19,85,13826734.45,184403272.2,0.223529412,0.07498096
2026-01-14,18,84,5106177.451,98874976.25,0.214285714,0.051642768
2026-01-15,20,90,8743334.918,295320080.4,0.222222222,0.0296063
2026-01-16,24,123,473170.8475,170145035.8,0.195121951,0.002780985
2026-01-20,31,109,5070845.836,145017900.5,0.28440367,0.034967034
2026-01-21,21,80,1533188.375,162965686.7,0.2625,0.009408044
2026-01-22,9,112,27344061.8,515227185.9,0.080357143,0.053071854
2026-01-23,22,99,10680961.21,188666495.4,0.222222222,0.05661292
2026-01-26,11,55,3106979.475,145649972.3,0.2,0.021331823
2026-01-27,35,60,10146052.83,122616872.3,0.583333333,0.082745976
2026-01-28,23,66,11429386.11,159301645.5,0.348484848,0.071746818
2026-01-29,21,71,21263691.68,54897200.74,0.295774648,0.387336538
2026-01-30,27,59,398032946.9,235843268.3,0.457627119,1.687701115
2026-02-02,43,110,107605007.3,122849888.8,0.390909091,0.875906428
2026-02-03,30,169,3955409.589,472371366.4,0.177514793,0.008373517
2026-02-04,31,241,19815986.66,836782703.1,0.128630705,0.023681162
2026-02-05,33,135,41879404.77,336242676.5,0.244444444,0.124551128
2026-02-06,35,154,30404441.71,596359807.1,0.227272727,0.050983385
2026-02-09,47,97,33952742.42,135489338.0,0.484536082,0.250593463
2026-02-10,31,153,14242727.0,585386831.9,0.202614379,0.024330453
2026-02-11,28,172,87739677.04,1039417917.0,0.162790698,0.084412319
2026-02-12,31,141,14803881.88,344754065.9,0.219858156,0.042940413
2026-02-13,56,170,9453014.899,683848732.1,0.329411765,0.013823254
2026-02-17,44,207,13788946.73,1938405968.0,0.212560386,0.007113549
2026-02-18,50,263,42230175.46,501548628.4,0.190114068,0.084199563
2026-02-19,32,273,11463295.94,472519930.5,0.117216117,0.02425992
2026-02-20,35,198,8585165.287,303447945.9,0.176767677,0.028292053
2026-02-23,39,190,12231666.65,352056063.2,0.205263158,0.034743519
2026-02-24,47,238,61809565.35,560548762.4,0.197478992,0.11026617
2026-02-25,37,188,9338772.2,257581725.9,0.196808511,0.03625557
2026-02-26,33,179,33188680.6,306403626.7,0.184357542,0.108316866
2026-02-27,56,190,18804579.02,856467524.8,0.294736842,0.021955974
2026-03-02,63,161,196343022.9,445664815.9,0.391304348,0.44056209
2026-03-03,77,404,47015311.48,496395846.4,0.190594059,0.094713346
2026-03-04,76,358,158379405.8,1508937871.0,0.212290503,0.104960853
2026-03-05,54,242,38455686.25,606979011.2,0.223140496,0.063355875
2026-03-06,44,234,9973812.99,435407285.9,0.188034188,0.022906858
2026-03-09,95,215,37905964.71,282939538.8,0.441860465,0.13397196
2026-03-10,65,216,14544133.62,831403056.2,0.300925926,0.017493481
2026-03-11,74,205,121938152.6,455178256.9,0.36097561,0.267890987
2026-03-12,62,173,29877978.57,236255667.7,0.358381503,0.1264646
2026-03-13,62,170,1221614101.0,366330126.0,0.364705882,3.334735568
2026-03-16,76,176,54563965.11,208634692.4,0.431818182,0.261528725
2026-03-17,64,239,13972367.08,230322538.9,0.267782427,0.06066435
2026-03-18,43,190,4197518.254,433450582.9,0.226315789,0.00968396
2026-03-19,44,196,11177805.88,667896340.0,0.224489796,0.016735839
2026-03-20,27,107,6550602.194,225074124.6,0.252336449,0.029104199
2026-03-23,63,94,4735571.017,175760670.7,0.670212766,0.026943292
2026-03-24,37,142,7358220.198,721608384.3,0.26056338,0.010196972
2026-03-25,28,95,15632807.05,321552240.7,0.294736842,0.048616695
2026-03-26,26,106,5747165.898,190826965.9,0.245283019,0.030117158
2026-03-27,41,89,19790758.54,386030970.7,0.460674157,0.051267282
2026-03-30,42,65,74030891.41,103930524.4,0.646153846,0.712311343
2026-03-31,35,82,23907402.26,335433164.8,0.426829268,0.071273222
2026-04-01,170,205,,,,
2026-04-02,72,339,,,,
2026-04-03,26,419,,,,
2026-04-06,52,220,,,,
2026-04-07,36,136,,,,
2026-04-08,41,266,,,,
2026-04-09,31,166,,,,
2026-04-10,43,256,,,,
2026-04-13,92,147,,,,
2026-04-14,38,167,,,,
2026-04-15,32,200,,,,
2026-04-16,48,317,,,,
2026-04-17,56,362,,,,
2026-04-20,80,200,,,,
2026-04-21,24,225,,,,
2026-04-22,38,218,,,,
2026-04-23,33,105,,,,
2026-04-24,50,142,,,,
2026-04-27,76,137,,,,
2026-04-28,40,150,,,,
2026-04-29,56,235,,,,
2026-04-30,63,188,,,,
2026-05-01,86,206,,,,
2026-05-04,127,321,,,,
2026-05-05,82,477,,,,
2026-05-06,103,404,,,,
2026-05-07,88,322,,,,
2026-05-08,56,362,,,,
2026-05-11,184,369,,,,
2026-05-12,174,378,,,,
2026-05-13,148,398,,,,
2026-05-14,152,318,,,,
2026-05-15,139,429,,,,
2026-05-18,184,358,,,,
2026-05-19,185,488,,,,
2026-05-20,151,436,,,,
2026-05-21,148,398,,,,
2026-05-22,130,456,,,,
2026-05-26,110,425,,,,
2026-05-27,114,455,,,,
2026-05-28,111,396,,,,
2026-05-29,67,363,,,,
2026-06-01,111,372,,,,
2026-06-02,122,499,,,,
2026-06-03,92,795,,,,
2026-06-04,92,403,,,,
2026-06-05,82,417,,,,
2026-06-08,143,392,,,,
2026-06-09,185,296,,,,
2026-06-10,66,411,,,,
2026-06-11,103,413,,,,
2026-06-12,103,482,,,,
2026-06-15,181,426,,,,
2026-06-16,160,486,,,,
2026-06-17,103,574,,,,
2026-06-18,45,310,,,,
2026-06-22,123,264,,,,
2026-06-23,48,247,,,,
2026-06-24,80,286,,,,
2026-06-25,44,171,,,,
2026-06-26,44,261,,,,
2026-06-29,43,250,,,,
2026-06-30,36,239,,,,
2026-07-01,96,312,,,,
2026-07-02,73,515,,,,
2026-07-06,46,467,,,,
2026-07-07,24,244,,,,
2026-07-08,39,337,,,,
2026-07-09,102,163,,,,
2026-07-13,50,133,,,,
2026-07-14,25,128,,,,
2026-07-15,14,144,,,,
2026-07-16,34,212,,,,
2026-07-17,52,250,,,,
2026-07-20,46,142,,,,
2026-07-21,32,122,,,,
2026-07-22,54,90,,,,
2026-07-23,49,80,,,,
2026-07-24,26,99,,,,
2026-07-27,32,124,,,,
2026-07-28,44,134,,,,
2026-07-29,29,232,,,,
2026-07-30,60,198,,,,
2026-07-31,45,214,,,,
2026-08-03,76,222,,,,
2026-08-04,88,408,,,,
2026-08-05,95,584,,,,
2026-08-06,49,369,,,,
2026-08-07,79,378,,,,
2026-08-10,189,304,,,,
2026-08-11,100,449,,,,
2026-08-12,145,529,,,,
2026-08-13,102,338,,,,
2026-08-14,97,381,,,,
2026-08-17,171,379,,,,
2026-08-18,116,570,,,,
2026-08-19,110,520,,,,
2026-08-20,136,423,,,,
2026-08-21,116,375,,,,
2026-08-24,128,412,,,,
2026-08-25,77,360,,,,
2026-08-26,105,364,,,,
2026-08-27,88,280,,,,
2026-08-28,93,243,,,,
2026-08-31,111,241,,,,
